x1_marketing,x2_marketing_copy,x3_marketing_copy,x4_price,x5_service,noise1,noise2,noise3,y
0.3729101912451268,0.30175294745313475,0.27640233397538105,-0.4519509798535085,0.5530767870252449,1.249022696873495,-0.2435280417248615,0.2532045102953498,6.364190970048412
-0.9952248571419112,-1.0764484530591787,-1.0712142766512545,-0.6658777111204364,0.24891359867502955,0.687692185117782,1.3221358940784769,0.8952184022261802,4.805060651801742
0.7144771841422177,0.7297275425146643,0.8167085322501992,0.43400982345010697,1.008668355954839,1.9661274713755903,0.6358433382659322,0.2733212565368742,6.480747541073759
0.865439543589169,0.972260235277901,0.9570792136720434,0.25185441529500513,0.484453439248422,-1.5478328327399113,-1.1904837546883553,2.238831666414424,8.616233649078344
-2.099261630545919,-1.9508855240938385,-1.9616218787810562,-1.4047915476103274,1.2177251874511363,-0.26536010831425455,0.16152465215384673,1.4297874524704182,2.6373451607717984
-1.32935428225895,-1.285169008018901,-1.277243534808832,1.1226782545637386,0.9194236766469855,-0.46252138394282544,1.6481121618238797,-0.3075277647170156,1.7472875369615772
0.2488611537796555,0.16134436527739487,0.022480785800800956,-0.09419457535083331,1.5217004527369589,-1.9736826764086015,-0.18123103454670117,-0.31802743380706927,8.967073830072218
-0.29449837877039986,-0.3349846654884627,-0.3183992718256276,-1.1109310952157205,0.35879608390625434,1.060327204779694,0.44771503009506813,0.4696967194853532,5.8685133091055945
-0.04477977180676327,0.021011250677201512,0.08307455138594935,1.188784114353874,0.9052594014939547,-0.2703965558033584,0.5458788377391453,-0.8380191804256851,2.928899005902588
-0.8297899170985648,-0.8341017974006604,-0.8464266022534465,0.625675571596154,-0.3071270730857854,0.7396312049865622,-1.0366228991646005,1.1662883065324867,1.40411370110763
0.8013500572131064,0.8176573205172546,0.8827936333212953,-1.2645419919479142,-0.6014608115590059,2.3597719343296117,0.5107079492135139,0.3616005218435837,8.768564807486474
0.7629257672940666,0.8499071749882605,0.8051983544110581,1.7771828402577243,1.7067676404189733,-0.3532436918276083,-1.3938351520346257,0.2564589108585328,6.125220574973845
0.07100457121200297,0.04099346037337023,0.11081095972693333,0.6587973683661927,0.21620467632268803,-0.4211529826571552,-0.6256241064013961,0.6869536677708163,5.491964853159754
1.1229361743769803,1.0444864398087736,1.02736787232354,-0.010196115625046132,0.804880565862379,0.11866416972399602,1.075722967494192,1.722829883369059,8.847832729804644
0.5070496483365496,0.41525715677273045,0.38339301816249427,1.5902188056217794,0.12374001441139017,0.9872473529834096,0.356756290308358,0.17095535218750518,3.61761512755863
-0.8420602015714356,-0.9103447209171543,-0.8487778983289309,0.15929778382964058,-0.5865156509199643,-0.5667130253101499,-0.304477807746527,-0.11304037087138435,2.230078144898772
0.40216708498789866,0.3713594500153755,0.33300695598762337,-0.02808307510403198,0.010982892582401323,-0.6309615971321306,0.44646102124518744,1.5087196233225784,7.0882592324309615
-0.9933012149405369,-0.9725751261063108,-0.8932813377180032,-0.660300116021989,1.4359940177677142,1.0571892702413659,-0.060092247755131445,0.9675504159911353,5.3350749463532665
0.9233410717277999,0.8616087029252428,0.8626915818130113,0.5818504393070786,0.555240074279424,0.37863932383803556,0.012578502351833248,-0.3209798403837223,7.150276567135721
0.03152093639494668,-0.018940812712128947,-0.1466524477719088,0.4766029673239799,-1.711473159730459,-2.0447282630048207,0.6568185267201376,0.005186448659020086,-0.16466832757974004
-0.2333698395278312,-0.16786859548562538,-0.2482630593874604,0.014680139889711287,-0.2152444565761547,-1.2253917994691081,-0.7273677406591319,0.19538091593879858,2.8914185241076558
-0.7253143271896694,-0.665127150871727,-0.8184133453854702,-0.789986353867603,1.782293792704712,1.5012358638272103,0.040336405554690695,0.36181294460498287,7.395829641797999
1.2893305554900418,1.2430327615404648,1.2108350618098846,0.12992985416607386,-0.21379686184995605,0.4019282830788125,-0.3122681946066529,-1.356599850939114,8.149554476420809
-0.16409668140355516,-0.12372274866869024,-0.16394868843202132,-0.06979878576213788,-1.8004786917341806,-0.762195931037249,-1.5856033746002556,-1.5424846078015602,2.0215165682785656
-0.3581367525597794,-0.5337254892519794,-0.4495509576522021,-1.333474318734201,1.8930488854225436,-0.17040965723498214,-0.9204557562492998,-0.8873900220024538,10.47136531755694
-0.37426033608283876,-0.3703554631014526,-0.29818959853674265,-1.4718123513241856,0.6823925098127926,0.013236672801670204,1.5682064470638322,-0.9647384430113423,6.6571093500567695
0.6050614643668842,0.423298682328875,0.5922351773791834,0.5651533788097695,-0.0700128588128004,0.7357333602801638,0.38472331458523407,-0.6438240139725026,5.343678045029264
0.37201835520435095,0.3672470607039681,0.35692464319627276,-2.601888315051689,-0.37141773608206863,-1.3582633948587894,-1.3235883014013892,0.6347106420900043,10.951416055004547
0.42564405276212314,0.4125009629847711,0.3059979282221456,0.20541052696125997,1.0823519297917354,-0.8409491386704581,-1.5403543758484106,-0.16892915632473834,6.785479061476936
0.5090569040913779,0.48309761674736673,0.46168508203249564,-0.4780830577538245,-0.5419834002261925,0.27295575486338886,-0.11216390011058394,0.19639460501018827,8.101838841369911
2.123559076998253,2.2010293205065175,2.16941561229589,1.3082466068799101,1.1482564245159883,-0.09983458049545033,1.5611865331764823,-1.2243034100422616,11.385155455622067
-0.4534711211808635,-0.3962762639719972,-0.39094543787676833,-0.49346820915387574,0.542195285724256,0.5718591826367099,-0.18675813480435263,-0.46164220292094515,5.7299493104403005
-0.5346709394729551,-0.5372607829413824,-0.46316874160613153,0.659484214251896,0.24468192548734993,-1.2295073973595978,1.306999553404016,0.5872576617448404,4.238273420636954
-0.7911560307157208,-0.7895146726205908,-0.8720141330709297,-0.3969138412377916,0.14551480533559535,0.3571286762713211,0.3519307708186574,0.5949524581768018,2.139736518721671
0.5376914689664699,0.58958354070928,0.7164171918847526,0.11374815348614345,-0.17496803671417813,1.0915836193774722,0.47125045784589364,-0.7245738281879079,6.115399763750173
1.1608458378534476,1.1289026601487242,1.0810009050637983,0.7368365309200512,1.0456401202092658,0.4868185471492834,-1.3357205093045694,0.1616623863795536,8.9436616009682
-0.14088602353576224,-0.06464064180683668,-0.07648631129483234,-0.46255571632458015,-0.8653428321018342,0.13911173976159188,0.9375229217497576,2.198847853482332,3.2898840670952008
-0.7827658439258499,-0.8680450442619992,-0.9245238616831957,0.996554884498404,-1.6219251268302093,-0.09588360256597088,-0.3349320372736072,-0.017597929255638137,-1.473580449201943
-0.9441942309362632,-0.7841972837291145,-0.8709944500547421,-0.9936978771064832,0.6144401228924746,-0.8348511527715018,0.8630924536109083,-0.6931869461424454,3.969890751955011
0.6112644990694927,0.6844628562593162,0.7264112201609679,0.2945928425583791,0.6312383280671477,-0.07199859243978847,-0.814169981986113,-0.17376238936216024,7.882022622466694
0.6589307636417372,0.6955145803469012,0.7302091800533997,0.9226397227878528,0.4802411525117667,1.259705852880406,0.1770493475099125,0.09217710752683304,6.909709342246063
0.5018427949869974,0.591848974716065,0.5851503985618349,0.6600374917903349,0.4077283696180388,-0.11902850660012523,0.3520029539376315,-0.1511683806905494,6.069379356935708
-0.6531264122332472,-0.630581390020119,-0.653661937852732,1.9164448767354103,-0.32054037833754784,-0.8898039893484101,-0.15403331657586652,-0.03135470067650179,-3.1258773727418303
0.22319999179423203,0.23725761743535265,0.22691341526671113,-0.7634393173106605,0.7874827043855253,-0.4922470887653863,0.4045451930861567,-1.4434467969368396,7.41090914541627
0.10401693069332747,0.07856963623934561,0.1848783253873627,-1.379149251348588,-0.04555812675454088,0.20085029727593015,-0.26639707519250877,-0.9626304750859512,8.566722107858507
0.2107293531600099,0.17572829580023444,0.20685565549641793,-0.9943351084951194,-0.4871135608151781,-0.37351399718084694,-0.6490597530412794,-0.14933523707149754,6.911386578759868
0.881598189979187,0.8445456491030388,0.7823918725700163,0.660442566548437,-0.3118913122553999,0.4853032830631407,1.6054833827939645,-0.1652679700224367,3.1620698507650986
0.17316874667752688,0.2507252719392803,0.183433544177097,0.4979229342693786,2.020639698775832,0.5228437607490304,1.0489528663614422,-0.5661892748600006,8.79745030352581
0.7142560451168474,0.631132304701825,0.7064731495069796,0.10225665964741577,-1.7349760820454327,0.8889831804046482,-0.7608647450481768,-0.17701358607643694,4.472447199241393
0.10071236800816566,0.08945468191988495,0.08735452480701687,-1.12295704910713,0.49978810429579884,1.4235594722650329,0.5684443055946129,0.06101485541420536,7.4786586946824105
0.3083712955727892,0.22703162224606452,0.21076648617821225,0.7668672933290608,-1.6791104276237172,0.9958587243723608,-0.742678854701153,0.8894134565245253,2.867669256191334
0.6591148979761036,0.621084796616598,0.5950710998681303,-1.2247047776505404,-0.10823333832297323,-0.9342390641479599,-1.1846846436623242,-0.09921173522605088,8.586864228838033
-1.4423349198152335,-1.451673432126966,-1.4862418873157788,1.1589495823768998,-0.4336274851541877,-0.9035344465762722,1.0338094413989762,0.3991032052982532,-2.9837972695349966
-0.21791755122074796,-0.1974147091043555,-0.3379446960630126,2.857438423139865,-2.085028296679878,-0.07577147645982442,-1.7040996256474057,-0.541600301433921,-4.1378192939477545
-0.474727362845421,-0.5392384370688139,-0.5391683337228731,0.3664511465715505,0.389037590433763,-0.4511753572394145,0.9268559135765412,0.5720957235984819,5.207510463213575
-0.6542320091600707,-0.5652771199188352,-0.6702964036493159,0.5831081356577431,-0.3800380621921959,-1.1383267269609427,-0.2527223125730585,0.3757302976123567,2.924617785888894
-0.31281863024455264,-0.26765013052731973,-0.3115727754896601,-0.4928597688955594,-2.099206342561244,-0.44169179417299426,-0.21154660308052864,0.8658170031798195,2.258165632119702
1.443328177705504,1.515499907135194,1.5335179742224918,-1.8102133210868163,0.8395680907742521,-0.474512933619039,0.4097512196232897,0.7134604624444878,14.672148970301844
-0.928054705073297,-0.859913720023833,-0.825375050143731,-0.6027193630302223,1.435006177988935,-0.6718477397612058,0.5811988119942524,0.5887356228811461,6.3652828099087815
0.9238384889299349,0.9905146955012425,0.96098783168704,-1.0928952410987494,1.490124342296572,-0.3157894861550056,-0.8263431768289082,-0.09841740865778026,10.935508787062814
-1.6864037906984084,-1.6905540268339057,-1.7024717614093414,-1.4470045764150157,0.35895644065147114,1.178450850318331,0.7177256087500634,0.24493922704446816,4.017380778863996
-0.3181702735608891,-0.26218252091290195,-0.32788881438381917,1.7223599419956492,0.04605813857711549,0.19923804124923924,0.1133705380252234,1.0635089284515264,-0.06421696495182094
0.16531016803261367,0.13992950789376946,0.12192430973222684,0.272862518025773,1.328156620895797,2.4718090760554694,-1.2560547928680381,-0.6520745694027944,7.260918466186571
0.5479455674877924,0.6428340599682405,0.5288807272509061,0.37968758061398367,1.6823835853400984,0.17050818601964934,-0.1698744835797392,-0.6284077786968656,8.18056929163822
0.7562358079938531,0.6790082237822038,0.6642155193465691,-0.30902236519624954,1.133568702875625,-0.29006577393725175,1.3812790155589258,0.18143139795036198,10.08831353580171
0.8303178688149726,0.7903346428798609,0.7616065770013524,-0.17287108244343635,-0.9415376022298011,0.004132882654866092,1.6765947982456966,0.41527969026545347,6.542492832993549
-0.3567074876195384,-0.4023231998629485,-0.4068987622380511,0.9645506822393334,0.2013448532149219,0.25649197844354,0.7173484576086773,-0.8241064992640045,-0.770236818336199
-0.4949975998978028,-0.43960060664719114,-0.4542488147114234,-0.03233711869521544,0.4395161442914286,0.43525395717106363,-1.19034348816837,-0.07476256341330836,4.417847365839346
0.8853972772986438,0.9302321791034805,0.8944616649463393,0.5306939380247327,-1.8096169689172292,2.0767113258590237,0.4906069024558882,-0.09399877422878479,4.522531454769885
-0.18190564550730967,-0.19517213387265758,-0.27065923992152696,-0.19600429784501586,0.4693606596207741,-0.8453204649775686,0.8508609038591928,-2.2152801156034707,5.996260996937718
-1.3480926863086742,-1.2855306082731173,-1.2744298877771203,-0.3421528907320472,2.272991825979389,0.8590460581777356,0.7257079833187221,-0.21959398925875973,4.946929515298576
-1.136686226802701,-1.1890180621568769,-1.1442840037667974,-1.406914165601862,0.6399361658007914,0.20775059761412384,0.7849542886879182,-0.1573178328484663,7.005835591427214
-0.9063504953978923,-0.9309169186792268,-0.9023768517247712,-1.977749062367128,1.4734130814417563,-1.5710977425706176,0.3632630792475308,-0.16029294282301915,8.757939389824875
0.45217600472937636,0.4175210310676877,0.49651380564858466,-0.2615619010664018,0.18291473012870507,0.7706987820947633,-0.0724123388305437,1.4159142745772682,7.591697211707096
0.1519179057124374,0.09678183673462387,0.0697457720739837,0.05649669199323269,-0.07321832398382148,1.2676235608039048,-0.6083674959040184,-1.2157982985088753,6.2774247412256825
0.6177442298048788,0.701824656373225,0.62736588912491,-1.286130036708791,0.3812713900809755,-0.8571764037774298,-1.8979355185014963,-0.8246225712046127,10.359992847650279
-0.3604433413359257,-0.36130198644946443,-0.42578146755728563,-0.03447486503463288,-0.8158266479844326,-0.008933867891970693,0.33964176671335083,-2.612195798319334,1.8658619806706367
0.2209371903296858,0.2990002341381894,0.2099787370639897,0.053752562990502024,-0.9637751872343886,-1.7253542620077036,0.18605284365218855,-0.4809166661741407,1.671306250376848
0.6129645272521885,0.5962611397137917,0.5148810254151865,-2.156008006059379,1.2663045571693656,-1.2588064596843365,0.5575758428248162,-0.39564355412600094,12.57324552761129
-0.29117382282828475,-0.23758153188796638,-0.2920602107301594,-0.9151246594795012,1.3723423428665182,1.0480295776172526,-1.3375436932928941,-0.5099771763342562,8.77618689065504
0.3362791392674177,0.46896286157749384,0.5162563378217936,0.4072638937354685,-0.9911063155873504,-0.4664165060074345,0.6450166893150603,1.10767733948376,3.3545538255324843
-0.7197433240799179,-0.66948832340397,-0.669577234876962,0.3870587293957439,0.9679988045538644,-1.1088029749380393,2.054545094620777,0.8606175223369632,4.3198291480812845
-0.3777427925726783,-0.34142412397876415,-0.33554372176374975,-1.1536749163997606,-0.08695997560602091,0.22946036445842968,0.07845013077791134,0.07785672426730414,6.192409667592728
-0.435344545069672,-0.37864206981433113,-0.4168913480432192,0.15844805049973495,0.33980857449043056,-0.5224124314310232,-0.06166531920654083,-0.37061305353986224,5.174849195789344
-1.1601198214575068,-1.1903198593084288,-1.2018079555528836,1.0224072253604721,0.4602186394350634,-0.4708216577755361,0.309002356085701,1.0261896681068639,-0.13006266306153064
0.5868373073229816,0.46655582264424833,0.40592680487017424,0.7770729589908982,0.9943504681243184,0.7393260256749032,2.032337024710338,-0.01975785983585163,7.165506532741315
-0.5282330761741889,-0.5393078231926665,-0.5866195056236676,-0.09528578701393456,0.08271820186318887,-1.1617333589343466,-1.023647761699891,-0.8182700389184578,4.2358347128354445
-0.02937905147657221,-0.06468714139841666,0.059632408788951194,-0.4679763133242924,1.410161995301936,-0.9053652126818322,0.20320693339390494,-1.7162486774845516,9.464660337802965
0.4925190773214055,0.5134089030699703,0.43149691251968686,-0.6293444843345044,0.30941283975992473,0.15407999214886864,-0.7996574222976441,-0.44131449389568267,6.493728153938834
0.5270869834549251,0.4326961715256584,0.42375478377977255,0.4678197829096571,0.6241842724695326,0.9694097907482053,-0.547004720844995,0.7546436171726086,6.123489518696603
0.6042663933457911,0.6355806639899779,0.5960629963092766,0.19510397314288802,-0.8332625915372465,1.2381603014898497,-0.04959030788193934,2.2765386895430897,6.021213451834232
-0.08603367839407651,-0.09806020317326593,-0.1689839696636174,0.6294040061022004,2.158659010704834,-0.665061720361623,1.3473232416135588,0.06161034618947592,8.266975948449268
-0.3322333695034983,-0.38355169939837236,-0.4319901970488846,0.13187381312115198,0.4698249232049664,0.9373769669196479,1.8009906006887368,-0.7653555151203043,4.684361162696731
-0.16230616831536243,-0.07070001375507914,-0.11619707061318138,0.8187639503474419,0.7129974253450992,-0.7841422934704089,0.4481421446267063,-1.184965208284214,3.6523455679551917
-1.7513878943003214,-1.7201371807900783,-1.668435884058295,0.09459253295770016,-1.6081858112115415,1.8262093469068,-0.3765947230234853,0.5519548963055988,-2.0985090969592326
-1.4682928027461293,-1.3857978246406397,-1.4244855514741077,0.7846887161316864,-0.822702023079101,-1.1337710254197284,2.4927388666385184,-1.7646160523842684,-1.3396061998887294
-1.3487290329971728,-1.2437403372053208,-1.306657130038172,0.8708227703666389,1.2378836879187305,1.328478810791731,-0.4275544813295202,0.5503451014048882,0.7093312134859919
-0.9566167632137995,-0.9725189948353391,-0.9853167880550596,-0.8045266302248135,0.2868911182926047,-0.6564861068187239,-0.5711359143597373,0.8177116062629123,4.499846960424682
0.4118572127144785,0.4484574022906411,0.4786626369700309,-1.808144046870746,-1.913779734828926,2.0132464547946003,-1.7749430445787269,0.43627945323286405,8.161717392053507
-0.9942271583421672,-0.8433810555193703,-0.9588587438123051,1.5434928560145533,1.038289928983819,0.5913207288524843,1.3960915692447435,-0.21966167193855743,2.3782266996945722
-0.35239203389434914,-0.321657588219164,-0.3809092973495356,0.2566587307122617,-0.5437828043527234,-1.016016529408222,0.968245592371294,0.5649406535468146,3.356437189598636
1.2703513534182829,1.3299332566416966,1.355862788812045,-1.7144858954961215,1.411316985876712,-0.5222384795425068,2.417805536116446,0.17093837112829996,14.401140226727753
-0.292541610214364,-0.3263466187076818,-0.2930369805945241,-0.7138194972187111,-0.08783567860369966,0.7811812052237417,-1.3895233522181258,-0.7781238418605918,5.364185469850873
0.7061361916452406,0.7634985971344117,0.666427385999858,0.7718742923698284,0.20470668602052994,1.0526444176155614,1.4581708074791095,1.8504123223750257,6.439116576420482
-0.9654484441649888,-0.9884845637372291,-0.9492354520926705,-0.279676831132893,1.1789545785916484,-0.07071559172446261,0.07013551836612739,-0.3516793796105163,4.315767355178842
-0.17838097732740343,-0.17040140002465073,-0.13753150307426698,-0.5120614193191271,-0.8974929708546623,0.044658280963466405,0.8061002168001363,0.7757523004499094,4.332380949396439
-0.9118757307937344,-1.017812753466909,-0.9246180996506279,1.4008818603129667,-0.9928468078339396,0.7583530326440655,-1.647777141104471,-2.4186142826957147,-3.084537389288921
-0.31662810770375227,-0.3787630486568152,-0.3292699243265738,-1.0472871463838105,-0.19649842039810733,0.13179842701081995,1.4680818226652972,1.276470882780929,7.1469995355503615
0.7560282715881551,0.9054863908477999,0.8294239027856627,-0.7981533577548339,0.8271727996212221,-1.2935048593383758,0.7865167513318304,1.4687637446545818,8.964966002557288
-1.7004187011959362,-1.6853094150576389,-1.746510469477736,0.21138647504826755,-1.3308772526134907,-0.8129740246401806,-0.038910034786217525,0.029833787126638218,-2.9524566930575924
0.3827082409621374,0.5087935580301505,0.4488345967003735,0.39045493205388226,-1.6680345998890966,0.23511994315166507,0.6451126876611214,0.5587710347377585,2.962756219796817
0.24949940791169106,0.2241518831479133,0.2251168960830537,0.4963430343407315,0.8237209270437923,1.2154824164976936,-0.7654953010422492,0.5585151816075627,7.9823804255079365
-0.6653366774667474,-0.6517623977606328,-0.5962788867490166,0.9112380445689469,-0.6029783125670037,1.6159824241620477,-0.5794400855816993,-0.6427835696407243,-0.14563657524096885
-1.4237417470113014,-1.4580797142419717,-1.4421279190827028,0.19857862068151685,-0.3922260129202831,0.7795294207714503,-0.46344461362539624,0.5471223054393403,-0.922737315737759
0.03179956249850088,0.07723107257589823,0.038225931289194555,0.48938393893840915,-1.8568104019401659,0.28729076103636375,-1.852727861690278,-0.8086304698725554,0.7805982893746413
-0.5936244415768285,-0.525543273246802,-0.5028862403697305,-0.2592092593150832,-0.6789793143519821,0.748813885982477,0.8617584942033671,-0.6087569236453261,4.377973389983021
0.2683672181788239,0.28936023529253907,0.378388443775475,0.06269830323671424,-0.007567296631150636,-0.6667508502068556,1.1915936141825663,1.1269431432122987,2.856007109610296
0.033934371607280446,0.0037886242732706014,-0.06699718644286089,0.10753418005363442,0.9303778576228922,-0.15323096025821417,-0.7013441497638416,0.9746576907002027,5.279563529000324
1.5710800512512706,1.6193806149110617,1.6179795175304144,0.21509813581903608,-0.7712301662346388,-0.8241307213394766,0.3482030159448188,-0.7063755021157926,10.857487341923333
-0.16679668502197106,-0.2887869849447546,-0.27736513190396955,0.7725398075827608,1.6573761202324966,-1.2487426107077115,-0.2655404746292363,-0.7335763435010406,6.0314765836089475
-1.045530113700352,-1.0009816287196742,-0.9946273637459024,0.555145681944831,-0.6845560241798007,0.33354901163620493,0.3282739620810305,-0.6455966024576721,-1.3797006905996394
0.1808810186548629,0.17943106246559798,0.1816035086227092,0.0442170029001831,-0.6830918015851747,0.1855133065847436,-0.6275772412110292,0.7326395664654908,4.387653365611689
0.2334423563556952,0.1825060170575393,0.25808942267388835,-0.8091259849410398,1.5373575518978022,0.6876524845090128,-0.8834251560876358,-0.9999847808103971,9.692069932863731
1.3282042785340058,1.347396107131694,1.4179629040658754,0.06767125806270954,0.21146015236391716,0.5461118308924472,1.0520748860237426,0.3567126390359526,10.01258579392808
0.858668060584575,0.8259024585888174,0.8447323018029876,-0.028017784895743934,-0.5520247290115766,0.24264427132386202,-0.06387058512449259,0.7468468106342946,8.643504660850413
0.3301984417912731,0.3433633026826545,0.41347367357021825,0.19318157981319836,-0.15513313118059344,0.5566166656775543,2.0221089508534758,-0.08824545029310012,5.760084150255748
1.4427209751087513,1.551869953332946,1.346087996530128,2.206525307140402,1.3530735775420593,-0.04268309622747663,0.046309964794139964,1.0100636968649277,6.4049343743455776
-1.1206309223326838,-1.1936853544382449,-1.1092404394270496,-0.5237727785412354,1.4662028196256818,0.4128913952224006,-0.9260780403504922,-0.30431016948979245,5.672041461621146
-0.6917808353753694,-0.6519463382586146,-0.6209984251551307,0.42228901912535954,-0.816793179270256,-0.7261444026863596,1.2269408764359389,-0.2138556009939144,0.15663698985492758
-1.0472149579519994,-1.031448489286032,-0.8726837736182658,1.0684620672442982,-0.042433810079108215,0.3697059256391301,0.6308001641460198,-0.9772462311318565,-1.375557219452286
-0.30926295340517324,-0.4345201707547418,-0.45080359039784407,0.09800191409938289,0.09015682766757308,0.6684176852860094,0.7268728636964236,1.0171773476202053,2.2515336811306295
-1.2492197499259587,-1.3898398187791265,-1.4182246416365756,2.337845119172165,-0.9862401105165975,-0.6696814280722031,1.1906006788679186,-0.7665204469788703,-6.467838048397504
0.6148874835419377,0.6008583130055721,0.642447861521643,-0.3780392917314767,-0.05568505264999431,0.05183209899284673,-0.6527962938457945,0.3497718177150592,6.620768298989503
-0.31906459912978263,-0.1531373174298835,-0.22307459156564652,0.32408922232004705,0.005322860451700487,-0.6236025096293596,-0.12725330898528756,-0.07131606712593476,2.224822280947238
-1.486330493312455,-1.4790531832724687,-1.4566528651021584,-0.798805744892982,1.1402094789367356,-0.5265066965161149,-0.17144983148779322,-1.0527830631116626,4.162170755628419
-1.029890228699575,-0.951156868741629,-0.9613533231610433,-0.35152473514329313,1.207425028311201,-1.1249293551021546,-1.2907465369156184,-0.6091031438233208,3.225114500830627
0.30401765539908243,0.3165990791527137,0.22525283168505283,0.2489339103966579,-0.32920939835900803,1.2657749251665555,-0.2635901501582435,1.382872239040734,1.7767047458406764
0.7824571657982887,0.8399879597154599,0.8868175214802466,0.8463040623077297,-0.21395314386081168,1.0656851747200478,1.3363794578768242,0.20165754263448052,4.289921882398723
2.0257089488156104,1.9922910693061615,1.997144987189683,0.3190948340235742,0.6642923020556356,0.5374338542273371,0.237338103793847,-1.009150341366842,10.963515983761715
2.9400878347716337,2.9140522785884024,2.9036733729511024,1.259114849334736,-0.5851884489270115,1.972195951943814,-1.3460613278449878,0.30532828734869183,9.818801644382948
0.33968915228503105,0.5003491834284893,0.34085367155675184,-0.09496531059267174,0.5886401517374027,-0.18924569656839169,-1.555839411664935,-0.1461140315945451,8.611482984955725
-0.9545782834471197,-1.105518656369425,-0.9643856866130209,-0.33216852983900536,-0.08790648736921473,3.0317624151106344,1.6647760587482714,3.4540464022441815,2.0551999189936794
-2.0294120316340147,-2.232123567953243,-2.252751673282861,2.7039851072793866,-0.9693985777386207,-0.22752941536322038,-0.09031901025512999,0.2851238413422724,-7.06938071286955
0.2763094789656888,0.2405529207910301,0.30013116290577146,0.39423764944203077,-0.9568367128796466,0.25519335175601643,-0.6474102057016173,-0.3806248470663645,3.5862154690126733
-0.8298073534137513,-0.8122147012134475,-0.8875463870839756,-0.7194815459785476,1.447058696031102,-0.39777791394020817,-0.2739917648970031,1.4200279177871042,6.077824350089895
-0.4224574209000614,-0.3808520389414847,-0.41268436454881163,-0.6942637622480688,-0.1564214791432986,0.372325560060305,-1.477307754317332,-1.8410361672928455,4.051142754232969
-0.58133396071138,-0.5884424391584343,-0.6180552409262041,-0.9426799145313405,1.640354093898311,0.8356149278862445,1.4230951495116198,0.09432015638109745,7.543106436195241
-0.22732446669174616,-0.16000318206041378,-0.08231397905169108,0.9365693558567879,-0.5136362607149101,-0.11391639305308393,-0.3930529375860296,1.9944284946810726,0.9093373702414039
1.0741997659365088,1.1169324154497318,1.0570474723369492,-0.36437729289324183,0.2912052011314934,1.7767198471176207,1.367401527738422,-0.11619928435975406,9.55818599954782
0.1375253699722041,0.20855833760298118,0.12234163938806134,0.12736247565648562,2.3926767230182415,0.23914928463346072,0.05165171444731515,-1.7333010446480788,8.510616610507316
-0.06624358639088603,-0.14943194547511002,-0.18396497183724847,-0.06350867443826871,-1.0573867446632792,0.2704853861101991,1.4295319745684398,-0.39591796441059773,2.3975785395173608
-1.0443623895160594,-0.9875208742014696,-0.9720096143880784,0.7314924079409346,-1.8978144998997766,-0.9089976945137175,0.2566944990430854,1.4545180409590368,-1.4508993945791169
-1.591288564148381,-1.6610506815327506,-1.6478680962453123,-0.8467440928840201,1.2865901312872332,0.4184990745503845,0.853232662869076,0.37606959632077114,4.276348170275173
-0.5414949439624313,-0.514382060412475,-0.5055894081494889,-1.0755722861430155,-0.8268091053930736,-0.1340272208093656,0.7190930460883368,-0.8388561095125178,3.8383833481668783
-0.02441959247818088,-0.018891708868320256,-0.06560487181654617,0.22429730718159427,-0.020706364106233777,-0.6082397293372869,0.6232910662519707,-0.685242807179024,4.592580109078228
1.7838999267694444,1.7734605697088168,1.6895710590506106,0.600959284699897,-0.5859182104515849,-0.7764744081483639,0.3479344771827106,-0.5597002711498134,8.1870813737292
0.08682215907964672,0.13034151381061018,0.1496982315154629,0.33253231309764075,0.2681627809553161,2.671763379756685,-0.2328507161155849,0.36119788405399617,4.130055085213359
0.9916093167549046,1.0563871896325363,0.8947487256382842,-0.8094537290973276,-0.9505362071857422,-0.2634772501790354,1.9154346915728602,1.3381961329386531,8.23842732670192
-0.438669656697572,-0.6218392049661564,-0.46170577524737927,0.6774848420913938,-0.1799400878833061,-1.4569854207812678,-0.9069369850959007,1.052423012799171,1.4380994590921623
-1.2011333516313547,-1.255827974925003,-1.1785126867924614,-0.7438609270956342,0.4498153265565342,-0.6982214597325725,0.004307642343159692,0.45601218210912847,2.6141109535119065
-1.04971489469086,-1.0244702835510904,-0.8457691722536758,-0.5215386447863833,-1.008308886274262,-0.051567839476213594,0.01488587520759545,-1.3316447600574832,-0.24129805417773142
-0.7261042058596255,-0.7433890969141935,-0.7802328422219685,-0.9439535247220022,-0.7000840296458889,0.546667032616485,0.4024407533435215,-1.3279325139934413,3.3008610338576636
2.083348577695539,2.115739323946863,2.1233366278831327,1.3011583486520308,-0.3473828335985318,0.5547965217253135,-0.4294726458945011,0.5332520212137634,8.693625444968482
-0.8385037261575803,-0.8967529616130385,-0.731472294178233,0.6334215410273492,-1.4288154342262782,0.6766145517765254,0.31474630558958777,-1.3454710979328943,-1.620236765245716
0.8344098152520889,0.7892313021208036,0.8980586857509156,0.6049933756788733,-0.4225609827987464,-0.6448603066373296,-0.16884258520296613,-0.22556702106860427,8.18010991235837
-0.9882097888878023,-0.9459692620132049,-0.9377377806660214,1.2472114211424503,0.11879653990290184,0.34044044350154545,-1.5819525174378992,0.304150446186177,0.6048282545587778
0.8507900959082102,1.0544442174780386,0.9427713842929165,2.8126492482387233,-0.39954894158842846,-0.8760594641105784,0.009552286256846456,-1.1375939953626888,2.6320785115250196
0.4090543078821394,0.4750380634932205,0.38505093392661754,-1.7092261039101555,-0.27137649293172456,-0.6196429830140117,-1.1005653330301517,-1.0242623343588635,10.0337934041429
-0.18277383246657444,-0.17722536854232288,-0.14254010428838254,-0.7383765808771081,-0.019901670906585355,-0.9177089745002595,-1.734385762448901,-0.09412106456781866,7.751444132933187
-0.16899974322646238,-0.05894169065077397,-0.0756965479346755,-0.6161750841745238,-0.655743462432314,-1.1883888545982695,0.13687332068938496,0.5036502875240538,3.9547337615486478
-0.6155454935989837,-0.7122478952888052,-0.6592537155644271,-0.8508196223826928,0.6910625658668772,1.0642094888580087,0.48788334201956646,1.0615187704137568,3.3308592271101296
0.45969068924579254,0.35066568082081717,0.36616958271824485,-1.0775832476037126,1.4359781248017758,0.6886117009788877,0.5266980421045764,0.6070534347705518,10.242080141794583
-0.4906772215426042,-0.46082748966120624,-0.4482273077473759,-0.2996530640553656,-0.46438039219544847,0.9766653699781299,0.5671707070196942,0.07365659499219453,3.9889224507372836
-1.2914472743201602,-1.2754983629294494,-1.2031047300961566,-1.216603715289405,0.4851982314777071,0.03931306602429631,-1.9325890209406105,-0.7461947535570493,4.438179926582868
-1.2361471795039025,-1.2821801009027198,-1.2893085449518136,0.3350423675374132,-0.23961715543464693,0.7768076988651466,-1.3610169279074695,-1.0709069958445192,0.5375206042292792
0.19005544885014097,0.0925776252699456,0.09183537319288008,0.051698321428614635,0.3654873450385047,-1.761289404642545,1.9735214368136709,-0.5108770883291476,7.335910723920824
1.6982213705446385,1.540992533494922,1.628517849553008,0.4810286647636553,1.5657795312032543,0.8630875180453551,-1.0472087600770361,0.40993558498056715,11.863333653373985
0.1810010435096851,0.16742296833857978,0.17821786547307836,0.5077284516382525,0.5086595430180988,0.1771198300050302,0.6108410311366891,0.33662370662734287,6.08944846937072
-0.09925316904678182,-0.10032784622068569,-0.15493908099493142,0.6030068534266765,-1.7734145388096807,0.6271096001491656,-0.686937621665846,-2.0999019857251224,-0.10345776406097917
0.27747974309711465,0.30669973753964364,0.2717961172606397,-0.3734089368238823,0.4539956314469589,0.38002329904861315,0.07967273926756446,-0.785677028267503,6.164856860893511
1.3468405350668644,1.239977292498973,1.2309682715677328,2.1211434026336673,1.2328637433090093,-0.9870551545368866,-0.6332542022735941,1.2045075516061559,8.261644337921261
0.250636761426264,0.2621167878706344,0.16811199497496113,0.23443111648209775,-0.2215961699981027,-1.4980397753910466,0.5615411546196448,0.07921504780413943,5.0515553314645105
-0.3483409804054774,-0.4509378156638297,-0.43781779815159416,-1.862484752624795,0.9956348061178324,-0.7120541661829632,0.13677411731669906,-1.417008913102986,8.55016958976377
1.0802225641280245,1.1379316057902542,1.1677097506738965,-1.0023757457662175,-0.690115541151946,0.5649172812729122,-0.4482897736442336,2.3558211815981513,8.588851378641472
0.40698606481441535,0.42822450463070383,0.3967812689172397,-1.7405029890278156,-1.4855391595222738,0.6900914151753954,-1.0501721196807103,-0.028941732314764643,6.82453231157721
1.511800833450393,1.4669366170420945,1.56776667496243,0.01733462915130733,0.14116901883264016,-1.3679422773818628,0.2677741974925111,0.38433395931340797,9.003527749251683
0.2227745232808556,0.16742455199284673,0.15631862707882715,-0.12180522405333363,-1.7564767207463141,-0.9810993674682146,-1.21271879904259,0.3995247560451345,1.9940711342261037
-1.1495503097056636,-1.2062008446173118,-1.2120716536779066,-0.4684256978994578,-0.23977101289359176,-0.7232356859408393,0.4274810421208385,-0.36759546616018607,0.6281235451210283
-1.39110122390313,-1.337510930221935,-1.3752289743528552,2.010926112400514,1.286842262645503,-0.3573050602668157,2.6264849090369,-0.7275736818213943,-1.4598968801965833
1.629689245841595,1.6438785373590286,1.6945807622358868,0.5489828740769108,-1.9097629057462808,-1.3620508308526522,1.350170051262012,2.1216749850659404,5.333531760431143
1.739369581976787,1.8002546653133498,1.696925153872369,0.7260983614463344,-1.2794967959138979,-1.4220517661401326,0.7183478868941628,1.0032058696177506,7.953826114610141
-0.19180728828324572,-0.1291436747332727,-0.2581456257827227,-0.9310734879421032,-1.0320322451615775,-0.8218352964075539,-0.08560729774114767,0.8219372011086765,5.0317533965590195
-0.3355846384789932,-0.3960200269559754,-0.4522847727041694,-0.9991448913310123,-0.06331985971095996,0.08625383622500567,-1.9387526270035254,0.5762891917182107,6.161873757736587
1.3488554277112499,1.4989503828490494,1.4348504175450643,0.03680549909695475,-0.36571678564620924,-1.1805943397534906,-1.3222863959001843,-1.0033173903616845,7.681259698916075
-1.1483809343893328,-1.0103560077840785,-1.1694986805773906,0.17300713965222583,1.3991363816960873,-0.11580350997176611,1.2827928561027135,1.2775301917402737,3.186519074291705
-0.9338478356538987,-0.796702788916675,-0.8742164181718488,-1.856311567114457,0.9543483290916974,1.0585528161418154,-0.7897560801247798,-0.8431326580117493,7.703603224536204
0.5273089940697372,0.5819268006479196,0.6200383864461405,-0.18030702284953407,0.49527294606859795,-1.30177973741351,-0.6992520981640467,0.2832867981506457,8.401646186723852
-0.4427870450780298,-0.44093177841744713,-0.27587479535826803,0.014072082873504806,0.14563031434388482,-0.20644575841053947,-0.16565047568402144,-1.6393899054645689,3.768048344016363
-0.05087967251236761,0.06912407261662125,-0.0920075964769279,-0.21514916577112894,0.3932297769848273,1.0247567337507726,-1.0620462588465547,-2.0408588506475196,6.9466277588066045
-0.1734981312504541,-0.21635695106639444,-0.15326123958902252,-0.8133904123466764,-0.861982355313375,-0.4182683903638093,-1.2267687345516363,0.3182912026531147,4.821302206879871
0.39322284338194674,0.2714474921343496,0.2811768976236501,-0.53953518192114,0.8572103535566122,-0.5736696908584189,-0.050474072781421825,-0.8090992671949081,9.337401542840718
1.3952288287541816,1.3831721547787645,1.3828117942945828,-0.17685919357279603,-1.112044254359201,1.1634958143064738,-0.8915294546720363,-1.9891675712972732,7.381486283280186
0.039044220888187854,0.11159624237547483,0.09765588056877275,0.09080002361004777,0.8353769939022309,-0.30620207897154783,-0.7410185797788948,0.5406095029470755,4.376009739729172
0.6410910662161814,0.6388189579463031,0.5276702245331435,0.604791582550568,1.186142502118831,1.1044950252055679,-0.781191026147006,2.120080771050789,7.7612627747441785
-1.997713419958955,-2.0827002820513023,-2.038330795191621,1.0808562049508712,0.2108646020880872,0.4289653911271988,0.5223602138344686,1.3895602585800617,-2.113231703499851
-0.0975163427358632,-0.0824290250163434,0.046426971183590446,-0.2943477235272498,-0.17621305896197587,-0.34284465290983673,-0.23212569049535728,-0.2573178852656725,5.607174162211516
-0.8887590144889436,-0.8788471235135066,-0.8659021852113008,-0.45615619611535785,0.4003099083096733,0.47969053059753036,-0.17857196789385368,0.00884530669694572,4.268686872665835
-1.1908856124599168,-1.2627885418565752,-1.2058226675833525,0.43765567353430623,-2.861518370100673,0.3204495138460378,0.5969458973088833,0.8877062567839132,-4.08883270555436
-0.8892291727152908,-0.7640707230649477,-0.8269062822724808,0.6108449164108543,0.30225821848546125,1.020882821002474,-0.14203960823294015,1.1221280198349068,0.7572637253150187
-0.30174920616533835,-0.31924788714153435,-0.3423211157021619,-0.4342004332588856,-0.11335399783980703,-0.5483455378650185,-0.27825376845717287,-0.3435357188256987,5.344850520305826
0.9152202027662483,0.96024049507625,0.8868545329294389,0.7903934769661722,-0.05062811305699102,0.041206066781619685,0.47045035557017084,0.034177715724574294,6.515378900979189
-1.2913095353350856,-1.3508465911455103,-1.4401795379256517,0.9795853411559731,0.7065325128978275,-0.061515679604637406,0.668197843557631,0.30061480676453645,-0.3341996098142881
-0.0211224131076146,0.021333658735115002,0.06268102856416612,1.291686465658673,-0.07476892156472781,0.7041481416397848,-0.14707349950860418,0.5538763202788318,3.3505306362047755
-0.48477366587299187,-0.5198471324020962,-0.48982785382002336,1.7783209067198225,-1.140206856651158,-1.0251791944441757,0.0806077756205216,-0.13307644201126692,-2.6041386105829583
-0.33820759508011866,-0.46025851110792093,-0.37830728693136895,-0.8664161386594389,-0.14140267082537805,1.016977048237856,-0.781790229733328,-0.12008524506874427,4.922582107049414
0.9419632790993976,0.9338573614622108,1.0090876608184889,0.01389820933251119,0.06755548408082447,0.4663287721704166,-0.8606830431645255,1.3798323297543882,9.535851857096072
0.4599415396104916,0.4475845030049063,0.508931419163617,0.011277696618660139,0.11493391158101274,-1.3169250736329463,0.7691475019668077,1.2095207024428862,7.398252030699586
1.3716855592064767,1.2249089185451634,1.3109768008869673,-0.0980735685325076,0.16191936728506806,1.2082628254805003,0.4449420625446217,0.4774105734360883,9.196073559721025
-0.17205329836079938,-0.21427362796480562,-0.12419112144446506,-0.6492629196101362,1.0393690449185533,2.2340930807977313,0.4552984384165761,1.7191090700229286,7.628800221159255
-0.7470566257530695,-0.6296948277016214,-0.7628617322368952,-1.4855620032310715,-1.0860345530341475,1.0018339695494078,0.28085434872552223,-0.386445762226417,4.255694544175551
-0.22866776372666614,-0.22608062526571723,-0.1714930525768116,0.0926794460290038,0.17570045616484992,1.4269847672264693,0.04620327581495357,1.6229734486293805,1.6465746360318905
0.2988977341386867,0.3070249793872803,0.17261248311530142,-0.7683556595479125,1.289929698618241,0.0853713816025881,0.6964118908227692,0.5425154435355505,8.461825119965864
0.06253646618511488,0.19712248729875478,0.14343828803594783,0.085993480747625,-1.7346114969371953,-1.66150491973851,0.9351087610227838,3.2710261222145895,2.36285857454502
-1.1592200067285328,-1.0452601309476086,-0.9882407625300377,-0.7940435416988534,0.17964668078005355,-1.8441204511675249,0.9112280051906476,-1.1924819267824778,3.0232856078228827
0.04434545953311084,0.045444931862645456,0.14685751970999533,-1.0996583458443414,-0.5853785019730434,0.25508204386775846,-0.10077791594598683,-0.6893452522173416,6.701387882158871
0.30128727347492157,0.2544258778485387,0.23310852976367716,0.2342983603768977,-0.37071038447310495,-0.59197880772998,1.386992729908838,0.4187978282005477,6.008681835909233
2.531603386679885,2.5539097492376377,2.4704475267588597,0.15092152680649595,-0.904807503214422,-0.9145762783273513,0.22846068173232117,0.3972340529789919,10.614220066951104
1.9152104733047315,1.8480122466699855,1.8503809959466755,0.579281971320933,-0.16955071570044408,-0.06274668396867535,0.6323761925657985,1.9501389841750185,8.275086607598796
-0.9102513965151315,-0.8252663320280117,-0.8495795848295352,2.1858637664176253,1.8412556144269043,0.6155852878612882,0.28208789083487973,-0.6683746832995339,0.9842533577707566
-0.3433601553127024,-0.25907397362043444,-0.2855071999321962,0.2772895312108468,-1.2644303611772136,-1.4527575467621472,0.2470067074841741,0.9049185186938843,1.1920715963065749
-1.4410513160008676,-1.4909196328935073,-1.4679855483183013,0.4850817670641296,-1.1696100024788274,-0.4488776202803848,-0.7357519902503197,1.1624630046819957,-2.2037959866710053
-0.5877932974167142,-0.6468454355770362,-0.5922486396676957,-1.0775613288673254,-1.3019345701635046,1.5098706831203152,0.701350838344826,0.7046478322206475,3.1470671910861734
0.3430419445335468,0.2563985869954269,0.3048862481050848,-1.2869074405363745,1.727418286628101,-1.0752883802213746,2.845294394907639,-0.96099634192432,13.435905944626526
1.196470071341811,1.2101788979843067,1.133754684106233,1.5828294467733337,-0.46233970552128695,0.8697611871649563,-0.3747950747900833,1.407758805254198,2.48953750119889
-0.7151766514208772,-0.7127333443041428,-0.7549093748516502,-0.9234797799333037,-0.025639060347674214,-0.4847307615489939,0.07099471542494816,1.2293249313154138,4.2746371119498185
-0.6462404858225411,-0.6937727315906923,-0.6084152373684542,-1.043944071468642,-0.4027829411062397,0.5457937598499527,-0.4462052643472624,0.5995845197903774,4.541303248161909
-2.1084006602844085,-2.14595976267235,-2.2157057446162107,-0.03909892121655298,-0.9444228784030915,1.0973275072028672,-0.48801990156193453,0.20434768720895413,-3.4447809483075362
-0.12231550644768413,-0.1341390687379834,-0.17214369612187158,-0.09019241337738836,-0.2351506466144354,0.7412817669850216,1.5444494781186728,0.22610801004437128,5.360538169618355
-1.1434080115791516,-1.0315048761262982,-1.1034021082981054,-0.9025065064432917,2.45824360573656,0.9091596022138765,-0.6729710177274647,-0.07873579223937772,7.875412065473609
-0.6418028551331165,-0.4518454213599493,-0.5238719058961682,-0.3049732187131,1.392070920974255,-1.1515935334079561,-0.4740804733663613,0.6407851342526418,5.724889634999692
-0.8267735082850128,-0.8130117365576861,-0.8962924372209291,1.2293757176501043,-0.8529378177922723,1.1136597067412988,-1.5874928237313013,0.031134852944977556,-1.4891524421873497
-0.03487629958946016,-0.1443271258903842,-0.02039287100382353,-0.8059936088317976,0.6475741030616857,-0.8526931146348199,-0.7576117245422473,-0.8485249753526413,7.3667626392560965
-1.8087595423322982,-1.6735490808797302,-1.7323992336471186,-1.3936724843661716,-0.8315227726663764,0.2595417655715384,-1.7083998929533477,-1.048591644827592,1.0089955290880734
-1.560037015718272,-1.4935940706187762,-1.532635403679851,0.9425936208997923,-1.7763676388462208,0.2582461869972269,0.6318046992119288,-0.7520362536522921,-4.308222775349495
2.134198853078658,2.1814907526510194,2.162808512608983,0.4922969119380367,1.0195109176646295,0.48512255886958094,2.7996972218373095,0.22213224254945177,11.759270010340044
-1.2408806699565045,-1.2840232499714765,-1.326155174087134,-0.6205186206486616,1.1600928466435507,0.33695667606019053,-0.36667879365052214,-0.026955836435207322,4.5109838159855284
-1.006905852332924,-1.117393047377488,-1.1256353970235162,-1.582167016126918,1.0460522510478993,-0.8438099785247232,-1.6667579329902373,0.21534379328874922,7.465906916654777
1.8627284069263865,1.7465286853325674,1.85260447932667,-0.7446233564385631,-0.46986524921957273,-1.3498674122957162,0.8999996644297332,0.500813133546111,10.14237391222835
2.886481334411122,2.8964889437295893,2.8804797982539,-0.05470443684927131,-0.16677573400198623,0.8723486799617686,-0.7269249589301569,-0.6273209259168789,12.468025376695781
-1.2162231599045847,-1.2495357905906221,-1.126923838009194,1.165672089883819,0.7497655536581233,0.18583457751891555,1.2993469305535403,1.4656601683453478,-1.603883358477731
-0.3676763922044978,-0.31988399499589193,-0.4069744598637003,-1.036581974869657,0.3914960373481072,1.1493768409578178,-0.2820290477899447,-0.2677108270474744,7.423776229505582
0.3265923157462467,0.417395183797472,0.3106082233109414,-0.08451988151147344,-0.3936374712970443,-0.04473293418786798,-0.6318156890827807,-0.433426984781509,5.808683796506584
1.6779442491191516,1.688852094940758,1.695879099728187,0.675144659894898,-1.6190718201181646,-1.4051643606769604,-0.17795755574568647,0.4823862373324524,6.760203213323182
-0.8844192958850731,-0.9717585413022739,-1.0151390158459894,-2.3812673401219207,0.11387519414201226,0.9661296810041061,0.7577767609361872,-1.8365102023750728,5.850591345438172
-0.1560194258385032,-0.2815474220425085,-0.19031826816471908,1.0337861679388998,1.0790096392361133,-0.370370609661107,-0.22742063075565644,-0.7905344497229193,5.867831968340999
0.8341400102395155,0.7459133395549046,0.8087773907422592,-1.1824505722064373,-1.1975882890341571,0.3420034574210212,-0.49672470279370545,0.981072798691833,7.462087833434828
0.38872355457616226,0.4734908096598872,0.5202632721672222,0.3319954934569346,0.638759381675977,-0.6474594284795192,-0.1988316029788718,-1.7374219290621107,6.628524556439839
-0.3334051050152353,-0.3780829843222699,-0.2627738610351365,0.24668314961074406,0.33154169513369264,1.6443017102336905,-1.271855184500885,1.1175741969331559,4.858115589111717
-0.10184164404114604,-0.046840562419490556,-0.18535881611265814,1.084586391463845,0.7501482632323336,-0.8765648241831969,0.39703160229398016,1.5111365663591347,2.6635449240013007
-1.3527685271597791,-1.3990074323051278,-1.3713748520036173,0.5509243808935403,0.8719754997190072,-0.33742975410617465,-1.7867265938449102,-0.36945533782374834,0.6014845477994258
-0.17569048062247639,-0.18820692735094077,-0.2969837598068369,-2.377290491729981,-0.694465241925353,0.10744870269731638,-0.44412145436551537,0.29181276742631007,8.364983453305378
-0.23461893286589125,-0.261516819361066,-0.3052677863963685,-0.7847792471559913,-1.616959400164946,-1.0921823270869582,0.7593852088307432,1.1190870848510266,6.297735670931596
0.26917060144147276,0.27195879011346763,0.20066576411347248,0.13820512935328008,-0.5335195256828793,0.33051952858759515,0.3030482829327168,-0.4667891880435197,5.031946999945563
-0.5234819046504056,-0.5776851016855133,-0.6081849625259298,-0.19497988611978695,0.8891273175270074,1.6119104774674902,0.5903205729863903,0.8677755205261815,6.759566185209586
0.4885780929452443,0.46906058066755985,0.4189441589002183,0.47761072975677044,-0.542003903525971,-0.49046216069371046,-0.06504567271880911,-0.6711487951306716,5.9031801092251905
0.9235352613341193,1.0069408738548817,1.0055015988938159,0.7893665556697054,-0.6940433238576419,0.3951428190317255,1.1697461809855167,-0.47760229333317933,5.518817723371003
0.1596103815389939,0.11362647192617667,0.09459340674914568,0.6084517364296791,-1.8213503419246384,-2.7494353860385554,0.924699196769792,-0.7993364643249737,0.5407063872399875
0.3239468104567472,0.3848604851282911,0.39386275635608514,-0.21427494255446522,1.752647554550939,-0.03892920048484066,0.44614100424767456,0.3426471991948034,10.089115259123817
-0.01083670030413366,0.08566779785678558,0.00726767070699165,-1.8463370111204804,0.8257136414253099,-0.31304228592620537,0.927545777313543,1.1579690525655495,8.400624041818476
0.08417522405645539,0.029762127836692517,0.14056284159623378,-0.4554812488548173,0.7698959812747644,-0.8184976024103849,0.7504235544035768,-0.18411293211716429,8.91920726546824
-0.6351082664985622,-0.6447097508469652,-0.7441272560910672,0.4163681481389552,0.9677253867794737,1.081450469628532,-0.43946351334689027,-1.2712491599124032,3.9135322926138687
0.3844552916880886,0.3889615017351232,0.32009514376916065,-1.0904472525504776,0.5767083615434017,-0.32624368162382816,-1.3438989116913336,-1.0827068222868157,6.549099375182148
-0.08452592757069574,-0.11603383290594624,-0.16205365763679125,0.6312747301215763,-0.24432885517952907,-0.17747748709358746,0.42036212584262383,0.3945994213705404,2.7768733792436278
2.1606995649782275,2.111820924852304,2.178472896836977,0.9083932972673044,-0.16376410412220166,-0.37719287478907115,0.5460892308314287,1.8441164133942693,10.073613765139713
1.5739575615053338,1.5421748680123317,1.6293299365153882,0.12686697629584257,-0.4275643645921248,-1.9168158717650765,1.0904719911385654,0.39372499931439753,8.58976831199636
0.39598641640138976,0.38701431836222855,0.40069234609330645,-3.063779866312396,2.634740754415,-1.131986440076961,-0.9363212750452935,-0.38689655065125267,16.982635924445034
-0.8177307782178667,-0.7930446821507108,-0.8303973371337459,-1.2780883627118034,0.5559120312994426,0.9610934861202163,-0.9064310592771633,0.7661839668502841,5.086828270006874
-1.092561906758476,-1.0314079565266154,-1.101878128097187,1.8861891585560817,-0.46380044135143456,-2.109950646879972,0.45990026630777037,-0.23949863558674636,-4.0517470722023505
1.1941622495100859,1.2093278606060132,1.1350714007880023,-0.546537793028378,0.4654967741662798,-0.7663153496157056,-0.07116698885308664,-0.3782852173642064,10.302362092788828
0.19761661930541527,0.2518477687419174,0.3358669883208065,-1.984143223128996,-1.0108689178563175,-0.3997200562897638,-1.8857616105711281,-0.9584591056952636,8.076398594679675
0.477583547800781,0.5398243319844297,0.5206031399842694,1.2352473883102724,1.504506718589227,1.7436218672915653,0.37510816375419076,1.4084488442463559,5.870631593603317
-1.7485724651670331,-1.8531167574639633,-1.739814035049806,0.013355591543672855,-0.6610690958071401,0.768603765496369,-1.8524229149889546,-2.5392079174956637,-0.03674107565696283
1.0173165398904127,0.8267333518149163,0.8056196983958146,1.1049404889577255,0.5010854326224657,-0.5571705270530996,-0.9452565518733762,0.7978592002792693,5.743489415550427
0.49913100464003346,0.49421227097535164,0.4052495392814114,0.2769586752193653,1.0659776297431345,1.304513697115551,1.3516813728601071,-0.4637449377975369,7.855607715428421
-1.1098584124599047,-1.1074072620086095,-1.0760426278344843,0.4585591362121688,0.3847685442049928,-0.7405158205011196,1.8248790178071153,-0.4103407314516127,1.3984292776670624
-0.4590854419598948,-0.45900249243691094,-0.4108806228637912,0.3630092477145166,0.09446999181963821,1.0090998037340055,-1.2156563684719617,1.6923151561178125,1.4817142142846564
0.2659278232617295,0.19739739919059213,0.3191756949311262,0.697488311921,0.010802084856015158,-1.3588772459230156,-0.3293915374126943,-0.7141310922000513,3.0999797895586987
0.04232109911646624,0.051305112813725316,-0.02713385175582915,2.2774304485560983,-0.056441096887107134,1.0732578317891572,0.04262252307870598,-0.6800691540284102,0.49935177115517243
-0.34629254567296935,-0.1919957152834879,-0.2770935704629098,0.9710063359591881,-0.5766984889275022,-0.4061336454709856,1.781226927581568,-0.13039423891953036,3.1352619563584265
-0.11104086194630731,-0.06227828707616771,-0.05271250724181438,-1.580339317845535,-0.44948342976970423,-1.0285042409412697,-0.49286894782440155,0.41384738581223823,7.732600717096403
-0.28928229103951103,-0.24349205094974477,-0.33489415648599763,0.4466615152789034,1.479590373650935,-0.21714361307631405,-0.4768840230332781,-0.4418557822928694,3.7325808316554294
0.09004673515631124,0.13060981659722168,0.15216728633380674,1.1414807681032177,-0.10853663268515668,0.27734417972021486,1.5487255584628619,-1.5738589305358854,-0.2861143448845742
1.4970530637205337,1.4517633303996873,1.4851840929085798,1.202700806536146,-0.7857962693827731,-0.49474843052571216,-0.374789152718258,-0.8656981808817654,6.640116767019528
-2.547095207934636,-2.6731183353912984,-2.5816966701736344,-0.42660498305909955,-0.5162975968615086,0.5539535059953238,0.7222017089664575,1.2813338564645194,-2.6587355359061706
-0.32618564007808815,-0.2239682434636262,-0.3294583572797443,1.1649444451881277,1.100370680697223,-0.5829938836640675,-1.4771429651124275,0.07477678913551145,4.483376179945685
0.1703781894976906,0.21878657679653968,0.16022751586876052,0.9277423995512052,0.6756066331644784,0.6203723939313579,-0.17123274409232622,0.45108728370382206,3.7883417984259373
0.3457790589820957,0.21721302332856873,0.2796287181743483,2.57251743696973,0.5603291782322569,0.44222206203659953,-1.6595968383264046,-0.2614212071730376,2.0830085682137383
-0.3189533943764738,-0.40498542593663067,-0.37931820154867757,-0.7500017362485115,-0.25752119890979147,-0.06092305470793503,-1.0554337809557044,-0.6594976961732696,6.003034954030777
-1.7054299403343207,-1.8145950140902536,-1.784895353749836,-0.5074005764004252,0.5733624701729451,-0.4413823123659498,0.8392013551522634,1.677569449875411,1.3110913988508246
0.3299411440591826,0.27972792397367147,0.30584487605203625,-0.3061190484599539,-0.643561124950648,0.15154079576526616,-0.04990539108671263,-0.18819185705108066,5.210634271440419
1.6850979477657275,1.73002429550528,1.725364900046836,-0.4902221500387753,-0.25961403134577454,0.5502537430336992,-0.31910574055297464,-0.44336987952712686,10.671579927454461
-1.5880463462840406,-1.6380815126655615,-1.511738674667652,-0.890020749763603,0.9698044873917454,2.0617991527316084,-0.7487496239809176,1.0961423663553396,4.013285538323031
0.8810582589357062,0.8945415356160414,0.848606675555355,-2.762675505673743,0.8742776789190644,0.939420421798181,-0.22065607324128275,-0.7223603588673853,14.46560830202129
-0.30956122140463577,-0.2908324696262098,-0.349007669541294,-0.4346994737231341,-0.9819098459508032,0.9759899498158413,0.30111316710069364,-0.5947273437739967,4.441846852065643
0.0030422097514059693,-0.07387947523069292,-0.05670664391612439,0.36935805969990443,-0.8555264529085758,3.0885121948602836,0.9829162064617618,0.010246684016898003,2.5251856412245157
-0.9978995281868448,-1.176933936203176,-1.1489443069987082,-0.4932218455059107,0.10870215281340967,0.5159584767678441,-2.6251466840968023,0.00027010408817970173,1.827403130208292
-0.3410676051824353,-0.38427710365599616,-0.31060441599455374,1.9353811835291097,1.7261323746695099,0.4846435113117023,-0.8317611742628097,0.2596113479032144,4.67220874751192
1.237834300755915,1.3616896914040932,1.3000164398428105,0.013375812715862578,-1.9155651644689942,0.7040150743216541,0.15909624218900573,2.091669089395488,5.208769793590083
0.5666999121371621,0.4437555279512784,0.5846399183175851,1.2910290551841355,0.27833293957050426,-1.0089659775882531,-0.09886311596228586,0.33624824635237044,3.9670989516812245
1.7431731651504703,1.714935434800268,1.7803483207896673,0.26142041272996835,-1.3760433315731482,-0.4439016364187562,0.403376242526725,-2.3780539627508004,7.576810351559567
1.1673077267082235,1.1184118500543307,1.0797711124752813,0.826407309893258,-0.6343309935255456,-0.506169266692334,0.26754028612655384,0.3262989434315609,5.964793179703818
0.4101919735256934,0.47931519400881806,0.340394985436628,0.27924155393356226,-0.3644284180642414,0.6476139772195617,-0.30486786299340723,0.03787999448959883,4.738766543125311
1.7565787669162871,1.710178828560619,1.7576247184339682,1.3687846319035628,-0.4205083434368909,-0.17417456222119868,-0.5268531959871771,0.04345002435145766,6.8839706248373895
0.41379527166776825,0.45919085977507934,0.43863731598187294,0.05593935013240072,-0.5337959396592085,0.1382234254743028,-0.2455014897355009,0.2459473093961707,5.289050973821516
0.7965848726107903,0.8562611977555136,0.8364970239566556,0.4961207080887857,0.007207060376370152,1.0874546201484645,1.1487423498227427,-0.028678287674799376,6.5831431192401615
-0.2809983118195364,-0.20475966154820735,-0.31967730729333066,0.3663329336500437,-0.5352555666305784,0.8631507387041388,-0.7320079329057144,-0.052612093055389005,0.26396838830811964
0.046446186852744584,0.05639871867543632,0.0997634995712014,-0.2882854581273188,-1.4624573848541527,-0.16172100304124704,-0.06280672314395548,0.6130442097707861,5.403099706539492
-0.6852186038513592,-0.6786216048191462,-0.6507918811507208,0.4049823189246768,0.7798696125227764,-0.6699950968782225,0.18334221399842102,-0.542080797194501,3.1568956558461756
1.0032441357374593,0.9153311606384813,1.0137830492924294,2.234386246197682,0.7528721671488805,1.1352747316531886,1.560350929874458,-0.9476863356391756,5.2508907849873205
-1.2352750731694444,-1.1187829449501785,-1.1913450460350947,-0.270396942095442,0.843174310022669,0.7738911809098658,-0.30030825823631324,3.023781452622391,1.7216287881825298
0.7582882862243907,0.7443249000140931,0.6769658730369412,0.4194648928532483,-1.5407344962640819,-1.6062568182953822,0.9588066560109609,-0.7158574437812334,3.6538330673213024
-0.11876221050933633,-0.21868876570954673,-0.15218924710330306,1.2577789508694428,0.29891815258415083,-0.3131539389082808,1.2319794032650222,0.10014291246007646,1.9042168292889168
1.113143117830605,1.1701347037248588,1.232333526778199,1.1402532809442802,0.6759788558069234,0.1655154620167624,-0.06375426499064825,-1.4956602508753674,8.542614839822186
0.6450362662827333,0.6727247714642673,0.7830969093304588,0.011716417719365251,-1.031202068439585,0.7788297171210313,-0.2107189790767625,0.11646841505142191,4.779059253914209
1.727553899984676,1.8320846590932485,1.7766640362784263,-2.3833887029573617,0.009173248182129144,0.9101014949397712,-0.3290536720482161,-0.9332255506893351,15.721278965082037
0.7322301884674782,0.7791480047848953,0.7644644108220326,0.5167028186484662,-0.11626664531036575,0.2839060011754735,-0.25582313424258235,-0.44247294285001093,5.338464507466758
-1.5704943917516057,-1.557393564478376,-1.5290137702551685,-2.2194742586230527,1.8421506585682637,0.585247531358856,0.8542398605768328,1.0450646657711238,7.03807239018974
-0.07283371566945689,-0.1463980511071371,0.010987639491753451,1.469937230941231,1.924496037012573,0.06413680237815363,0.2310099772555139,0.47200956837807373,4.482818281427341
-1.1112977011483909,-1.1781976573112989,-1.2158126888062137,0.16947387119326057,-1.6643563933302008,-0.6738516881805606,0.2352897091698694,0.5684095245748191,0.11446969100230531
-0.6519215640214215,-0.48117839721730016,-0.5296025715934816,0.999674019871989,2.4939270057279894,-0.261264391041254,-1.125223510379835,-1.7712048383918628,2.895925117753622
1.5310251269982629,1.4173289949784262,1.5485920358338945,-0.9021111381810512,-0.9152257211533239,0.018991186640108272,-0.9674900773752345,1.8368951698290128,8.70879552035247
0.7156057209878747,0.5837955102068103,0.6404043144696039,-1.5525074733000543,0.9806732943274258,-0.034679250018589874,2.14344682477698,-1.191881310941875,9.775536885365053
-0.7553194668233321,-0.6551032483746704,-0.75479680868131,0.2607543841411672,0.9704979808637308,-1.8855729044434706,-0.1778257252886896,1.528560814293865,2.5807776827818154
-1.0327076920298937,-1.0002125947305345,-0.9929865521890637,-0.03360343995614198,-0.9956902268418067,-0.3974833349294312,-0.7747719955783602,1.0215438659814862,-0.3360515876322142
-0.004862502985170256,0.053380671982598486,0.061715174567019124,-0.4915408261571657,0.493267793839099,0.05620565308915186,1.4310991655892973,0.5773327417846801,5.0939145800270795
-1.2612774516850043,-1.1235854089999622,-1.2121620045645776,0.08466128073276377,-0.10753374426606396,-0.281369991905701,0.2818085486835521,-0.8549847809083815,0.15139672046569463
-0.6874533776477331,-0.647712638471271,-0.660161031037584,2.76743589203226,0.5543300046323907,-0.24682379551158573,0.5781549168645216,0.15158984481952292,-3.780451390992548
0.38338373573546913,0.34490387207290285,0.29907417646695733,0.8345255473690577,0.2306723023806257,0.4879913708045874,-0.1380470752815336,-0.4709214106448598,3.8091198422715493
1.2471813698810723,1.2908493124676126,1.2292259828924992,1.049498605863319,1.196339485370247,-1.0789571870486339,-0.31867309057680415,0.029039571505291815,9.63747652588215
0.5919645109724324,0.5980712443199152,0.5637268630388059,0.8439368915533556,0.07539954314606226,-1.6280422139512112,-0.16958637249729036,-0.24987225908555988,5.604707134810782
-2.1960364978948763,-2.331183646779025,-2.320655546736289,1.4794621438521929,-0.16787406942631122,-0.3481697908366748,-1.3827381702986268,-2.0386105065724083,-4.611377213355953
0.306145552879491,0.3257565489426164,0.3049160047066361,-0.1900716729007449,1.0960642330571804,0.7641144055017897,-0.08792740941989748,1.121784150984588,6.939897797746619
0.15971812456763196,0.09398312470202266,0.11598127461762256,-2.0547613076752937,0.5803959648586033,1.6875530394866385,0.29603307704261733,-0.08110715654936117,8.923185977296663
0.4092253528900185,0.38755451577538264,0.3390216268679662,-0.1885861330060098,0.7318133943208879,0.78212823909474,1.8504632338437539,-0.484800399502237,6.563412340629125
1.6227625729535144,1.564589830673465,1.5506948441629353,0.8117357099965018,-0.6645866722585968,-1.4682637598688473,0.0859990650052155,-0.5603272328297677,7.204726463583628
-2.0449645531726013,-1.9477460557002388,-2.165124702191479,-0.9698003951150737,-1.045262781398474,-0.23236723937677117,-2.334177042210305,0.3584595763667682,0.10498973834130065
-0.43216074122272885,-0.5747612516717044,-0.5894686639284421,-0.17636595048933035,-0.5677221432527015,0.2566343810815294,-0.09398543278462142,-0.8937563382944722,4.1070338795667425
0.6334706015355941,0.5542920537232509,0.5349910319330274,-0.6917697430023131,-0.6208213856805886,0.1775911169235922,2.739504133108306,-2.2551755584740434,7.983331574573859
-1.6169576259515155,-1.5357978843399624,-1.6008219049548382,1.5020292518431304,0.7861992686529143,0.539304552942874,0.8663662349850397,0.40712980320827613,-2.41318934262938
1.5243989415673018,1.4704917904754422,1.5090179575480942,0.7494570154065637,0.9759840502940518,-0.9170489464607607,-0.8108889438085887,0.5191029979568217,9.562808701733845
0.35026498584644133,0.35571254038476685,0.3362794766615161,0.651540620643959,-0.15513028953240038,0.06494308755074261,0.5911065144305567,-0.1996318246776329,4.19367575191556
0.8220964766983435,0.8746976294391287,0.8581480869805722,0.6216013131209713,1.4309190188243524,0.420322829776129,-0.7420134248897403,-1.1479028751900089,8.168275568594867
-0.525513593527189,-0.635537774933379,-0.5859105569093807,-0.037249252552126945,1.3684693937651298,0.8256709533036595,-1.3538075195468575,0.08893554088928533,7.587789712130194
0.8153179693547682,0.8313950501620692,0.8473694057210324,0.1975562825275035,0.24339891640053923,-0.805718166612792,-0.3483693632340722,-1.4645323683135887,5.653939480606493
1.0824003517146286,1.164119296375626,1.0922279593564388,-1.1851845805323176,-0.82189177154304,-0.345156867242898,0.09152643923886121,-1.0272305966876594,9.1500557429717
0.23357728123043298,0.2561869032470339,0.19828133532843784,-2.1864419787505676,1.5753766494355401,-2.7038176800733402,-1.8721555024333958,-0.7506979365041612,13.648429682541902
0.2512300490289677,0.2155902875095227,0.2259683050286733,0.15008113034502407,-0.06101735102840823,-0.6214619675777742,-1.1491592905386359,0.8439390708915561,3.896110364820704
0.29159153415353334,0.24498797526031377,0.3225304091677506,0.3239902562721444,0.1261651964309746,-0.524414892971043,0.010335563182354726,-0.3626109504369171,4.772294459296523
-0.9601936113746524,-0.8838622634066371,-0.8436764212266769,1.2092645684253776,-0.33960502560656863,-1.019584508167443,-0.40817317598895414,-0.4478664117764606,-1.3375560069522048
-0.11420004680987625,-0.16022681414274198,-0.2173767831279095,1.5713358160823676,-0.8897903262971976,0.1656121502326517,0.39481127114609077,1.9546925154112462,-0.04324698409414479
-0.20162350344387384,-0.1714128590902724,-0.11974162939378967,1.5699984849989468,-1.4686394303152919,-0.05594543204526823,-1.2146683273085614,0.3524624971887139,-2.54378378540867
0.3112789075755245,0.4292094364072234,0.3291633332316832,-0.9980235932938778,0.6328683235572881,-2.2592138775776114,0.7141137485533007,0.33899451047482604,9.474472454988302
0.9969036847173605,0.9131637917498454,1.070449900408345,-0.3522650349497693,-0.7834010538966204,0.21550796930175647,-1.183759097060195,-0.3697007452087749,8.186426825719833
-1.0543370318126866,-1.0154360794578026,-1.007331139986358,0.48033429588137955,3.0595312289968235,-0.9283241307890274,1.64273430193763,-0.5963716676367777,5.973992481312364
-0.15968433854819167,-0.1439933565767057,-0.1105147565236576,2.5319046777421774,-1.086073582612479,0.48568895919051513,-1.7157582843783166,-2.1864064400171506,-3.0423464193387297
1.523007140542372,1.500302936943742,1.4893171898307829,1.480099203713916,-1.25738247498137,-1.2818512477286654,-1.0925542703834126,0.9687405319235582,4.809260092514524
-0.8106969871311095,-0.7999376243226073,-0.7540398416139351,1.1193971619983802,0.5101387156134412,0.03000653853094012,0.4173708030318292,0.44830970575637913,0.1948825484609853
-0.8425972047289483,-0.7558184639478485,-0.788323819720319,-0.3877879555492906,1.5293134789672953,-0.2831633288865059,1.6642332514976381,-0.17916599321341334,5.209157854591167
0.17306248508454355,0.26458793983978723,0.1837672833580905,-0.8831996311551246,0.06458965694322165,0.30310188495033036,0.31504303611617074,-0.13722670183625574,9.53593913014959
0.8420558269683531,0.8923647167728238,0.8561636840173148,0.7889078833832395,0.5722424201872743,0.12469727765134685,0.5628579201823911,0.7361442622610551,6.902410722015747
0.02536926979302127,-0.06431168322901765,0.05502277388663189,-1.10066126423436,-1.8435474174587096,-0.25516417502145444,0.01753690167305848,-1.554710073079853,3.324582635672546
1.278565942955812,1.3704166439902918,1.3008702632607096,-0.23843635098030264,-0.6775115456917667,-1.5362723140442447,-1.0263984541151934,-0.5898813315538055,8.476638552954306
0.8930081164393382,0.8770367369483123,0.8259843455669921,-0.11477794900192263,-1.073615729137567,-1.4772079634610316,-0.4901383482393793,-1.1363028628925305,4.946360727552199
0.8449701853067968,0.7615565045334335,0.7821017928538389,1.592912089122808,-1.895045849947881,-0.583886939092219,-1.2119097199812767,1.7715092824867462,0.30750721023794125
0.4595191886584978,0.5529016321355525,0.5008928640177847,-0.35469730295967755,0.11698023402388695,-0.00827988392958697,-1.2787099677768716,0.8756555318533007,6.222299386981888
2.2297235283262333,2.345879824797748,2.2362333347740098,-2.4392496385726155,-2.2428276216104335,-0.608247947199117,0.40174891931974643,-2.2026926411353642,12.759118977512598
-0.20577765351250976,-0.17735792517488663,-0.1686702494152677,0.5044446476624683,-1.3221959660874487,0.6252119305794656,-1.1231779820879617,-1.5137616266399756,2.327452790595562
-2.0145706579558316,-1.994659223719071,-1.9130765649623753,-0.6990218531039264,-0.537193794013418,-0.2792209192116837,0.3195540067233614,-0.1323456733574863,0.12693923933706963
1.5990833558384092,1.61881593235951,1.6755208086906563,0.042631024437746814,-0.8312858359510763,-0.9650127247795103,-1.3018227522210977,-0.4724402120724247,8.988054592960447
-0.4590985537833365,-0.38401886134417085,-0.5390036553881514,-0.08670470084212364,0.3964085022070677,-0.27809629298790933,0.29638302011675466,-1.3243822080768883,3.291801928054297
0.11915843631854207,0.16918213983856703,0.14412317792084303,-0.2737039958177683,0.30558019190248,0.22585983631655238,-0.4886825689629625,1.9447622376504894,5.821939233009234
1.356933165352942,1.1661979371713898,1.3806560023567047,0.7903405817847039,0.8937987459354568,0.3248847188245844,1.4066155336506445,0.3125399139825792,9.10281755827579
-1.6578147861048032,-1.6181314688008095,-1.6251000400958586,-1.5328648783527072,0.7523837327126781,1.8783791319931293,0.32371889557906497,0.4748163228630915,3.5925410120716093
-1.310245793751179,-1.259879765483337,-1.246574842573637,-0.5170142249543602,1.1408127893613809,-0.6689093400034194,1.2357828929941415,-0.6920149492322138,3.536143812396156
-1.6559441300132227,-1.6888828657552022,-1.7016725896590872,0.6840379131173813,-0.0019184000090541567,-0.07347866159040038,-0.7556467164251925,0.7222741471780024,-0.897427123758062
-0.7796904566669886,-0.7894271371138083,-0.7807994816265917,-0.6140847753443682,0.3034669008166697,0.4261239468194264,0.056143340244167284,-0.3804327609820118,3.9955258507114735
0.5018839749493158,0.5020744946375189,0.3864586195452577,-1.6088067092699718,0.5115137019191913,-0.023422959200815323,-0.9810871581162783,-0.2833431737074994,10.716595485368703
0.5026208709007954,0.46985944983324146,0.5341695937083467,0.6685553432567358,0.1416566973910257,-0.5006181459886532,-0.4136052427444181,0.6110019598252598,6.975965428295021
0.15118918712057103,0.2930942262630474,0.19821403321910974,1.123094630441539,-0.3971943099170739,-1.5492571763442435,-0.2621042227446291,-1.6289975650602997,2.4397280366160263
-1.4979655270228853,-1.4585570577571882,-1.3856229726684868,-0.04499520764300634,-0.3324425343397702,-0.5108345590530156,-0.7258582206871392,1.5970278598509826,1.2767678424269078
-2.3517552727724444,-2.343699037816628,-2.2588778028613095,-1.9608455984695325,-0.8175583983299655,-1.073702412717801,-1.215502858845695,0.1823892147238758,1.1994578484341418
0.026467141015621524,0.12822326709888404,0.015194592304623881,0.7059697466988162,0.4216168299098296,-1.7266066811237784,-1.4135173236526528,1.2809442087804244,2.83264518102721
-0.4921954650010721,-0.498903924643927,-0.5286221627088574,-1.659887881419688,-0.09401517408515554,-0.7956788416705864,-2.339748115707397,-1.0754197566188184,5.600029577444903
0.46131482786565764,0.482496396167143,0.3515846195891127,0.3087992768481657,-0.6631737506367649,-1.0470917207664545,-1.0563464635034578,-0.9231651240281931,3.9379894208755974
0.6863663096801478,0.6083927204182208,0.6886329495175113,-0.8874638247421598,-0.6622448193245927,0.5837865452929482,0.6274938966718445,-1.1619002215998122,6.985824432605091
0.19070841258585228,0.23135731012842592,0.10916173534460166,-1.1598392857669653,-1.2103987277827886,0.6010918374142937,-1.598498532013283,0.2502976726648389,5.98591597151049
0.7263322200917853,0.7902657076911788,0.682582114758451,-0.4419100170796902,0.9788413412371997,-0.9038792895808748,-1.368122846253305,0.06598330191824608,10.145722754372358
0.18609547614129127,0.22008638198255534,0.251862311930677,-0.18329755642725984,0.07861766953178756,-0.2602286305631211,1.790898571232915,-0.4644118192311805,7.297966462280798
0.5540084825274898,0.5588420311014615,0.5075661865082343,-0.6442082503864482,-0.8628000195732701,-1.8582426621125354,-0.636496049848254,-1.0140691928852794,6.964417007720543
-0.7814553663661884,-0.7751642343172729,-0.758460060802144,0.5887032782151507,0.8085477496020183,-0.4943399501826941,0.3210460091648358,-1.2665962697308424,2.245369412820951
-0.16012682856545843,-0.12048487674382569,-0.2073400341134809,-0.44606937845883377,-0.560448809794373,0.3989819007023456,0.6423171465004947,-0.04848390047065598,2.4888438128998587
0.20190375584327058,0.18057685788213573,0.250341323603438,0.980190871671822,-1.4065006270122327,0.8249378896141027,0.6625261297812802,-0.4655867795886001,1.606168159085157
0.8131563509215104,0.810324999664997,0.8506753226051799,0.28117316564347944,1.021222289219133,-0.7130470816913138,-1.5223142306080597,-0.6856069923582623,8.434726349001265
-0.314327366867109,-0.41832395297284636,-0.4002424752994966,-0.697557206596308,-0.5370969895661131,1.0518548605275198,-0.23105967989949022,1.5470894861316096,4.829415581781077
0.49005688346737675,0.4921346855948334,0.5521225066553552,-0.8659398838322859,-0.4088990902087895,-1.5156919215134717,-1.6182272695183921,-0.08232567819273391,9.69494208045685
-0.16282388338917508,-0.2311052613339586,-0.32388438973471595,-1.6474962990474387,0.04118002034917748,-1.2476277991437925,2.4463178589103234,1.2700429339269252,9.108887524644189
-0.12881373978953534,-0.10474682482291922,-0.11592366229177883,0.2907331778668224,1.1425892227901149,0.7096618656378763,-1.5948752640156,-0.5332521826826966,6.531037177332907
0.7656682197755615,0.862106449094225,0.8368851585483965,-0.3545875472513581,0.020037290866311695,1.6711212285632473,-1.0478402188698202,0.24477628379865687,7.07415856005727
-1.9895643920044146,-1.9935001055284345,-2.0165521964790925,-2.3721955280635143,-1.1991171261452302,0.4934319881836954,-1.0406008548415047,-0.055476016256334894,1.4640274416991959
-1.3502845880906993,-1.270812337520902,-1.2746994112768901,-0.5357148727694001,0.5438770041121802,-0.040342386534012425,-1.4966604767228804,-1.6976223095181227,2.74154688050647
-1.5197731898334959,-1.5031278346390726,-1.5212070701750433,-0.901034029254952,-0.48498972426172404,-2.1951837465222086,1.3525939097565454,1.4283383062639128,0.7398567786064761
-2.3137644548475302,-2.2221295277778275,-2.308125084459499,1.5756775921706603,1.8879239715294662,-2.0224470560434793,2.422447901083496,-0.13515360703241588,-1.760298066604594
-0.6504853357226705,-0.7566609609767017,-0.6506715015786121,-1.7027786118933097,-0.0011197219978901704,0.12940953689586895,-0.4757491193126174,0.7464182196329605,6.809330482837478
0.7183255147150275,0.8124807659058897,0.6035759056928871,-1.4413507997340538,-2.235035497898666,-0.35806266957117455,-1.32042314684441,-0.7520287224615594,5.596817103710499
-0.23551380913025471,-0.2164886938465262,-0.22536878120706885,1.1099696431056998,0.357364972155674,-1.105835182152118,-2.236925498726021,-0.16484438157976464,3.806383453727472
0.25566546984290883,0.15518214164357244,0.04540845367421442,1.3567631574639631,1.9445977922602284,0.06553258083005072,-0.24410871852210148,-0.8668523599233547,6.072677116800003
1.161032584538957,1.2006811772385912,1.0584150454329864,-0.7449829387256415,1.5759202885453896,0.11513136750780958,-0.31636542316144384,1.2359984827633934,10.607872917143988
1.3541568026239776,1.3774606464149575,1.3789535339805794,-0.6320858228089109,1.8309542887565653,0.9444158685402726,-0.6512961263601446,0.3114093474506757,13.021730628279633
-0.0009664991218546054,-0.02058098438499397,-0.08500227098876159,0.6162353965533128,-1.0197601853814635,0.13660228301270078,0.2213752539762284,0.36705352668088814,2.5161958873785197
1.2595459681706944,1.354986998920691,1.2802765904459201,-2.32709979694531,0.9121523959767788,1.2283943683343845,0.3951731428154863,1.358184147104979,15.773858453803612
0.07623133100268607,0.08126535052317538,0.03743980534827567,-1.8611936845055561,-0.7219945397367117,0.007994029548813363,0.32308325793790066,1.156341296899023,7.530613149287487
-0.8807484866436334,-0.8478686651794425,-0.7860529365114312,-0.28073340085071186,0.2242893994169245,-0.11533499480733611,-0.3161248719684872,0.7653425361362853,4.083593708343118
-0.5884390591423656,-0.5748738223827593,-0.6904755787261672,1.549890566129126,-1.2729524287397325,1.0643121862471823,-1.101621829574262,-1.4217273470374627,-1.5873849660247314
-1.509108973524853,-1.4104771988133216,-1.4240869575169155,-0.4357300881667396,-0.6444557648827163,-0.9784408800414345,0.6658330978067158,-0.6956791195166836,-0.9376050006027338
-0.896441745831139,-0.8790681428405814,-0.8908889586857669,0.10093679173515462,-0.6762466973636153,2.8144474532661614,0.012513759421530454,-1.0038881360113527,-0.32073564049166325
-0.2639079440642267,-0.40358886923129367,-0.41763645459655085,1.133789272564012,0.8985552801426162,0.3752574781667358,0.8883575248346502,0.7275336936257992,4.411090413042569
0.7950990295575827,0.8448063724978506,0.774429265763467,2.106884733278146,0.8007191216696554,0.3808292528376731,0.7900755494722314,0.1706519417500514,5.568590483002708
1.7414594470254945,1.7668273684857234,1.6699086141109016,-0.5768484731483126,0.2768197293308208,0.5250959739725976,-1.4217620690471156,-1.3905124336305947,12.116214111774063
-1.3937949818732518,-1.3494485389546507,-1.3388702553341136,-0.016836723733426057,-1.3504214180553855,1.8771364753316424,-1.4342222074576032,-0.18874421301122754,0.3223630959440471
0.3966131326577606,0.4301024135861681,0.4294488587480608,1.8220552213428425,-0.31163943394972,0.7925074116726066,-0.7555407187405284,-1.4941123357187784,3.1348796534046235
-1.0402431051357308,-1.0540903456654247,-1.1265019958513367,-1.5221992751914284,-0.746116482942726,-1.6050559790039236,-1.056265408290668,-0.05315648806975988,4.488123240041296
0.4971132917618599,0.428247630106673,0.4545174825372353,1.0275810705538218,0.869675756694491,1.4034703847675043,0.7552517759761007,-1.6553725039871847,4.829379880486002
-0.07282127391036775,-0.17449632221976558,-0.17424593380494047,-1.0183155323612583,1.1781848528171845,-0.3408965794450173,0.35130967598791774,0.5288274933846129,10.316873273249533
-1.748536125967364,-1.9126789882704234,-1.7662303274245619,0.10247236710315673,1.056385586030883,0.10715507283932346,1.0991839937853107,0.37796262603407355,1.6703266991461927
0.9437779956639427,0.9401444221457819,0.8607920356621632,-0.24261904740027426,-0.7552194194170205,-1.2792539721752665,0.3964868174109183,1.9079484933468815,6.797904178055224
-0.575523368506951,-0.6091731519700607,-0.5247892575744804,-0.9580116007012293,-2.739533122289479,0.5262020181238957,0.20864958187336902,0.8478732894973424,0.4118834071420886
-0.591443463832833,-0.5558996236000401,-0.5355649753494015,-0.9831019276582751,-1.7669618981300543,-0.6513742900675522,1.1997297803441704,-0.42291425582250275,2.798214398136827
-1.074146248410471,-1.2175333525069434,-1.1278491316086943,0.2764143642537545,1.4216269780822084,0.10016963799347375,0.4697273397350485,0.818070093274486,1.6861139085459358
-0.607268803443376,-0.7166491501722639,-0.6881469858880194,0.9955393281626821,-0.4012549393198239,-0.284099005360783,0.0681009634377188,-1.3976638809451785,1.284905799717635
0.4711888726157749,0.48393247326507555,0.38780949865649467,-0.1297362031885032,-0.7507246182651125,1.9250128017358519,1.4804530339306854,-0.9624726036810854,4.593381282132635
-0.17866385429665302,-0.22247564093956207,-0.2529752610371808,0.07011315873321637,1.642660293436234,1.9822603001455896,0.11518088315279006,0.33314253207511,7.158380668622247
0.3729817002608787,0.34669158616532314,0.33340334526899984,0.5711740662910472,1.2651599454883269,0.046513170214741384,-0.30434060491792164,-2.1582496627479273,6.352716549074872
0.38646018937853466,0.2923875824300809,0.3005260763942515,-0.9716187730129598,0.02444872191978665,0.06397771136885474,-0.8378232587776496,-0.037160784933883036,7.874872484316501
1.380676968441133,1.3925969296461285,1.2116433450912576,0.739692508412923,-0.2934030910639739,-0.37344296634951507,0.7030254590454112,-1.0202632921184207,6.465631379136527
-0.32831819301652376,-0.3499875338671131,-0.36176997440678793,0.819343097059747,-0.13210121281312523,1.1060062915027862,1.2370505418424689,0.10130705515326355,2.016977976430446
-1.4946427326242835,-1.462355797021555,-1.5670006266666259,2.60362629875041,0.22716279838746606,-0.32891987033337716,-0.05058740143343007,-1.0777363580472634,-2.461057051775117
1.0840144794186342,1.1835114061660672,1.029614373168607,-0.3761041905595823,1.600047281319608,-0.4213372746456993,1.3079156237798386,0.42424813745518875,12.789382368403121
-0.47801789088989344,-0.2556661670677845,-0.37694331652742247,-0.4580818016681276,0.4224674242372267,0.9785928636649645,-1.970015031971576,0.01932742366738962,5.4702900220178705
1.1337367313966293,1.099264163513024,1.0710316409760863,0.7689658715737455,0.7260290330391413,-0.5382990953166494,-0.0554533748079148,1.4003659168813305,7.927027735036157
0.20095647192173122,0.3537161039389525,0.4834252682619781,0.8191041689121383,1.1692701090701714,-0.03775503444853058,-0.04009491210443619,0.006734534101622121,6.56276743223906
-0.21731070057361584,-0.14741478077932152,-0.12831695184486638,-0.535087153376712,-1.169676001024419,-1.5813107815109928,-0.726994372407347,-0.7686428049614663,4.793698597603505
0.3713643240933443,0.3742708064701219,0.3610444444960617,-0.40316267693004887,0.7548618924740429,0.7041903451231669,2.383861037981873,-0.2468858558272829,7.222892782643665
1.9748890269896393,1.945751353413756,1.8621926453091848,0.5411308382180404,-0.29456875466161137,1.9408669391818687,-0.06619263268876116,-1.3442363970167315,9.323113404908218
2.0188590900467567,2.0572183218035796,2.044282372371907,-0.8275842407346614,-2.516095195772766,0.7212253727997919,-0.4077307716044333,0.40613725470544,7.115644728382364
0.03377603303883176,0.14274019766823082,0.0801462666298543,-0.4105339880150149,-2.128169541985812,1.461799167547305,0.02596211343350502,0.5898502463152723,3.8532438724287017
0.2287176427477819,0.15448009872818347,0.10896414767142498,0.08959276736843465,-1.0181176115186856,-0.8461021361773309,-2.0028137385258296,2.469196036692818,6.044815233929302
1.0520386508877517,1.1912196121182514,1.121643299642285,0.9959386848222581,0.5312232285925814,0.2363242820282007,-0.7598679253449151,-0.6218359906044048,7.041156050530696
-0.7335150171471979,-0.8411239045797385,-0.9057958620623987,-0.6045986161795408,0.11379956534029644,-0.9431599243693896,0.9832399694454041,-0.2677945736751827,2.0543414040249157
0.3329743799594378,0.4223362923294915,0.3187520658249963,-1.842384462030672,0.184366707175664,-0.22776554558134285,-0.6289453549327747,-0.5757585244382156,10.569132641280182
-0.005461039109793061,-0.00799687681832506,-0.055165429952634334,-1.916597467518211,1.950943482686692,0.7722114773525048,-0.8288751628002715,0.21211370113122407,10.839137875588
0.394751931382484,0.362056240120026,0.3221242444266494,-1.2594130667061334,-1.2690896148598123,0.10182061310329862,1.3095256365144003,0.38169053447961365,6.136098063605541
-0.8268174501397347,-0.869599358525292,-0.8653933095421771,-1.3131677181999373,-0.027433354183723595,-1.4126410226012216,1.340254400951829,-0.05337484442851077,5.731309444496088
-1.639684692343509,-1.6322554544383396,-1.6031121746625159,-0.15461075861990903,0.3044355228138156,-1.3150291055377534,0.5169904721611418,1.0863259168730321,1.101374849942739
-2.0784698085760063,-2.0499981382405426,-2.084789940580191,-1.188880153597605,-0.7362731165383355,-1.3811639314907738,-0.4551173340386673,-0.6169795037547775,-0.45016756867891367
-1.1191646497991123,-1.0679564508663422,-1.154103500859173,-0.7027549598212041,0.028326745082940964,0.4914525899395903,-0.23947106511632352,0.9861740478907121,2.440900455267818
-0.5269123675494113,-0.45666245983930986,-0.43442059151447737,-0.7740858849820498,-1.599949334084345,2.0638945356566682,-0.804149961574959,0.5384978536410825,2.693346721410181
-0.305983190215803,-0.3575112534029467,-0.2812721679068906,-0.4405078608479934,1.4099062172750279,1.3624582440002129,-0.9947731190286448,-0.012029919898946523,6.668459924448753
1.900121557729645,1.8692182441150504,1.9328004651668584,1.3225043315231224,-0.6816145525304338,-1.8959851991460643,-1.0444164883084324,-0.31493664075714545,5.923697047744034
1.1522112577666699,1.0346365497979861,1.0844704532342002,0.6619475894305167,2.031400164778503,1.421075938069784,-0.6180544067852075,2.4266677587313694,9.847275660128371
-0.9603605226323645,-1.0504722219885962,-0.9222639148156274,0.016129415276003874,-0.03247432391745505,0.9364004170146472,-1.034720990684745,-0.8170086507420794,2.3775407389299
0.33356866499357846,0.35318272042331134,0.33591674026024787,-0.4610262805808381,1.0280535653991831,-1.5452999455287577,-1.563705118543149,0.29793317696841465,8.286735437421552
-0.4123873328814539,-0.3508260402649238,-0.42241310074162197,-0.4332326566230212,-0.05330286899115438,-0.3032016167104975,0.21940266975390574,-0.7502190702421325,3.135840412866764
-0.2732077371197868,-0.28503462738633556,-0.27912933654568883,0.3277464699519495,-0.03074383226052982,1.0955224114958095,0.23459558089343707,1.7856207486213058,4.467832721721486
0.216166359399871,0.07230491154848939,0.27015498356392453,0.5841690733522902,-0.5840293332220078,0.5504335109347853,1.7007927584283167,0.8868263287992036,0.8653054947186876
0.5691855055419243,0.6096330939586658,0.5521533065743331,-0.9076175061006004,0.11912392936627762,-1.3090950523879856,-0.6683383683547026,-0.6783498788411441,8.255112267847954
-0.391337865515079,-0.3473984337156457,-0.3007656392312476,0.03648075561423148,0.31799869441404743,0.6107421557961942,0.29610058962327057,0.5125949934312284,3.609824479293456
1.119085493504485,1.1686514702456305,0.9691929746724532,-2.031619568663027,-0.7842585089151799,-2.1375005960805877,0.31271257927480167,0.2576957212765554,11.392286732338153
-1.1625550697526406,-1.214795121788382,-1.1310745682309729,0.21171378417059702,-0.1250444158598842,-0.22282217575721136,-0.2538375611255331,-0.5166247619747387,1.4630024064137932
-0.06450304226757526,-0.013194817767691344,0.08509320374270499,0.762149241958686,-0.6100988660571137,1.1379567694000488,0.7443335887496761,0.7581642172281733,3.493808898455268
2.6198643620649875,2.6829663606230607,2.6221071528191975,-0.2800686268808754,2.2996640696148387,0.018394215571319834,0.7752291868507144,0.38930539110441015,16.15682157102681
0.24624823292690945,0.2455786596926025,0.23161099655226475,1.8165269961401054,-0.08973076991161853,-0.4989375499619459,0.32741109519753997,0.21569871388595227,2.5576768889665713
1.3566787437433374,1.461380160281994,1.405192033166019,-0.8812384474360504,1.5452321516965593,0.8893462537723492,-0.25563970504779554,-0.04191971124232876,13.346179741528415
0.1029942639463885,0.09724940002440209,0.09307253819763589,0.21744041530326128,-0.19562233080768832,0.9747518150865815,-0.35753010855453504,0.43105449259965123,2.8691290898378865
0.6175562499512154,0.5972742722626599,0.5681739545596289,-0.035824746665955476,0.25928764153490796,1.3100396928669502,-1.3677538987970592,0.22938766149245945,9.213789960922028
-0.038063871807378385,-0.017902717878764733,-0.09608202478925931,-0.10029766744340833,-1.3213640716452693,0.8743424284463873,-0.8059177786176916,0.05909333302501734,1.665582484756578
-0.13880850697613467,-0.21088189710884275,-0.18490136193794793,-0.11432216800474763,-0.44707259186786463,1.0813747939371465,-0.6220075239016879,-0.6410159159875635,4.561107199589009
-0.8496958516299571,-0.7355794677800096,-0.7695633386940977,0.10710503000947168,0.21053467078924676,0.7329085574375346,-1.123971762429434,1.6937662407624925,2.9424643354728035
0.44685336670736303,0.3616512081132763,0.3919405055310212,0.8479587434636998,1.5860038309598667,0.26552864911647195,0.43992396668766426,-1.050419943348547,7.299285141963567
-0.8666681771592902,-0.835118790544191,-0.8918512802200022,1.3777362362747443,0.22198277767627117,0.08950899976381409,1.19662786898701,0.427636218879745,-0.5170797196745601
0.6414457283771969,0.6745222844777455,0.5975730644338204,-0.0022502445041573905,1.3837203611929991,-0.237259719097402,-0.9080624323291501,-0.3202407423014329,9.831670867069908
1.1288147849168964,1.0544723500363047,1.1048232557503548,0.8153160721716332,0.6407291102029202,-1.2123682930597257,0.28344143574463715,1.7595472694492997,6.156538401768708
0.44049513277094143,0.3653971434709476,0.39379757033558294,-0.7017669462667825,1.6274013394646858,-0.9553115088198088,-1.0341111395297102,-0.9034825372238406,10.100292511369496
-0.1965302308256739,-0.3173757411889695,-0.27466571134386597,0.765955452726233,-0.059042217305055426,-0.28201448193520967,-0.30492217093916213,-0.7352632617603321,2.2260603995604704
0.5197059728839913,0.40038051296560884,0.5022241039451294,-0.7619915238269903,2.390222710651804,0.2414521596024293,-0.6903295791777758,-0.9698180632618253,10.99113709021663
-0.3141597646279218,-0.32635379262709485,-0.30427967369237624,1.0906599360881322,-0.485396202914123,1.4408125980042632,0.6018956486064415,0.3234650509506103,1.576854317022331
0.9531831336164664,0.8803476936965662,0.9551476723334371,2.2106408773932396,-0.766461834197669,-0.04179722787551253,-0.6787881738421783,-1.3730506595686418,3.3660534374860998
-1.7930649406259114,-1.8152662110104612,-1.8162142129332455,-0.12208388797139179,-1.2100528496890341,1.003476290877664,1.0116604137066467,-0.47852849475776627,-2.2933620823053675
-0.3295484706536731,-0.39311164282626443,-0.3401843690895566,-2.1925434908074086,2.3310246715580702,1.0793156564321207,-0.24572077366219902,-2.152365822854285,12.67365966691668
-1.9842737857284205,-1.9552131439744451,-2.01735308653048,-0.548072933244823,0.8194475726178976,-0.231446797688791,-0.6496037095948308,0.24042135412809051,1.4222365336758298
-1.4538731736333959,-1.554134783623646,-1.3843531994376095,1.2318751342893033,-0.33412073338030845,0.5946902113701839,-1.253305262345163,-0.5002148587562626,-3.2192830987872663
