method,time,mse,beta,loss_history,scenario
Custom Analytical,0.0010366439819335938,0.009887556142329907,"[ 1.04952965e-03  1.02977099e+00 -1.15418184e+00  5.74098628e-01
 -6.19563586e-01 -3.25745327e-01  4.77115314e-02 -1.19464828e-01
 -1.67626182e+00  1.38235989e+00  1.13506124e+00]",,"Low-dim (N=10000, P=10)"
Custom GD,0.1918625831604004,0.009887580451861859,"[ 1.04654324e-03  1.02974489e+00 -1.15411072e+00  5.74082019e-01
 -6.19523733e-01 -3.25742817e-01  4.77247424e-02 -1.19462547e-01
 -1.67619246e+00  1.38227336e+00  1.13499139e+00]","[np.float64(4.494316762677091), np.float64(4.405627742325389), np.float64(4.318692905303884), np.float64(4.233477513089255), np.float64(4.149947515951717), np.float64(4.068069539280313), np.float64(3.9878108701800485), np.float64(3.909139444335449), np.float64(3.832023833135239), np.float64(3.7564332310529527), np.float64(3.6823374432783647), np.float64(3.6097068735947695), np.float64(3.5385125124972014), np.float64(3.468725925546813), np.float64(3.4003192419566943), np.float64(3.333265143404546), np.float64(3.267536853067684), np.float64(3.2031081248759414), np.float64(3.139953232978156), np.float64(3.0780469614179653), np.float64(3.0173645940147646), np.float64(2.95788190444574), np.float64(2.8995751465249704), np.float64(2.8424210446756843), np.float64(2.786396784591826), np.float64(2.7314800040851646), np.float64(2.677648784114253), np.float64(2.6248816399916244), np.float64(2.5731575127656727), np.float64(2.5224557607737497), np.float64(2.4727561513630683), np.float64(2.424038852776071), np.float64(2.376284426197007), np.float64(2.3294738179564862), np.float64(2.2835883518908924), np.float64(2.238609721853561), np.float64(2.1945199843747125), np.float64(2.1513015514671667), np.float64(2.10893718357496), np.float64(2.0674099826620114), np.float64(2.0267033854380463), np.float64(1.9868011567190638), np.float64(1.947687382919665), np.float64(1.9093464656746095), np.float64(1.8717631155870509), np.float64(1.834922346100916), np.float64(1.7988094674949655), np.float64(1.763410080996117), np.float64(1.7287100730096587), np.float64(1.6946956094640264), np.float64(1.6613531302678708), np.float64(1.6286693438771813), np.float64(1.5966312219702758), np.float64(1.5652259942285158), np.float64(1.5344411432206397), np.float64(1.5042643993886624), np.float64(1.474683736133314), np.float64(1.4456873649970445), np.float64(1.417263730942653), np.float64(1.3894015077256385), np.float64(1.3620895933584167), np.float64(1.335317105664567), np.float64(1.309073377921327), np.float64(1.283347954588581), np.float64(1.2581305871226178), np.float64(1.2334112298729782), np.float64(1.2091800360607412), np.float64(1.1854273538366245), np.float64(1.162143722417321), np.float64(1.1393198682985108), np.float64(1.1169467015430288), np.float64(1.0950153121426907), np.float64(1.0735169664523185), np.float64(1.0524431036945265), np.float64(1.0317853325338642), np.float64(1.0115354277189381), np.float64(0.9916853267911611), np.float64(0.9722271268588043), np.float64(0.9531530814350597), np.float64(0.934455597338832), np.float64(0.9161272316570248), np.float64(0.89816068876709), np.float64(0.8805488174186499), np.float64(0.8632846078730132), np.float64(0.8463611890994415), np.float64(0.829771826027031), np.float64(0.8135099168511115), np.float64(0.7975689903930762), np.float64(0.7819427035125829), np.float64(0.7666248385710842), np.float64(0.7516093009456706), np.float64(0.7368901165922229), np.float64(0.7224614296569004), np.float64(0.7083175001349985), np.float64(0.6944527015762391), np.float64(0.6808615188355721), np.float64(0.6675385458685816), np.float64(0.6544784835706129), np.float64(0.6416761376587515), np.float64(0.6291264165958033), np.float64(0.6168243295554425), np.float64(0.6047649844277097), np.float64(0.5929435858640576), np.float64(0.5813554333611621), np.float64(0.5699959193827253), np.float64(0.5588605275185204), np.float64(0.5479448306799355), np.float64(0.5372444893312938), np.float64(0.5267552497562391), np.float64(0.5164729423584917), np.float64(0.5063934799962903), np.float64(0.49651285634985326), np.float64(0.4868271443212034), np.float64(0.47733249446571224), np.float64(0.46802513345473734), np.float64(0.45890136256873204), np.float64(0.44995755622022515), np.float64(0.44119016050607807), np.float64(0.4325956917884349), np.float64(0.4241707353038015), np.float64(0.41591194379969065), np.float64(0.4078160361982871), np.float64(0.39987979628659936), np.float64(0.39210007143256864), np.float64(0.384473771326623), np.float64(0.37699786674816893), np.float64(0.3696693883565281), np.float64(0.3624854255058334), np.float64(0.3554431250834082), np.float64(0.3485396903711631), np.float64(0.3417723799295551), np.float64(0.3351385065036585), np.float64(0.3286354359509123), np.float64(0.3222605861901116), np.float64(0.3160114261712222), np.float64(0.30988547486560575), np.float64(0.3038803002762507), np.float64(0.2979935184676107), np.float64(0.29222279261466394), np.float64(0.28656583207081), np.float64(0.28102039145423124), np.float64(0.2755842697523538), np.float64(0.27025530944404647), np.float64(0.265031395639209), np.float64(0.2599104552354015), np.float64(0.2548904560911803), np.float64(0.24996940621580588), np.float64(0.24514535297500079), np.float64(0.24041638231243728), np.float64(0.23578061798664404), np.float64(0.2312362208230258), np.float64(0.22678138798069578), np.float64(0.2224143522338276), np.float64(0.21813338126723958), np.float64(0.2139367769859271), np.float64(0.209822874838269), np.float64(0.20579004315263463), np.float64(0.20183668248712766), np.float64(0.19796122499220523), np.float64(0.19416213378591737), np.float64(0.19043790234151642), np.float64(0.18678705388719155), np.float64(0.18320814081768777), np.float64(0.17969974411757345), np.float64(0.17626047279592671), np.float64(0.17288896333221274), np.float64(0.16958387913313117), np.float64(0.16634391000021612), np.float64(0.16316777160797497), np.float64(0.16005420499235828), np.float64(0.15700197604935465), np.float64(0.1540098750435111), np.float64(0.1510767161261812), np.float64(0.14820133686330908), np.float64(0.14538259777255988), np.float64(0.14261938186961123), np.float64(0.13991059422342464), np.float64(0.13725516152031886), np.float64(0.13465203163667017), np.float64(0.13210017322006934), np.float64(0.12959857527876759), np.float64(0.12714624677924685), np.float64(0.12474221625175391), np.float64(0.1223855314036403), np.float64(0.12007525874035327), np.float64(0.11781048319392669), np.float64(0.11559030775882274), np.float64(0.113413853134979), np.float64(0.11128025737791818), np.float64(0.1091886755557809), np.float64(0.10713827941314366), np.float64(0.10512825704148814), np.float64(0.10315781255619), np.float64(0.10122616577989807), np.float64(0.09933255193217672), np.float64(0.09747622132528881), np.float64(0.09565643906599584), np.float64(0.09387248476325726), np.float64(0.09212365224171204), np.float64(0.0904092492608271), np.float64(0.08872859723960182), np.float64(0.0870810309867173), np.float64(0.08546589843602291), np.float64(0.08388256038725488), np.float64(0.08233039025188302), np.float64(0.0808087738039836), np.float64(0.07931710893603965), np.float64(0.07785480541957045), np.float64(0.07642128467049518), np.float64(0.07501597951913641), np.float64(0.07363833398477168), np.float64(0.07228780305464379), np.float64(0.0709638524673405), np.float64(0.06966595850045784), np.float64(0.06839360776246195), np.float64(0.0671462969886665), np.float64(0.06592353284124405), np.float64(0.06472483171319152), np.float64(0.06354971953617149), np.float64(0.06239773159215282), np.float64(0.06126841232877498), np.float64(0.06016131517836277), np.float64(0.05907600238051896), np.float64(0.05801204480822424), np.float64(0.05696902179737449), np.float64(0.05594652097968822), np.float64(0.05494413811891675), np.float64(0.0539614769502921), np.float64(0.05299814902314846), np.float64(0.05205377354665418), np.float64(0.05112797723859345), np.float64(0.05022039417713639), np.float64(0.04933066565553888), np.float64(0.048458440039714425), np.float64(0.047603372628620515), np.float64(0.04676512551740459), np.float64(0.0459433674632543), np.float64(0.0451377737538989), np.float64(0.044348026078709614), np.float64(0.04357381240234667), np.float64(0.04281482684090363), np.float64(0.04207076954049899), np.float64(0.04134134655826664), np.float64(0.04062626974569814), np.float64(0.039925256634289794), np.float64(0.039238030323449344), np.float64(0.038564319370617064), np.float64(0.03790385768355836), np.float64(0.03725638441478369), np.float64(0.03662164385805485), np.float64(0.03599938534693554), np.float64(0.035389363155346465), np.float64(0.03479133640008462), np.float64(0.03420506894526858), np.float64(0.03363032930867113), np.float64(0.03306689056990234), np.float64(0.03251453028040626), np.float64(0.031973030375235294), np.float64(0.03144217708656749), np.float64(0.030921760858931804), np.float64(0.03041157626610775), np.float64(0.029911421929666584), np.float64(0.029421100439120978), np.float64(0.02894041827365213), np.float64(0.028469185725382238), np.float64(0.028007216824162778), np.float64(0.02755432926384758), np.float64(0.027110344330022344), np.float64(0.026675086829160834), np.float64(0.026248385019180524), np.float64(0.025830070541369037), np.float64(0.025419978353655125), np.float64(0.02501794666519715), np.float64(0.02462381687226307), np.float64(0.0242374334953764), np.float64(0.023858644117703415), np.float64(0.023487299324656513), np.float64(0.02312325264469031), np.float64(0.022766360491266187), np.float64(0.02241648210596303), np.float64(0.022073479502710804), np.float64(0.02173721741312505), np.float64(0.02140756323292055), np.float64(0.0210843869693829), np.float64(0.020767561189876854), np.float64(0.020456960971371216), np.float64(0.02015246385095985), np.float64(0.019853949777359582), np.float64(0.019561301063365306), np.float64(0.01927440233924353), np.float64(0.01899314050704584), np.float64(0.01871740469582395), np.float64(0.018447086217728753), np.float64(0.018182078524975793), np.float64(0.017922277167659904), np.float64(0.017667579752402553), np.float64(0.017417885901815113), np.float64(0.017173097214762085), np.float64(0.01693311722740853), np.float64(0.016697851375036175), np.float64(0.01646720695461282), np.float64(0.01624109308810048), np.float64(0.016019420686487512), np.float64(0.01580210241453032), np.float64(0.01558905265619078), np.float64(0.015380187480755637), np.float64(0.015175424609624313), np.float64(0.01497468338375191), np.float64(0.014777884731734673), np.float64(0.014584951138524923), np.float64(0.014395806614763182), np.float64(0.01421037666671546), np.float64(0.014028588266803376), np.float64(0.01385036982471579), np.float64(0.013675651159090103), np.float64(0.013504363469752348), np.float64(0.013336439310504761), np.float64(0.01317181256245002), np.float64(0.013010418407841843), np.float64(0.012852193304451129), np.float64(0.012697074960437812), np.float64(0.012545002309718317), np.float64(0.012395915487818765), np.float64(0.012249755808204435), np.float64(0.012106465739075992), np.float64(0.011965988880623384), np.float64(0.011828269942728264), np.float64(0.01169325472310615), np.float64(0.011560890085879544), np.float64(0.01143112394057363), np.float64(0.01130390522152616), np.float64(0.011179183867703255), np.float64(0.011056910802913284), np.float64(0.010937037916410876), np.float64(0.010819518043883182), np.float64(0.010704304948811322), np.float64(0.010591353304199013), np.float64(0.01048061867466158), np.float64(0.010372057498868088), np.float64(0.010265627072329541), np.float64(0.01016128553052645), np.float64(0.010058991832369005), np.float64(0.00995870574398331), np.float64(0.009860387822817186), np.float64(0.009763999402059353), np.float64(0.009669502575365679), np.float64(0.009576860181886547), np.float64(0.0094860357915893), np.float64(0.009396993690869998), np.float64(0.009309698868448787), np.float64(0.009224117001543262), np.float64(0.009140214442314278), np.float64(0.009057958204578994), np.float64(0.00897731595078572), np.float64(0.008898255979245465), np.float64(0.008820747211615082), np.float64(0.008744759180627174), np.float64(0.008670262018061708), np.float64(0.008597226442954685), np.float64(0.00852562375003922), np.float64(0.00845542579841425), np.float64(0.008386605000436713), np.float64(0.00831913431083241), np.float64(0.008252987216021577), np.float64(0.008188137723654633), np.float64(0.00812456035235421), np.float64(0.00806223012165926), np.float64(0.008001122542167291), np.float64(0.007941213605870743), np.float64(0.007882479776683844), np.float64(0.007824897981156034), np.float64(0.007768445599368352), np.float64(0.0077131004560091415), np.float64(0.007658840811625612), np.float64(0.007605645354047661), np.float64(0.007553493189980659), np.float64(0.007502363836763859), np.float64(0.0074522372142911365), np.float64(0.0074030936370908275), np.float64(0.0073549138065616216), np.float64(0.0073076788033613295), np.float64(0.007261370079945598), np.float64(0.007215969453253529), np.float64(0.007171459097537391), np.float64(0.00712782153733358), np.float64(0.007085039640571864), np.float64(0.007043096611820495), np.float64(0.00700197598566425), np.float64(0.0069616616202129306), np.float64(0.006922137690737605), np.float64(0.00688338868343227), np.float64(0.006845399389298274), np.float64(0.006808154898149204), np.float64(0.006771640592733771), np.float64(0.006735842142974483), np.float64(0.0067007455003196955), np.float64(0.006666336892206871), np.float64(0.006632602816634872), np.float64(0.006599530036843109), np.float64(0.006567105576095436), np.float64(0.006535316712566723), np.float64(0.006504150974330124), np.float64(0.006473596134443007), np.float64(0.006443640206129623), np.float64(0.0064142714380586024), np.float64(0.006385478309713426), np.float64(0.0063572495268540185), np.float64(0.006329574017067673), np.float64(0.006302440925407575), np.float64(0.006275839610117101), np.float64(0.006249759638438374), np.float64(0.00622419078250324), np.float64(0.006199123015305139), np.float64(0.006174546506750295), np.float64(0.006150451619786551), np.float64(0.006126828906608435), np.float64(0.0061036691049369055), np.float64(0.006080963134372313), np.float64(0.006058702092819115), np.float64(0.006036877252980965), np.float64(0.006015480058924765), np.float64(0.005994502122712318), np.float64(0.0059739352210983), np.float64(0.005953771292293155), np.float64(0.0059340024327897214), np.float64(0.005914620894252278), np.float64(0.005895619080466817), np.float64(0.00587698954435131), np.float64(0.005858724985024803), np.float64(0.005840818244934149), np.float64(0.005823262307037318), np.float64(0.005806050292042073), np.float64(0.005789175455699015), np.float64(0.0057726311861478205), np.float64(0.00575641100131575), np.float64(0.005740508546367294), np.float64(0.005724917591203991), np.float64(0.005709632028013439), np.float64(0.005694645868866491), np.float64(0.0056799532433617584), np.float64(0.005665548396316422), np.float64(0.005651425685502444), np.float64(0.005637579579427324), np.float64(0.0056240046551585265), np.float64(0.005610695596190654), np.float64(0.005597647190354588), np.float64(0.005584854327767767), np.float64(0.00557231199882474), np.float64(0.005560015292227279), np.float64(0.005547959393053169), np.float64(0.005536139580863057), np.float64(0.005524551227844473), np.float64(0.005513189796992356), np.float64(0.005502050840325363), np.float64(0.005491129997137273), np.float64(0.005480422992282729), np.float64(0.00546992563449672), np.float64(0.005459633814747108), np.float64(0.005449543504619514), np.float64(0.005439650754734018), np.float64(0.005429951693192907), np.float64(0.005420442524059029), np.float64(0.005411119525863985), np.float64(0.005401979050145709), np.float64(0.005393017520014759), np.float64(0.005384231428748812), np.float64(0.005375617338414786), np.float64(0.005367171878518042), np.float64(0.005358891744678146), np.float64(0.005350773697330666), np.float64(0.0053428145604544645), np.float64(0.005335011220324043), np.float64(0.0053273606242863775), np.float64(0.005319859779561808), np.float64(0.005312505752068512), np.float64(0.005305295665270059), np.float64(0.005298226699045621), np.float64(0.005291296088582392), np.float64(0.005284501123289787), np.float64(0.00527783914573494), np.float64(0.005271307550599183), np.float64(0.0052649037836549695), np.float64(0.005258625340762949), np.float64(0.005252469766888725), np.float64(0.005246434655138951), np.float64(0.005240517645816334), np.float64(0.005234716425493269), np.float64(0.00522902872610361), np.float64(0.0052234523240523275), np.float64(0.005217985039342653), np.float64(0.005212624734720344), np.float64(0.005207369314834826), np.float64(0.005202216725416743), np.float64(0.005197164952471715), np.float64(0.005192212021489915), np.float64(0.005187355996671188), np.float64(0.005182594980165375), np.float64(0.005177927111327585), np.float64(0.005173350565988068), np.float64(0.005168863555736463), np.float64(0.005164464327220065), np.float64(0.005160151161455927), np.float64(0.005155922373156434), np.float64(0.005151776310068138), np.float64(0.00514771135232359), np.float64(0.0051437259118058834), np.float64(0.0051398184315256945), np.float64(0.005135987385010553), np.float64(0.005132231275706114), np.float64(0.005128548636389169), np.float64(0.005124938028592204), np.float64(0.00512139804203926), np.float64(0.005117927294092866), np.float64(0.005114524429211826), np.float64(0.005111188118419665), np.float64(0.005107917058783515), np.float64(0.005104709972903232), np.float64(0.0051015656084105266), np.float64(0.005098482737477966), np.float64(0.005095460156337588), np.float64(0.005092496684808973), np.float64(0.005089591165836586), np.float64(0.005086742465036221), np.float64(0.005083949470250306), np.float64(0.005081211091111985), np.float64(0.005078526258617727), np.float64(0.005075893924708346), np.float64(0.005073313061858237), np.float64(0.005070782662672677), np.float64(0.005068301739493032), np.float64(0.005065869324009712), np.float64(0.00506348446688274), np.float64(0.005061146237369742), np.float64(0.005058853722961262), np.float64(0.005056606029023226), np.float64(0.005054402278446424), np.float64(0.005052241611302885), np.float64(0.005050123184508971), np.float64(0.005048046171495109), np.float64(0.005046009761881995), np.float64(0.00504401316116315), np.float64(0.005042055590393713), np.float64(0.005040136285885337), np.float64(0.005038254498907078), np.float64(0.005036409495392155), np.float64(0.00503460055565045), np.float64(0.0050328269740866705), np.float64(0.005031088058924031), np.float64(0.0050293831319333585), np.float64(0.005027711528167522), np.float64(0.0050260725957010565), np.float64(0.005024465695374915), np.float64(0.005022890200546218), np.float64(0.00502134549684291), np.float64(0.005019830981923245), np.float64(0.005018346065239976), np.float64(0.005016890167809181), np.float64(0.00501546272198362), np.float64(0.005014063171230537), np.float64(0.005012690969913831), np.float64(0.005011345583080485), np.float64(0.005010026486251198), np.float64(0.005008733165215123), np.float64(0.005007465115828627), np.float64(0.005006221843817997), np.float64(0.005005002864586033), np.float64(0.005003807703022396), np.float64(0.00500263589331774), np.float64(0.005001486978781418), np.float64(0.005000360511662814), np.float64(0.004999256052976169), np.float64(0.0049981731723288195), np.float64(0.004997111447752848), np.float64(0.0049960704655399885), np.float64(0.004995049820079802), np.float64(0.004994049113701019), np.float64(0.004993067956515986), np.float64(0.004992105966268169), np.float64(0.004991162768182645), np.float64(0.004990237994819526), np.float64(0.004989331285930272), np.float64(0.004988442288316781), np.float64(0.004987570655693301), np.float64(0.004986716048550992), np.float64(0.004985878134025185), np.float64(0.004985056585765226), np.float64(0.004984251083806875), np.float64(0.004983461314447206), np.float64(0.004982686970121961), np.float64(0.004981927749285314), np.float64(0.004981183356291981), np.float64(0.004980453501281656), np.float64(0.004979737900065691), np.float64(0.0049790362740160295), np.float64(0.004978348349956285), np.float64(0.0049776738600549745), np.float64(0.004977012541720842), np.float64(0.00497636413750023), np.float64(0.004975728394976465), np.float64(0.004975105066671214), np.float64(0.004974493909947779), np.float64(0.0049738946869162855), np.float64(0.004973307164340721), np.float64(0.004972731113547809), np.float64(0.0049721663103376645), np.float64(0.004971612534896194), np.float64(0.004971069571709222), np.float64(0.0049705372094782955), np.float64(0.00497001524103814), np.float64(0.004969503463275733), np.float64(0.00496900167705096), np.float64(0.0049685096871188396), np.float64(0.004968027302053248), np.float64(0.004967554334172167), np.float64(0.004967090599464372), np.float64(0.004966635917517573), np.float64(0.004966190111447957), np.float64(0.004965753007831117), np.float64(0.004965324436634316), np.float64(0.004964904231150107), np.float64(0.0049644922279312356), np.float64(0.004964088266726813), np.float64(0.0049636921904197585), np.float64(0.004963303844965455), np.float64(0.004962923079331602), np.float64(0.0049625497454392625), np.float64(0.004962183698105052), np.float64(0.0049618247949844655), np.float64(0.004961472896516311), np.float64(0.004961127865868239), np.float64(0.0049607895688833364), np.float64(0.004960457874027755), np.float64(0.004960132652339386), np.float64(0.004959813777377522), np.float64(0.004959501125173522), np.float64(0.004959194574182424), np.float64(0.0049588940052355205), np.float64(0.004958599301493858), np.float64(0.004958310348402644), np.float64(0.004958027033646553), np.float64(0.004957749247105904), np.float64(0.004957476880813696), np.float64(0.004957209828913489), np.float64(0.004956947987618105), np.float64(0.004956691255169142), np.float64(0.004956439531797273), np.float64(0.004956192719683344), np.float64(0.004955950722920198), np.float64(0.004955713447475284), np.float64(0.004955480801153972), np.float64(0.0049552526935635974), np.float64(0.004955029036078214), np.float64(0.004954809741804021), np.float64(0.004954594725545489), np.float64(0.004954383903772123), np.float64(0.004954177194585907), np.float64(0.004953974517689354), np.float64(0.004953775794354212), np.float64(0.004953580947390759), np.float64(0.004953389901117707), np.float64(0.004953202581332707), np.float64(0.004953018915283407), np.float64(0.004952838831639103), np.float64(0.0049526622604629264), np.float64(0.004952489133184585), np.float64(0.00495231938257363), np.float64(0.004952152942713258), np.float64(0.004951989748974615), np.float64(0.004951829737991613), np.float64(0.004951672847636222), np.float64(0.004951519016994273), np.float64(0.004951368186341708), np.float64(0.004951220297121311), np.float64(0.004951075291919892), np.float64(0.004950933114445915), np.float64(0.004950793709507555), np.float64(0.00495065702299121), np.float64(0.004950523001840406), np.float64(0.004950391594035128), np.float64(0.004950262748571557), np.float64(0.004950136415442198), np.float64(0.004950012545616401), np.float64(0.004949891091021263), np.float64(0.0049497720045228975), np.float64(0.0049496552399080785), np.float64(0.004949540751866244), np.float64(0.0049494284959718405), np.float64(0.004949318428667028), np.float64(0.004949210507244715), np.float64(0.0049491046898319235), np.float64(0.004949000935373485), np.float64(0.0049488992036160525), np.float64(0.004948799455092431), np.float64(0.004948701651106201), np.float64(0.0049486057537166585), np.float64(0.004948511725724042), np.float64(0.004948419530655045), np.float64(0.004948329132748622), np.float64(0.004948240496942064), np.float64(0.004948153588857348), np.float64(0.004948068374787752), np.float64(0.004947984821684746), np.float64(0.004947902897145114), np.float64(0.004947822569398346), np.float64(0.004947743807294279), np.float64(0.004947666580290965), np.float64(0.004947590858442788), np.float64(0.0049475166123888106), np.float64(0.004947443813341342), np.float64(0.004947372433074749), np.float64(0.004947302443914455), np.float64(0.004947233818726188), np.float64(0.004947166530905409), np.float64(0.00494710055436697), np.float64(0.0049470358635349595), np.float64(0.004946972433332754), np.float64(0.004946910239173265), np.float64(0.004946849256949367), np.float64(0.004946789463024527), np.float64(0.004946730834223603), np.float64(0.004946673347823837), np.float64(0.004946616981546009), np.float64(0.004946561713545773), np.float64(0.004946507522405168), np.float64(0.0049464543871242765), np.float64(0.004946402287113068), np.float64(0.004946351202183382), np.float64(0.004946301112541085), np.float64(0.0049462519987783695), np.float64(0.0049462038418662075), np.float64(0.004946156623146951), np.float64(0.004946110324327078), np.float64(0.00494606492747008), np.float64(0.004946020414989486), np.float64(0.004945976769642034), np.float64(0.004945933974520948), np.float64(0.004945892013049388), np.float64(0.004945850868973993), np.float64(0.004945810526358564), np.float64(0.0049457709695778715), np.float64(0.004945732183311582), np.float64(0.004945694152538303), np.float64(0.0049456568625297435), np.float64(0.004945620298844989), np.float64(0.0049455844473248935), np.float64(0.004945549294086575), np.float64(0.004945514825518014), np.float64(0.004945481028272776), np.float64(0.004945447889264814), np.float64(0.004945415395663389), np.float64(0.004945383534888085), np.float64(0.004945352294603918), np.float64(0.00494532166271655), np.float64(0.00494529162736758), np.float64(0.004945262176929944), np.float64(0.004945233300003397), np.float64(0.004945204985410087), np.float64(0.004945177222190203), np.float64(0.004945149999597731), np.float64(0.004945123307096269), np.float64(0.004945097134354939), np.float64(0.004945071471244379), np.float64(0.004945046307832799), np.float64(0.004945021634382133), np.float64(0.004944997441344247), np.float64(0.004944973719357246), np.float64(0.004944950459241819), np.float64(0.004944927651997699), np.float64(0.0049449052888001395), np.float64(0.0049448833609965145), np.float64(0.004944861860102939), np.float64(0.0049448407778009875), np.float64(0.004944820105934459), np.float64(0.004944799836506212), np.float64(0.00494477996167506), np.float64(0.004944760473752724), np.float64(0.004944741365200854), np.float64(0.0049447226286281), np.float64(0.004944704256787238), np.float64(0.004944686242572367), np.float64(0.004944668579016144), np.float64(0.004944651259287079), np.float64(0.004944634276686891), np.float64(0.004944617624647897), np.float64(0.004944601296730474), np.float64(0.004944585286620557), np.float64(0.0049445695881271835), np.float64(0.004944554195180096), np.float64(0.004944539101827388), np.float64(0.004944524302233192), np.float64(0.004944509790675412), np.float64(0.004944495561543512), np.float64(0.004944481609336331), np.float64(0.004944467928659952), np.float64(0.004944454514225612), np.float64(0.004944441360847647), np.float64(0.004944428463441476), np.float64(0.004944415817021643), np.float64(0.004944403416699867), np.float64(0.004944391257683157), np.float64(0.004944379335271948), np.float64(0.004944367644858279), np.float64(0.004944356181924005), np.float64(0.00494434494203905), np.float64(0.0049443339208596815), np.float64(0.004944323114126831), np.float64(0.00494431251766444), np.float64(0.004944302127377844), np.float64(0.00494429193925218), np.float64(0.004944281949350835), np.float64(0.004944272153813914), np.float64(0.004944262548856747), np.float64(0.004944253130768425), np.float64(0.004944243895910351), np.float64(0.004944234840714844), np.float64(0.004944225961683738), np.float64(0.004944217255387046), np.float64(0.0049442087184616125), np.float64(0.004944200347609823), np.float64(0.004944192139598319), np.float64(0.0049441840912567425), np.float64(0.004944176199476518), np.float64(0.004944168461209637), np.float64(0.004944160873467479), np.float64(0.00494415343331966), np.float64(0.004944146137892887), np.float64(0.004944138984369852), np.float64(0.0049441319699881385), np.float64(0.004944125092039145), np.float64(0.0049441183478670485), np.float64(0.004944111734867764), np.float64(0.00494410525048794), np.float64(0.004944098892223967), np.float64(0.004944092657621012), np.float64(0.004944086544272065), np.float64(0.004944080549817004), np.float64(0.004944074671941683), np.float64(0.004944068908377041), np.float64(0.004944063256898211), np.float64(0.004944057715323669), np.float64(0.004944052281514384), np.float64(0.004944046953372991), np.float64(0.00494404172884298), np.float64(0.004944036605907896), np.float64(0.004944031582590558), np.float64(0.0049440266569523005), np.float64(0.004944021827092215), np.float64(0.004944017091146416), np.float64(0.004944012447287321), np.float64(0.004944007893722941), np.float64(0.0049440034286961886), np.float64(0.004943999050484196), np.float64(0.00494399475739765), np.float64(0.004943990547780131), np.float64(0.004943986420007485), np.float64(0.004943982372487183), np.float64(0.004943978403657707), np.float64(0.0049439745119879515), np.float64(0.004943970695976624), np.float64(0.004943966954151667), np.float64(0.004943963285069686), np.float64(0.004943959687315398), np.float64(0.0049439561595010706), np.float64(0.004943952700266), np.float64(0.004943949308275972), np.float64(0.004943945982222754), np.float64(0.004943942720823583), np.float64(0.004943939522820672), np.float64(0.004943936386980726), np.float64(0.004943933312094457), np.float64(0.004943930296976127), np.float64(0.004943927340463078), np.float64(0.0049439244414152895), np.float64(0.004943921598714935), np.float64(0.00494391881126595), np.float64(0.0049439160779936086), np.float64(0.004943913397844105), np.float64(0.004943910769784151), np.float64(0.004943908192800567), np.float64(0.004943905665899907), np.float64(0.00494390318810805), np.float64(0.0049439007584698505), np.float64(0.004943898376048745), np.float64(0.004943896039926405), np.float64(0.004943893749202379), np.float64(0.004943891502993737), np.float64(0.004943889300434737), np.float64(0.004943887140676489), np.float64(0.004943885022886625), np.float64(0.004943882946248976), np.float64(0.004943880909963258), np.float64(0.004943878913244764), np.float64(0.004943876955324059), np.float64(0.0049438750354466815), np.float64(0.0049438731528728555), np.float64(0.004943871306877197), np.float64(0.004943869496748446), np.float64(0.004943867721789176), np.float64(0.00494386598131554), np.float64(0.0049438642746569925), np.float64(0.004943862601156042), np.float64(0.004943860960167988), np.float64(0.004943859351060675), np.float64(0.004943857773214251), np.float64(0.004943856226020922), np.float64(0.004943854708884723), np.float64(0.004943853221221288), np.float64(0.004943851762457612), np.float64(0.00494385033203185), np.float64(0.00494384892939308), np.float64(0.004943847554001104), np.float64(0.004943846205326234), np.float64(0.004943844882849086), np.float64(0.004943843586060379), np.float64(0.004943842314460745), np.float64(0.004943841067560527), np.float64(0.004943839844879597), np.float64(0.004943838645947165), np.float64(0.004943837470301605), np.float64(0.004943836317490263), np.float64(0.004943835187069296), np.float64(0.0049438340786034955), np.float64(0.004943832991666116), np.float64(0.0049438319258387165), np.float64(0.0049438308807109935), np.float64(0.004943829855880625), np.float64(0.0049438288509531135), np.float64(0.004943827865541638), np.float64(0.004943826899266901), np.float64(0.004943825951756978), np.float64(0.0049438250226471825), np.float64(0.0049438241115799236), np.float64(0.0049438232182045586), np.float64(0.004943822342177272), np.float64(0.004943821483160929), np.float64(0.004943820640824954), np.float64(0.0049438198148452), np.float64(0.004943819004903827), np.float64(0.004943818210689173), np.float64(0.004943817431895635), np.float64(0.004943816668223562), np.float64(0.004943815919379118), np.float64(0.004943815185074192), np.float64(0.004943814465026269), np.float64(0.004943813758958329), np.float64(0.004943813066598741), np.float64(0.004943812387681154), np.float64(0.004943811721944398), np.float64(0.004943811069132379), np.float64(0.004943810428993983), np.float64(0.00494380980128298), np.float64(0.004943809185757927), np.float64(0.004943808582182075), np.float64(0.004943807990323279), np.float64(0.0049438074099539065), np.float64(0.004943806840850752), np.float64(0.004943806282794951), np.float64(0.004943805735571887), np.float64(0.004943805198971125), np.float64(0.004943804672786317), np.float64(0.004943804156815124), np.float64(0.004943803650859146), np.float64(0.004943803154723837), np.float64(0.004943802668218433), np.float64(0.004943802191155879), np.float64(0.004943801723352755), np.float64(0.004943801264629208), np.float64(0.004943800814808881), np.float64(0.004943800373718845), np.float64(0.00494379994118953), np.float64(0.004943799517054669), np.float64(0.0049437991011512155), np.float64(0.004943798693319304), np.float64(0.004943798293402169), np.float64(0.004943797901246094), np.float64(0.00494379751670035), np.float64(0.0049437971396171405), np.float64(0.004943796769851534), np.float64(0.004943796407261425), np.float64(0.004943796051707463), np.float64(0.00494379570305301), np.float64(0.00494379536116408), np.float64(0.004943795025909295), np.float64(0.004943794697159826), np.float64(0.0049437943747893485), np.float64(0.004943794058673997), np.float64(0.004943793748692308), np.float64(0.00494379344472518), np.float64(0.0049437931466558265), np.float64(0.004943792854369731), np.float64(0.004943792567754601), np.float64(0.0049437922867003265), np.float64(0.0049437920110989375), np.float64(0.004943791740844561), np.float64(0.004943791475833382), np.float64(0.0049437912159636), np.float64(0.004943790961135399), np.float64(0.004943790711250894), np.float64(0.00494379046621411), np.float64(0.004943790225930929)]","Low-dim (N=10000, P=10)"
Statsmodels OLS,0.006242513656616211,0.009887556142329907,"[ 1.04952965e-03  1.02977099e+00 -1.15418184e+00  5.74098628e-01
 -6.19563586e-01 -3.25745327e-01  4.77115314e-02 -1.19464828e-01
 -1.67626182e+00  1.38235989e+00  1.13506124e+00]",,"Low-dim (N=10000, P=10)"
Sklearn Linear,0.004630327224731445,0.009887556142329907,"[ 1.04952965e-03  1.02977099e+00 -1.15418184e+00  5.74098628e-01
 -6.19563586e-01 -3.25745327e-01  4.77115314e-02 -1.19464828e-01
 -1.67626182e+00  1.38235989e+00  1.13506124e+00]",,"Low-dim (N=10000, P=10)"
Sklearn SGD,0.049246788024902344,0.009887600538854053,"[-0.00779039  1.05246772 -1.14494259  0.57591506 -0.61485054 -0.32509362
  0.04776244 -0.12077931 -1.67825353  1.37673561  1.12566043]",,"Low-dim (N=10000, P=10)"
Custom Analytical,0.02446436882019043,0.00987701690061499,"[-6.76461283e-04  1.06276328e+00 -4.95436382e-01  1.31019048e-01
 -1.47899379e+00 -3.10984851e-01 -1.99203155e+00 -3.21635662e-01
  1.54627008e+00  1.96907751e+00 -1.74161214e+00 -2.70768646e-01
 -9.15932839e-01 -7.04933712e-01  7.13987368e-01  5.66508691e-01
  2.42925252e-01  8.54924408e-02 -1.10390406e+00  1.74856156e+00
  6.39053364e-01  4.34522483e-01  8.53266575e-01  1.63409906e+00
 -1.07762233e+00  1.10673504e+00 -3.91195093e-01 -1.13523824e+00
 -1.07300764e-01  1.23848623e-01 -9.94848091e-01 -8.40286031e-01
  4.17308436e-01 -1.65801806e+00  8.02781024e-01  2.06709196e-02
  1.37771508e-01  1.82585112e-01  7.90518046e-01  8.38794612e-01
 -8.55574423e-01  6.21459082e-02 -7.64011020e-02 -8.48971963e-01
 -6.35251158e-01  1.61806579e+00 -1.62804232e-01  4.54700819e-01
  8.93715594e-02 -5.08919935e-01 -7.45747041e-01  8.75839499e-01
 -4.02518849e-02  5.33173830e-01 -7.31305723e-01 -4.75738981e-01
 -8.57035577e-02 -3.60026527e-01 -1.35226447e-01  1.40433964e+00
  9.74924124e-01 -4.12828350e-01  4.58060711e-01 -1.66861680e+00
  3.05537141e-02  8.56874501e-02 -3.03356869e-01 -1.13065729e+00
 -6.45814461e-03 -1.90493195e-01  6.77229058e-01 -2.09769638e-01
 -2.36972672e-01 -1.43478544e+00  3.46276848e-01  1.41598185e-01
 -3.36905358e-01  5.08068136e-01 -4.54316492e-01  1.80589674e+00
 -3.62470071e-01 -1.52454633e+00 -2.05822098e+00  1.79962459e-03
 -1.59848091e-01 -1.52713498e+00 -8.52600800e-02  2.05277243e+00
 -2.03433629e+00 -4.12111689e-01 -4.44134083e-01 -1.04166323e+00
  7.68673410e-01 -6.62071318e-01  1.09031660e+00 -1.41225769e+00
 -5.14357502e-01 -8.32860592e-01  1.06663497e+00 -4.27582070e-01
  6.14688216e-01 -2.23969482e+00  9.27669795e-01 -1.16973487e+00
 -1.25033707e+00  6.84855532e-01 -1.03291773e+00  1.28904748e+00
  2.05349779e+00 -3.49676299e-01 -2.71697773e-01  1.20243613e+00
 -9.91662714e-01  1.13146980e+00 -6.28015507e-02  8.31490413e-01
 -7.14877327e-01  1.27643955e+00 -1.43176851e+00  1.45304593e+00
  1.11051639e+00 -5.70331375e-01  3.42965610e-01 -5.01385912e-01
  2.64838623e-01 -5.04653645e-01 -9.27730389e-01  3.92771201e-01
  1.97463303e-01 -6.67092421e-03 -1.19322638e-01  7.42011288e-01
 -4.94306253e-01 -7.08571096e-01  1.23114261e+00 -4.55190217e-01
 -7.36320911e-01 -5.65253286e-01 -6.66399102e-01  1.75628072e+00
 -8.71015835e-02 -1.41970146e+00  1.08509236e-01 -1.32871877e+00
  1.81000200e+00  1.55368147e+00  9.30614464e-01  4.28220968e-01
 -1.51986803e+00  7.81387335e-01 -2.49647860e-01 -1.02088509e+00
 -1.49883512e+00  3.46705883e-01 -3.84382816e-01 -8.58557471e-01
  5.34659333e-01  1.56135494e+00  1.20075964e+00  4.34346285e-01
 -6.53420012e-01  8.60578078e-01  1.16729982e+00  8.95242201e-01
  1.20000477e+00 -1.09573156e+00 -6.85918285e-01 -7.57329903e-01
  2.73027802e-01 -1.62857540e-01 -4.47064544e-01  1.00089752e+00
  3.54686576e-01 -5.69486025e-01  8.74065272e-01 -1.03847052e-01
 -3.03653674e-01 -2.16634921e+00  3.04728094e-01 -5.91359211e-01
  1.74003950e+00  9.76163609e-01  1.22120312e+00  5.59361079e-02
  2.25549436e+00  1.89253629e+00 -4.69727717e-02  4.63077343e-01
 -3.07843551e-01  5.67666968e-02  1.91797206e-01  7.41809801e-01
 -5.75087128e-01  1.84468034e+00 -9.31169719e-01 -3.22128769e-01
  3.96585835e-01  8.21026614e-01 -2.25410506e-01 -1.67827861e+00
 -6.27629575e-01]",,"High-dim (N=10000, P=200)"
Custom GD,4.089890241622925,0.009878808018142879,"[-5.90309037e-04  1.06278662e+00 -4.95489677e-01  1.31001262e-01
 -1.47885277e+00 -3.11006570e-01 -1.99184234e+00 -3.21538099e-01
  1.54621443e+00  1.96882990e+00 -1.74144238e+00 -2.70642908e-01
 -9.15730579e-01 -7.04761155e-01  7.13875892e-01  5.66437467e-01
  2.42973078e-01  8.56522348e-02 -1.10380546e+00  1.74853534e+00
  6.38902598e-01  4.34540980e-01  8.53135913e-01  1.63400056e+00
 -1.07776217e+00  1.10670122e+00 -3.91161627e-01 -1.13517120e+00
 -1.07269233e-01  1.23869418e-01 -9.94827061e-01 -8.40284086e-01
  4.17253452e-01 -1.65810963e+00  8.02709694e-01  2.06336426e-02
  1.37818746e-01  1.82707417e-01  7.90413906e-01  8.38783357e-01
 -8.55608571e-01  6.21647454e-02 -7.64489212e-02 -8.48950121e-01
 -6.35273337e-01  1.61793603e+00 -1.62873061e-01  4.54790680e-01
  8.93457975e-02 -5.08869080e-01 -7.45807661e-01  8.75811307e-01
 -4.03345061e-02  5.33198709e-01 -7.31261829e-01 -4.75648448e-01
 -8.57449913e-02 -3.60157131e-01 -1.35187813e-01  1.40423028e+00
  9.74934010e-01 -4.12754407e-01  4.58093374e-01 -1.66859416e+00
  3.06271770e-02  8.57446297e-02 -3.03323031e-01 -1.13053254e+00
 -6.43153008e-03 -1.90270672e-01  6.76976088e-01 -2.09677403e-01
 -2.37003114e-01 -1.43466170e+00  3.46327570e-01  1.41454517e-01
 -3.36723836e-01  5.08045115e-01 -4.54331275e-01  1.80581858e+00
 -3.62260717e-01 -1.52452199e+00 -2.05808718e+00  1.72196442e-03
 -1.59821825e-01 -1.52690438e+00 -8.51497729e-02  2.05258653e+00
 -2.03425993e+00 -4.12082124e-01 -4.44179316e-01 -1.04155723e+00
  7.68586490e-01 -6.61956298e-01  1.09022573e+00 -1.41216580e+00
 -5.14287622e-01 -8.32781916e-01  1.06656767e+00 -4.27601501e-01
  6.14612518e-01 -2.23954997e+00  9.27531686e-01 -1.16961711e+00
 -1.25032146e+00  6.84823758e-01 -1.03289458e+00  1.28906686e+00
  2.05340181e+00 -3.49539668e-01 -2.71687605e-01  1.20236953e+00
 -9.91610728e-01  1.13147976e+00 -6.29771118e-02  8.31285438e-01
 -7.14802285e-01  1.27626233e+00 -1.43162176e+00  1.45296689e+00
  1.11045480e+00 -5.70290828e-01  3.42785479e-01 -5.01425105e-01
  2.64736116e-01 -5.04523246e-01 -9.27668527e-01  3.92718200e-01
  1.97570679e-01 -6.64059612e-03 -1.19472174e-01  7.41882117e-01
 -4.94221736e-01 -7.08452364e-01  1.23104401e+00 -4.55217364e-01
 -7.36089857e-01 -5.65383833e-01 -6.66324860e-01  1.75626909e+00
 -8.71595597e-02 -1.41961008e+00  1.08529437e-01 -1.32862810e+00
  1.80993684e+00  1.55341757e+00  9.30563678e-01  4.28118842e-01
 -1.51974655e+00  7.81308127e-01 -2.49794735e-01 -1.02077356e+00
 -1.49879711e+00  3.46748526e-01 -3.84374255e-01 -8.58531456e-01
  5.34568453e-01  1.56119743e+00  1.20070107e+00  4.34370281e-01
 -6.53507861e-01  8.60589803e-01  1.16723562e+00  8.95147499e-01
  1.19991477e+00 -1.09563673e+00 -6.85939754e-01 -7.57141209e-01
  2.72903977e-01 -1.62899751e-01 -4.47209600e-01  1.00079660e+00
  3.54520768e-01 -5.69470829e-01  8.74003947e-01 -1.03804494e-01
 -3.03768854e-01 -2.16627962e+00  3.04721373e-01 -5.91395463e-01
  1.73997609e+00  9.76081885e-01  1.22107441e+00  5.59079729e-02
  2.25528741e+00  1.89249343e+00 -4.68682512e-02  4.63108122e-01
 -3.07687628e-01  5.68387193e-02  1.91769268e-01  7.41730348e-01
 -5.74824199e-01  1.84455071e+00 -9.31064946e-01 -3.22121042e-01
  3.96625709e-01  8.21155494e-01 -2.25490389e-01 -1.67804018e+00
 -6.27591334e-01]","[np.float64(93.11049691713595), np.float64(91.1687722110273), np.float64(89.26812410299172), np.float64(87.40767180844168), np.float64(85.58655367032465), np.float64(83.80392673878944), np.float64(82.05896636019142), np.float64(80.35086577522735), np.float64(78.67883572599484), np.float64(77.0421040717763), np.float64(75.43991541335136), np.float64(73.87153072564698), np.float64(72.33622699853798), np.float64(70.8332968856153), np.float64(69.36204836074354), np.float64(67.92180438223336), np.float64(66.51190256445769), np.float64(65.13169485674564), np.float64(63.780547229390734), np.float64(62.45783936661426), np.float64(61.16296436632832), np.float64(59.895328446546024), np.float64(58.65435065829044), np.float64(57.4394626048569), np.float64(56.250108167286335), np.float64(55.0857432359111), np.float64(53.94583544783746), np.float64(52.829863930231824), np.float64(51.737319049281496), np.float64(50.66770216470278), np.float64(49.62052538967285), np.float64(48.59531135606408), np.float64(47.591592984862615), np.float64(46.60891326165537), np.float64(45.646825017072494), np.float64(44.704890712074636), np.float64(43.78268222797701), np.float64(42.8797806611047), np.float64(41.99577612197582), np.float64(41.130267538911795), np.float64(40.282862465975995), np.float64(39.45317689514429), np.float64(38.640835072613356), np.float64(37.84546931915455), np.float64(37.06671985442332), np.float64(36.30423462513597), np.float64(35.557669137028), np.float64(34.82668629050965), np.float64(34.11095621993649), np.float64(33.41015613641471), np.float64(32.7239701740625), np.float64(32.052089239650684), np.float64(31.39421086554752), np.float64(30.750039065894374), np.float64(30.11928419594022), np.float64(29.50166281446523), np.float64(28.89689754922447), np.float64(28.304716965344973), np.float64(27.724855436610444), np.float64(27.157053019569698), np.float64(26.601055330406048), np.float64(26.056613424506583), np.float64(25.523483678671287), np.float64(25.00142767590366), np.float64(24.490212092725564), np.float64(23.989608588960337), np.float64(23.499393699929566), np.float64(23.01934873101007), np.float64(22.549259654498755), np.float64(22.08891700873439), np.float64(21.63811579942626), np.float64(21.19665540314088), np.float64(20.764339472899156), np.float64(20.340975845837104), np.float64(19.926376452884778), np.float64(19.520357230418536), np.float64(19.122738033843245), np.float64(18.73334255306166), np.float64(18.35199822978938), np.float64(17.978536176674545), np.float64(17.612791098182534), np.float64(17.254601213206595), np.float64(16.903808179366436), np.float64(16.56025701895743), np.float64(16.223796046514146), np.float64(15.8942767979525), np.float64(15.571553961255812), np.float64(15.255485308670677), np.float64(14.945931630379448), np.float64(14.64275666961674), np.float64(14.345827059198195), np.float64(14.055012259430415), np.float64(13.770184497371604), np.float64(13.491218707413296), np.float64(13.217992473153977), np.float64(12.950385970536308), np.float64(12.688281912220061), np.float64(12.431565493163667), np.float64(12.18012433738776), np.float64(11.933848445894796), np.float64(11.692630145719297), np.float64(11.456364040083919), np.float64(11.224946959637041), np.float64(10.998277914748176), np.float64(10.776258048837889), np.float64(10.558790592719665), np.float64(10.34578081993138), np.float64(10.137136003034778), np.float64(9.932765370861684), np.float64(9.7325800666862), np.float64(9.536493107302597), np.float64(9.344419342989065), np.float64(9.156275418337906), np.float64(8.971979733933196), np.float64(8.79145240885737), np.float64(8.614615244008581), np.float64(8.441391686211087), np.float64(8.271706793101323), np.float64(8.105487198772684), np.float64(7.942661080162446), np.float64(7.783158124164569), np.float64(7.626909495452563), np.float64(7.473847804996845), np.float64(7.323907079261482), np.float64(7.177022730065404), np.float64(7.033131525093668), np.float64(6.892171559044506), np.float64(6.754082225398332), np.float64(6.618804188795106), np.float64(6.4862793580068105), np.float64(6.35645085949206), np.float64(6.229263011520122), np.float64(6.104661298851983), np.float64(5.982592347966288), np.float64(5.863003902818305), np.float64(5.745844801120293), np.float64(5.631064951131921), np.float64(5.5186153089496495), np.float64(5.408447856284196), np.float64(5.300515578715491), np.float64(5.194772444414698), np.float64(5.091173383323193), np.float64(4.989674266778531), np.float64(4.890231887577687), np.float64(4.792803940468105), np.float64(4.69734900305721), np.float64(4.603826517131333), np.float64(4.5121967703751515), np.float64(4.422420878482942), np.float64(4.3344607676531535), np.float64(4.248279157457974), np.float64(4.163839544079772), np.float64(4.081106183906447), np.float64(4.000044077477901), np.float64(3.920618953776051), np.float64(3.842797254850896), np.float64(3.7665461207754016), np.float64(3.691833374922049), np.float64(3.618627509554106), np.float64(3.546897671724796), np.float64(3.476613649477706), np.float64(3.407745858341915), np.float64(3.3402653281154766), np.float64(3.2741436899310083), np.float64(3.2093531635973034), np.float64(3.145866545210986), np.float64(3.08365719503239), np.float64(3.0226990256199384), np.float64(2.962966490217463), np.float64(2.904434571388976), np.float64(2.8470787698955835), np.float64(2.790875093809288), np.float64(2.7358000478585938), np.float64(2.6818306230008973), np.float64(2.6289442862167878), np.float64(2.577118970521468), np.float64(2.5263330651886164), np.float64(2.4765654061821163), np.float64(2.4277952667911746), np.float64(2.3800023484644544), np.float64(2.333166771838929), np.float64(2.287269067959278), np.float64(2.2422901696837187), np.float64(2.1982114032722646), np.float64(2.1550144801534907), np.float64(2.1126814888659675), np.float64(2.0711948871706065), np.float64(2.0305374943302517), np.float64(1.990692483552919), np.float64(1.9516433745951731), np.float64(1.9133740265222026), np.float64(1.8758686306212302), np.float64(1.8391117034649698), np.float64(1.8030880801219085), np.float64(1.7677829075102702), np.float64(1.7331816378925748), np.float64(1.6992700225077852), np.float64(1.6660341053380894), np.float64(1.6334602170074333), np.float64(1.6015349688089906), np.float64(1.5702452468588002), np.float64(1.5395782063728736), np.float64(1.5095212660651327), np.float64(1.4800621026635903), np.float64(1.4511886455422478), np.float64(1.4228890714662306), np.float64(1.3951517994477458), np.float64(1.3679654857104928), np.float64(1.3413190187602106), np.float64(1.3152015145590912), np.float64(1.2896023118018438), np.float64(1.2645109672912473), np.float64(1.2399172514110517), np.float64(1.2158111436941685), np.float64(1.1921828284841072), np.float64(1.1690226906876713), np.float64(1.1463213116169773), np.float64(1.1240694649188763), np.float64(1.1022581125899356), np.float64(1.0808784010751398), np.float64(1.0599216574485444), np.float64(1.0393793856741267), np.float64(1.01924326294513), np.float64(0.9995051361002366), np.float64(0.9801570181149278), np.float64(0.9611910846664358), np.float64(0.9425996707707229), np.float64(0.9243752674899599), np.float64(0.9065105187089985), np.float64(0.888998217979382), np.float64(0.8718313054294519), np.float64(0.855002864739153), np.float64(0.8385061201781591), np.float64(0.8223344337059825), np.float64(0.8064813021327447), np.float64(0.7909403543393281), np.float64(0.7757053485556479), np.float64(0.7607701696958111), np.float64(0.7461288267489603), np.float64(0.73177545022462), np.float64(0.717704289651394), np.float64(0.7039097111278813), np.float64(0.6903861949247088), np.float64(0.6771283331365973), np.float64(0.6641308273834037), np.float64(0.6513884865591014), np.float64(0.6388962246276897), np.float64(0.6266490584650353), np.float64(0.6146421057456821), np.float64(0.6028705828736718), np.float64(0.5913298029564522), np.float64(0.5800151738209601), np.float64(0.5689221960709924), np.float64(0.5580464611849881), np.float64(0.5473836496533768), np.float64(0.5369295291546529), np.float64(0.5266799527693614), np.float64(0.5166308572311996), np.float64(0.5067782612144467), np.float64(0.4971182636569607), np.float64(0.4876470421179921), np.float64(0.47836085117008187), np.float64(0.4692560208243269), np.float64(0.4603289549883088), np.float64(0.45157612995600227), np.float64(0.4429940929289887), np.float64(0.4345794605683167), np.float64(0.4263289175763668), np.float64(0.41823921530808966), np.float64(0.41030717041099996), np.float64(0.4025296634933232), np.float64(0.3949036378197046), np.float64(0.3874260980339014), np.float64(0.380094108907891), np.float64(0.3729047941168456), np.float64(0.3658553350394232), np.float64(0.358942969582855), np.float64(0.352164991032298), np.float64(0.3455187469239533), np.float64(0.3390016379414487), np.float64(0.3326111168349993), np.float64(0.32634468736286826), np.float64(0.3201999032546626), np.float64(0.31417436719600794), np.float64(0.30826572983415124), np.float64(0.3024716888040599), np.float64(0.2967899877745827), np.float64(0.2912184155142593), np.float64(0.28575480497636224), np.float64(0.2803970324027747), np.float64(0.27514301644630745), np.float64(0.2699907173110723), np.float64(0.26493813591053433), np.float64(0.25998331304287303), np.float64(0.2551243285832952), np.float64(0.25035930069294154), np.float64(0.24568638504404444), np.float64(0.2411037740609972), np.float64(0.2366096961770033), np.float64(0.23220241510598197), np.float64(0.22788022912941075), np.float64(0.22364147039779672), np.float64(0.2194845042464709), np.float64(0.2154077285254065), np.float64(0.21140957294277213), np.float64(0.20748849842193268), np.float64(0.20364299647161896), np.float64(0.19987158856899281), np.float64(0.19617282555533888), np.float64(0.19254528704412288), np.float64(0.18898758084115697), np.float64(0.185498342376624), np.float64(0.18207623414871207), np.float64(0.17871994517862078), np.float64(0.17542819047670086), np.float64(0.17219971051949984), np.float64(0.16903327073748473), np.float64(0.16592766101322218), np.float64(0.16288169518979917), np.float64(0.15989421058927214), np.float64(0.15696406754093786), np.float64(0.15409014891922124), np.float64(0.15127135969098235), np.float64(0.14850662647204835), np.float64(0.14579489709277826), np.float64(0.14313514017247436), np.float64(0.14052634470245906), np.float64(0.13796751963763543), np.float64(0.13545769349635844), np.float64(0.13299591396844512), np.float64(0.13058124753115458), np.float64(0.12821277907297468), np.float64(0.1258896115250532), np.float64(0.12361086550011806), np.float64(0.12137567893872907), np.float64(0.11918320676271293), np.float64(0.11703262053563253), np.float64(0.11492310813014513), np.float64(0.1128538734021082), np.float64(0.11082413587129476), np.float64(0.10883313040858043), np.float64(0.10688010692947085), np.float64(0.10496433009383818), np.float64(0.10308507901173938), np.float64(0.10124164695519106), np.float64(0.09943334107577857), np.float64(0.09765948212798015), np.float64(0.0959194041980876), np.float64(0.09421245443860987), np.float64(0.09253799280804588), np.float64(0.09089539181591778), np.float64(0.08928403627295536), np.float64(0.08770332304632703), np.float64(0.08615266081981354), np.float64(0.08463146985882318), np.float64(0.08313918178014966), np.float64(0.08167523932637469), np.float64(0.0802390961448211), np.float64(0.07883021657096335), np.float64(0.07744807541620315), np.float64(0.07609215775992242), np.float64(0.07476195874572451), np.float64(0.07345698338178037), np.float64(0.07217674634519314), np.float64(0.07092077179030053), np.float64(0.06968859316083492), np.float64(0.06847975300586143), np.float64(0.06729380279941735), np.float64(0.06613030276377752), np.float64(0.06498882169627127), np.float64(0.06386893679957903), np.float64(0.06277023351543742), np.float64(0.061692305361682985), np.float64(0.06063475377256734), np.float64(0.05959718794227656), np.float64(0.058579224671589394), np.float64(0.05758048821761138), np.float64(0.05660061014652099), np.float64(0.055639229189267315), np.float64(0.054695991100159054), np.float64(0.05377054851828643), np.float64(0.05286256083171768), np.float64(0.051971694044414256), np.float64(0.05109762064580941), np.float64(0.05024001948299624), np.float64(0.04939857563547183), np.float64(0.048572980292386055), np.float64(0.0477629306322439), np.float64(0.046968129705011526), np.float64(0.04618828631657797), np.float64(0.04542311491552357), np.float64(0.044672335482149404), np.float64(0.04393567341972173), np.float64(0.043212859447885964), np.float64(0.04250362949820707), np.float64(0.04180772461179275), np.float64(0.0411248908389577), np.float64(0.040454879140887176), np.float64(0.03979744529326014), np.float64(0.039152349791791496), np.float64(0.038519357759655225), np.float64(0.03789823885675052), np.float64(0.03728876719077314), np.float64(0.03669072123005588), np.float64(0.03610388371814266), np.float64(0.03552804159006056), np.float64(0.03496298589025648), np.float64(0.03440851169216392), np.float64(0.0338644180193677), np.float64(0.033330507768334114), np.float64(0.032806587632674925), np.float64(0.03229246802891453), np.float64(0.031787963023729694), np.float64(0.031292890262632655), np.float64(0.03080707090006818), np.float64(0.030330329530896153), np.float64(0.029862494123232036), np.float64(0.02940339595261776), np.float64(0.028952869537496314), np.float64(0.02851075257596371), np.float64(0.02807688588377307), np.float64(0.027651113333565087), np.float64(0.02723328179530081), np.float64(0.026823241077872224), np.float64(0.026420843871867116), np.float64(0.026025945693465287), np.float64(0.02563840482944289), np.float64(0.025258082283263355), np.float64(0.02488484172223255), np.float64(0.024518549425697034), np.float64(0.02415907423426491), np.float64(0.023806287500028025), np.float64(0.02346006303776616), np.float64(0.02312027707711314), np.float64(0.022786808215665935), np.float64(0.022459537373017525), np.float64(0.022138347745695397), np.float64(0.021823124762987367), np.float64(0.021513756043637294), np.float64(0.021210131353392517), np.float64(0.020912142563387255), np.float64(0.0206196836093441), np.float64(0.020332650451577887), np.float64(0.020050941035785946), np.float64(0.019774455254608754), np.float64(0.019503094909945826), np.float64(0.019236763676011747), np.float64(0.01897536706311762), np.float64(0.018718812382163413), np.float64(0.01846700870982706), np.float64(0.018219866854436516), np.float64(0.01797729932251108), np.float64(0.017739220285958753), np.float64(0.017505545549916336), np.float64(0.01727619252122013), np.float64(0.01705108017749365), np.float64(0.01683012903684115), np.float64(0.016613261128134302), np.float64(0.016400399961880367), np.float64(0.01619147050166035), np.float64(0.015986399136125953), np.float64(0.015785113651543965), np.float64(0.015587543204877286), np.float64(0.015393618297392294), np.float64(0.015203270748781606), np.float64(0.0150164336717923), np.float64(0.01483304144734968), np.float64(0.01465302970016624), np.float64(0.014476335274827152), np.float64(0.014302896212341792), np.float64(0.014132651727152858), np.float64(0.013965542184593607), np.float64(0.013801509078784531), np.float64(0.013640495010960731), np.float64(0.013482443668221399), np.float64(0.013327299802693284), np.float64(0.0131750092110997), np.float64(0.01302551871472715), np.float64(0.012878776139781882), np.float64(0.012734730298128405), np.float64(0.012593330968402644), np.float64(0.012454528877492212), np.float64(0.01231827568237659), np.float64(0.012184523952320276), np.float64(0.012053227151411623), np.float64(0.01192433962144075), np.float64(0.011797816565110029), np.float64(0.011673614029570081), np.float64(0.011551688890275512), np.float64(0.011431998835153502), np.float64(0.011314502349079542), np.float64(0.011199158698653974), np.float64(0.011085927917273624), np.float64(0.010974770790492593), np.float64(0.010865648841666575), np.float64(0.010758524317875108), np.float64(0.010653360176116414), np.float64(0.010550120069769187), np.float64(0.010448768335316496), np.float64(0.010349269979326196), np.float64(0.010251590665683414), np.float64(0.010155696703069336), np.float64(0.010061555032682318), np.float64(0.009969133216196139), np.float64(0.009878399423950534), np.float64(0.00978932242337007), np.float64(0.00970187156760629), np.float64(0.009616016784399163), np.float64(0.009531728565153304), np.float64(0.0094489779542249), np.float64(0.00936773653841508), np.float64(0.009287976436665919), np.float64(0.009209670289954858), np.float64(0.009132791251383858), np.float64(0.009057312976459283), np.float64(0.008983209613559051), np.float64(0.008910455794583223), np.float64(0.008839026625784334), np.float64(0.008768897678774246), np.float64(0.008700044981703946), np.float64(0.008632445010612753), np.float64(0.008566074680943947), np.float64(0.008500911339223304), np.float64(0.00843693275489743), np.float64(0.008374117112328985), np.float64(0.008312443002945364), np.float64(0.008251889417538214), np.float64(0.008192435738710577), np.float64(0.008134061733469037), np.float64(0.008076747545957644), np.float64(0.008020473690331502), np.float64(0.007965221043766653), np.float64(0.007910970839603917), np.float64(0.007857704660624121), np.float64(0.007805404432452085), np.float64(0.007754052417086875), np.float64(0.007703631206555727), np.float64(0.007654123716689631), np.float64(0.007605513181017781), np.float64(0.00755778314477881), np.float64(0.007510917459046564), np.float64(0.007464900274968034), np.float64(0.007419716038111471), np.float64(0.0073753494829224085), np.float64(0.007331785627285484), np.float64(0.007289009767190221), np.float64(0.007247007471498469), np.float64(0.007205764576811669), np.float64(0.007165267182436171), np.float64(0.007125501645444351), np.float64(0.007086454575830087), np.float64(0.007048112831756312), np.float64(0.007010463514893311), np.float64(0.006973493965845777), np.float64(0.006937191759666828), np.float64(0.00690154470145755), np.float64(0.006866540822050209), np.float64(0.006832168373773621), np.float64(0.006798415826299066), np.float64(0.006765271862565215), np.float64(0.0067327253747804065), np.float64(0.006700765460501091), np.float64(0.00666938141878466), np.float64(0.006638562746415289), np.float64(0.006608299134201644), np.float64(0.006578580463344682), np.float64(0.006549396801874481), np.float64(0.006520738401154682), np.float64(0.006492595692453153), np.float64(0.006464959283577781), np.float64(0.006437819955575985), np.float64(0.006411168659496848), np.float64(0.006384996513214431), np.float64(0.006359294798311521), np.float64(0.006334054957022145), np.float64(0.006309268589232134), np.float64(0.0062849274495363604), np.float64(0.006261023444351707), np.float64(0.0062375486290846835), np.float64(0.0062144952053524395), np.float64(0.006191855518256573), np.float64(0.006169622053708273), np.float64(0.006147787435804057), np.float64(0.0061263444242510975), np.float64(0.006105285911841226), np.float64(0.006084604921972479), np.float64(0.006064294606217626), np.float64(0.006044348241938391), np.float64(0.006024759229944856), np.float64(0.006005521092198814), np.float64(0.005986627469560631), np.float64(0.005968072119578481), np.float64(0.005949848914319172), np.float64(0.005931951838239997), np.float64(0.005914374986100565), np.float64(0.005897112560913958), np.float64(0.005880158871936514), np.float64(0.005863508332695375), np.float64(0.005847155459053198), np.float64(0.005831094867309254), np.float64(0.0058153212723361936), np.float64(0.005799829485751961), np.float64(0.005784614414125895), np.float64(0.005769671057218707), np.float64(0.005754994506255392), np.float64(0.005740579942230671), np.float64(0.005726422634246181), np.float64(0.0057125179378788886), np.float64(0.00569886129358018), np.float64(0.005685448225104919), np.float64(0.005672274337969956), np.float64(0.005659335317941629), np.float64(0.005646626929551564), np.float64(0.005634145014640213), np.float64(0.005621885490927858), np.float64(0.005609844350612231), np.float64(0.005598017658992404), np.float64(0.005586401553118621), np.float64(0.005574992240467072), np.float64(0.005563785997639806), np.float64(0.005552779169088754), np.float64(0.0055419681658636704), np.float64(0.005531349464383487), np.float64(0.005520919605230666), np.float64(0.005510675191967989), np.float64(0.005500612889977564), np.float64(0.0054907294253214506), np.float64(0.0054810215836235575), np.float64(0.00547148620897244), np.float64(0.005462120202844595), np.float64(0.005452920523047744), np.float64(0.005443884182683949), np.float64(0.005435008249132019), np.float64(0.0054262898430488355), np.float64(0.005417726137389407), np.float64(0.005409314356445048), np.float64(0.005401051774899592), np.float64(0.0053929357169031035), np.float64(0.005384963555162872), np.float64(0.005377132710051373), np.float64(0.00536944064873069), np.float64(0.00536188488429342), np.float64(0.005354462974919348), np.float64(0.005347172523048026), np.float64(0.0053400111745665205), np.float64(0.005332976618012422), np.float64(0.005326066583791585), np.float64(0.005319278843410417), np.float64(0.0053126112087223875), np.float64(0.005306061531188636), np.float64(0.005299627701152168), np.float64(0.005293307647125629), np.float64(0.005287099335092218), np.float64(0.005281000767819641), np.float64(0.0052750099841866885), np.float64(0.005269125058522428), np.float64(0.005263344099957529), np.float64(0.005257665251787656), np.float64(0.005252086690848648), np.float64(0.00524660662690329), np.float64(0.00524122330203942), np.float64(0.0052359349900791986), np.float64(0.005230739995999231), np.float64(0.005225636655361555), np.float64(0.005220623333755047), np.float64(0.0052156984262471924), np.float64(0.005210860356846018), np.float64(0.005206107577971899), np.float64(0.0052014385699392235), np.float64(0.005196851840447529), np.float64(0.005192345924082159), np.float64(0.005187919381823999), np.float64(0.005183570800568412), np.float64(0.005179298792652901), np.float64(0.005175101995393645), np.float64(0.005170979070630454), np.float64(0.0051669287042801475), np.float64(0.005162949605898266), np.float64(0.005159040508248698), np.float64(0.0051552001668814075), np.float64(0.005151427359717779), np.float64(0.005147720886643732), np.float64(0.005144079569110281), np.float64(0.005140502249741417), np.float64(0.005136987791949243), np.float64(0.005133535079556222), np.float64(0.005130143016424279), np.float64(0.005126810526090857), np.float64(0.005123536551411521), np.float64(0.00512032005420927), np.float64(0.005117160014930162), np.float64(0.005114055432305429), np.float64(0.005111005323019619), np.float64(0.00510800872138495), np.float64(0.005105064679021654), np.float64(0.0051021722645440805), np.float64(0.005099330563252712), np.float64(0.005096538676831649), np.float64(0.005093795723051857), np.float64(0.00509110083547966), np.float64(0.00508845316319071), np.float64(0.005085851870489129), np.float64(0.0050832961366318406), np.float64(0.005080785155557948), np.float64(0.005078318135623004), np.float64(0.005075894299338255), np.float64(0.005073512883114616), np.float64(0.005071173137011259), np.float64(0.0050688743244889185), np.float64(0.005066615722167644), np.float64(0.005064396619588994), np.float64(0.005062216318982597), np.float64(0.0050600741350369394), np.float64(0.005057969394674431), np.float64(0.00505590143683043), np.float64(0.0050538696122364914), np.float64(0.00505187328320742), np.float64(0.005049911823432302), np.float64(0.005047984617769316), np.float64(0.005046091062044297), np.float64(0.005044230562852969), np.float64(0.00504240253736683), np.float64(0.0050406064131424625), np.float64(0.0050388416279345165), np.float64(0.005037107629511892), np.float64(0.005035403875477407), np.float64(0.005033729833090711), np.float64(0.005032084979094428), np.float64(0.005030468799543449), np.float64(0.005028880789637374), np.float64(0.005027320453555987), np.float64(0.005025787304297671), np.float64(0.005024280863520849), np.float64(0.0050228006613883), np.float64(0.005021346236414233), np.float64(0.005019917135314211), np.float64(0.0050185129128577895), np.float64(0.005017133131723816), np.float64(0.005015777362358379), np.float64(0.005014445182835326), np.float64(0.005013136178719326), np.float64(0.005011849942931409), np.float64(0.0050105860756169355), np.float64(0.005009344184016039), np.float64(0.005008123882336265), np.float64(0.00500692479162769), np.float64(0.0050057465396601926), np.float64(0.005004588760803048), np.float64(0.005003451095906557), np.float64(0.005002333192185993), np.float64(0.005001234703107513), np.float64(0.005000155288276231), np.float64(0.004999094613326285), np.float64(0.004998052349812856), np.float64(0.004997028175106245), np.float64(0.004996021772287706), np.float64(0.004995032830047363), np.float64(0.004994061042583787), np.float64(0.004993106109505557), np.float64(0.0049921677357344495), np.float64(0.004991245631410474), np.float64(0.004990339511798611), np.float64(0.004989449097197249), np.float64(0.004988574112848176), np.float64(0.0049877142888483505), np.float64(0.0049868693600631534), np.float64(0.004986039066041271), np.float64(0.004985223150931039), np.float64(0.0049844213633984105), np.float64(0.004983633456546293), np.float64(0.004982859187835403), np.float64(0.004982098319006527), np.float64(0.004981350616004218), np.float64(0.0049806158489017986), np.float64(0.004979893791827781), np.float64(0.004979184222893625), np.float64(0.004978486924122689), np.float64(0.004977801681380591), np.float64(0.004977128284306793), np.float64(0.004976466526247298), np.float64(0.004975816204188768), np.float64(0.004975177118693634), np.float64(0.0049745490738365055), np.float64(0.004973931877141635), np.float64(0.004973325339521575), np.float64(0.004972729275216902), np.float64(0.004972143501737037), np.float64(0.0049715678398020895), np.float64(0.0049710021132858455), np.float64(0.004970446149159674), np.float64(0.004969899777437505), np.float64(0.004969362831121738), np.float64(0.004968835146150232), np.float64(0.004968316561344099), np.float64(0.004967806918356561), np.float64(0.004967306061622649), np.float64(0.004966813838309853), np.float64(0.004966330098269603), np.float64(0.004965854693989701), np.float64(0.004965387480547504), np.float64(0.004964928315564045), np.float64(0.00496447705915889), np.float64(0.004964033573905891), np.float64(0.004963597724789632), np.float64(0.004963169379162787), np.float64(0.004962748406704071), np.float64(0.004962334679377124), np.float64(0.004961928071389971), np.float64(0.004961528459155333), np.float64(0.004961135721251592), np.float64(0.004960749738384421), np.float64(0.004960370393349187), np.float64(0.004959997570993936), np.float64(0.004959631158183137), np.float64(0.00495927104376193), np.float64(0.004958917118521199), np.float64(0.004958569275163117), np.float64(0.0049582274082673765), np.float64(0.004957891414257998), np.float64(0.0049575611913707535), np.float64(0.004957236639621167), np.float64(0.004956917660773059), np.float64(0.004956604158307685), np.float64(0.004956296037393433), np.float64(0.0049559932048559826), np.float64(0.004955695569149129), np.float64(0.004955403040325983), np.float64(0.004955115530010828), np.float64(0.004954832951371328), np.float64(0.004954555219091378), np.float64(0.004954282249344333), np.float64(0.004954013959766748), np.float64(0.0049537502694325716), np.float64(0.0049534910988279), np.float64(0.004953236369825984), np.float64(0.004952986005662872), np.float64(0.0049527399309133475), np.float64(0.004952498071467427), np.float64(0.0049522603545071155), np.float64(0.00495202670848377), np.float64(0.00495179706309565), np.float64(0.004951571349266045), np.float64(0.004951349499121701), np.float64(0.004951131445971664), np.float64(0.004950917124286462), np.float64(0.004950706469677717), np.float64(0.004950499418878036), np.float64(0.004950295909721372), np.float64(0.004950095881123596), np.float64(0.0049498992730635525), np.float64(0.004949706026564354), np.float64(0.004949516083675023), np.float64(0.004949329387452515), np.float64(0.004949145881944002), np.float64(0.004948965512169457), np.float64(0.004948788224104668), np.float64(0.004948613964664346), np.float64(0.004948442681685772), np.float64(0.004948274323912523), np.float64(0.0049481088409786015), np.float64(0.004947946183392867), np.float64(0.0049477863025236156), np.float64(0.0049476291505835945), np.float64(0.004947474680615126), np.float64(0.004947322846475659), np.float64(0.004947173602823401), np.float64(0.004947026905103327), np.float64(0.004946882709533436), np.float64(0.00494674097309115), np.float64(0.004946601653500078), np.float64(0.004946464709216892), np.float64(0.004946330099418563), np.float64(0.004946197783989693), np.float64(0.004946067723510198), np.float64(0.004945939879243111), np.float64(0.004945814213122593), np.float64(0.004945690687742313), np.float64(0.004945569266343793), np.float64(0.004945449912805152), np.float64(0.004945332591629994), np.float64(0.004945217267936421), np.float64(0.004945103907446308), np.float64(0.0049449924764748375), np.float64(0.004944882941920018), np.float64(0.004944775271252586), np.float64(0.00494466943250599), np.float64(0.004944565394266558), np.float64(0.004944463125663849), np.float64(0.004944362596361183), np.float64(0.0049442637765463185), np.float64(0.004944166636922323), np.float64(0.004944071148698544), np.float64(0.004943977283581842), np.float64(0.004943885013767869), np.float64(0.004943794311932564), np.float64(0.00494370515122376), np.float64(0.00494361750525301), np.float64(0.004943531348087482), np.float64(0.004943446654241979), np.float64(0.004943363398671232), np.float64(0.004943281556762158), np.float64(0.004943201104326381), np.float64(0.004943122017592804), np.float64(0.004943044273200401), np.float64(0.0049429678481910195), np.float64(0.004942892720002412), np.float64(0.00494281886646132), np.float64(0.004942746265776735), np.float64(0.004942674896533245), np.float64(0.004942604737684475), np.float64(0.004942535768546715), np.float64(0.004942467968792577), np.float64(0.0049424013184448425), np.float64(0.004942335797870325), np.float64(0.0049422713877739465), np.float64(0.004942208069192844), np.float64(0.004942145823490591), np.float64(0.004942084632351529), np.float64(0.0049420244777752045), np.float64(0.004941965342070899), np.float64(0.0049419072078522655), np.float64(0.004941850058032011), np.float64(0.004941793875816761), np.float64(0.004941738644701891), np.float64(0.004941684348466587), np.float64(0.004941630971168874), np.float64(0.0049415784971408114), np.float64(0.004941526910983717), np.float64(0.004941476197563542), np.float64(0.004941426342006231), np.float64(0.004941377329693237), np.float64(0.004941329146257136), np.float64(0.004941281777577223), np.float64(0.004941235209775222), np.float64(0.004941189429211172), np.float64(0.004941144422479262), np.float64(0.004941100176403685), np.float64(0.004941056678034828), np.float64(0.004941013914645239), np.float64(0.004940971873725797), np.float64(0.0049409305429819654), np.float64(0.004940889910330051), np.float64(0.0049408499638936105), np.float64(0.00494081069199979), np.float64(0.004940772083175839), np.float64(0.004940734126145702), np.float64(0.004940696809826518), np.float64(0.004940660123325369), np.float64(0.004940624055935967), np.float64(0.0049405885971354), np.float64(0.004940553736581036), np.float64(0.004940519464107322), np.float64(0.0049404857697228155), np.float64(0.004940452643607087), np.float64(0.004940420076107855), np.float64(0.0049403880577380075), np.float64(0.004940356579172824), np.float64(0.00494032563124712), np.float64(0.004940295204952507), np.float64(0.004940265291434707), np.float64(0.004940235881990858), np.float64(0.004940206968066956), np.float64(0.004940178541255235), np.float64(0.00494015059329168), np.float64(0.00494012311605354), np.float64(0.004940096101556896), np.float64(0.00494006954195425), np.float64(0.004940043429532197), np.float64(0.004940017756709117), np.float64(0.004939992516032889), np.float64(0.00493996770017868), np.float64(0.0049399433019467285), np.float64(0.004939919314260206), np.float64(0.004939895730163111), np.float64(0.004939872542818175), np.float64(0.004939849745504821), np.float64(0.004939827331617161), np.float64(0.004939805294662009), np.float64(0.004939783628256982), np.float64(0.004939762326128544), np.float64(0.004939741382110164), np.float64(0.0049397207901404625), np.float64(0.0049397005442614345), np.float64(0.0049396806386166215), np.float64(0.00493966106744941), np.float64(0.00493964182510131), np.float64(0.0049396229060102385), np.float64(0.0049396043047089), np.float64(0.004939586015823144), np.float64(0.004939568034070359), np.float64(0.004939550354257919), np.float64(0.004939532971281604), np.float64(0.004939515880124148), np.float64(0.004939499075853662), np.float64(0.00493948255362224), np.float64(0.0049394663086644785), np.float64(0.004939450336296068), np.float64(0.00493943463191243), np.float64(0.004939419190987307), np.float64(0.0049394040090714394)]","High-dim (N=10000, P=200)"
Statsmodels OLS,0.25474047660827637,0.009877016900614988,"[-6.76461283e-04  1.06276328e+00 -4.95436382e-01  1.31019048e-01
 -1.47899379e+00 -3.10984851e-01 -1.99203155e+00 -3.21635662e-01
  1.54627008e+00  1.96907751e+00 -1.74161214e+00 -2.70768646e-01
 -9.15932839e-01 -7.04933712e-01  7.13987368e-01  5.66508691e-01
  2.42925252e-01  8.54924408e-02 -1.10390406e+00  1.74856156e+00
  6.39053364e-01  4.34522483e-01  8.53266575e-01  1.63409906e+00
 -1.07762233e+00  1.10673504e+00 -3.91195093e-01 -1.13523824e+00
 -1.07300764e-01  1.23848623e-01 -9.94848091e-01 -8.40286031e-01
  4.17308436e-01 -1.65801806e+00  8.02781024e-01  2.06709196e-02
  1.37771508e-01  1.82585112e-01  7.90518046e-01  8.38794612e-01
 -8.55574423e-01  6.21459082e-02 -7.64011020e-02 -8.48971963e-01
 -6.35251158e-01  1.61806579e+00 -1.62804232e-01  4.54700819e-01
  8.93715594e-02 -5.08919935e-01 -7.45747041e-01  8.75839499e-01
 -4.02518849e-02  5.33173830e-01 -7.31305723e-01 -4.75738981e-01
 -8.57035577e-02 -3.60026527e-01 -1.35226447e-01  1.40433964e+00
  9.74924124e-01 -4.12828350e-01  4.58060711e-01 -1.66861680e+00
  3.05537141e-02  8.56874501e-02 -3.03356869e-01 -1.13065729e+00
 -6.45814461e-03 -1.90493195e-01  6.77229058e-01 -2.09769638e-01
 -2.36972672e-01 -1.43478544e+00  3.46276848e-01  1.41598185e-01
 -3.36905358e-01  5.08068136e-01 -4.54316492e-01  1.80589674e+00
 -3.62470071e-01 -1.52454633e+00 -2.05822098e+00  1.79962459e-03
 -1.59848091e-01 -1.52713498e+00 -8.52600800e-02  2.05277243e+00
 -2.03433629e+00 -4.12111689e-01 -4.44134083e-01 -1.04166323e+00
  7.68673410e-01 -6.62071318e-01  1.09031660e+00 -1.41225769e+00
 -5.14357502e-01 -8.32860592e-01  1.06663497e+00 -4.27582070e-01
  6.14688216e-01 -2.23969482e+00  9.27669795e-01 -1.16973487e+00
 -1.25033707e+00  6.84855532e-01 -1.03291773e+00  1.28904748e+00
  2.05349779e+00 -3.49676299e-01 -2.71697773e-01  1.20243613e+00
 -9.91662714e-01  1.13146980e+00 -6.28015507e-02  8.31490413e-01
 -7.14877327e-01  1.27643955e+00 -1.43176851e+00  1.45304593e+00
  1.11051639e+00 -5.70331375e-01  3.42965610e-01 -5.01385912e-01
  2.64838623e-01 -5.04653645e-01 -9.27730389e-01  3.92771201e-01
  1.97463303e-01 -6.67092421e-03 -1.19322638e-01  7.42011288e-01
 -4.94306253e-01 -7.08571096e-01  1.23114261e+00 -4.55190217e-01
 -7.36320911e-01 -5.65253286e-01 -6.66399102e-01  1.75628072e+00
 -8.71015835e-02 -1.41970146e+00  1.08509236e-01 -1.32871877e+00
  1.81000200e+00  1.55368147e+00  9.30614464e-01  4.28220968e-01
 -1.51986803e+00  7.81387335e-01 -2.49647860e-01 -1.02088509e+00
 -1.49883512e+00  3.46705883e-01 -3.84382816e-01 -8.58557471e-01
  5.34659333e-01  1.56135494e+00  1.20075964e+00  4.34346285e-01
 -6.53420012e-01  8.60578078e-01  1.16729982e+00  8.95242201e-01
  1.20000477e+00 -1.09573156e+00 -6.85918285e-01 -7.57329903e-01
  2.73027802e-01 -1.62857540e-01 -4.47064544e-01  1.00089752e+00
  3.54686576e-01 -5.69486025e-01  8.74065272e-01 -1.03847052e-01
 -3.03653674e-01 -2.16634921e+00  3.04728094e-01 -5.91359211e-01
  1.74003950e+00  9.76163609e-01  1.22120312e+00  5.59361079e-02
  2.25549436e+00  1.89253629e+00 -4.69727717e-02  4.63077343e-01
 -3.07843551e-01  5.67666968e-02  1.91797206e-01  7.41809801e-01
 -5.75087128e-01  1.84468034e+00 -9.31169719e-01 -3.22128769e-01
  3.96585835e-01  8.21026614e-01 -2.25410506e-01 -1.67827861e+00
 -6.27629575e-01]",,"High-dim (N=10000, P=200)"
Sklearn Linear,0.1884605884552002,0.009877016900614988,"[-6.76461283e-04  1.06276328e+00 -4.95436382e-01  1.31019048e-01
 -1.47899379e+00 -3.10984851e-01 -1.99203155e+00 -3.21635662e-01
  1.54627008e+00  1.96907751e+00 -1.74161214e+00 -2.70768646e-01
 -9.15932839e-01 -7.04933712e-01  7.13987368e-01  5.66508691e-01
  2.42925252e-01  8.54924408e-02 -1.10390406e+00  1.74856156e+00
  6.39053364e-01  4.34522483e-01  8.53266575e-01  1.63409906e+00
 -1.07762233e+00  1.10673504e+00 -3.91195093e-01 -1.13523824e+00
 -1.07300764e-01  1.23848623e-01 -9.94848091e-01 -8.40286031e-01
  4.17308436e-01 -1.65801806e+00  8.02781024e-01  2.06709196e-02
  1.37771508e-01  1.82585112e-01  7.90518046e-01  8.38794612e-01
 -8.55574423e-01  6.21459082e-02 -7.64011020e-02 -8.48971963e-01
 -6.35251158e-01  1.61806579e+00 -1.62804232e-01  4.54700819e-01
  8.93715594e-02 -5.08919935e-01 -7.45747041e-01  8.75839499e-01
 -4.02518849e-02  5.33173830e-01 -7.31305723e-01 -4.75738981e-01
 -8.57035577e-02 -3.60026527e-01 -1.35226447e-01  1.40433964e+00
  9.74924124e-01 -4.12828350e-01  4.58060711e-01 -1.66861680e+00
  3.05537141e-02  8.56874501e-02 -3.03356869e-01 -1.13065729e+00
 -6.45814461e-03 -1.90493195e-01  6.77229058e-01 -2.09769638e-01
 -2.36972672e-01 -1.43478544e+00  3.46276848e-01  1.41598185e-01
 -3.36905358e-01  5.08068136e-01 -4.54316492e-01  1.80589674e+00
 -3.62470071e-01 -1.52454633e+00 -2.05822098e+00  1.79962459e-03
 -1.59848091e-01 -1.52713498e+00 -8.52600800e-02  2.05277243e+00
 -2.03433629e+00 -4.12111689e-01 -4.44134083e-01 -1.04166323e+00
  7.68673410e-01 -6.62071318e-01  1.09031660e+00 -1.41225769e+00
 -5.14357502e-01 -8.32860592e-01  1.06663497e+00 -4.27582070e-01
  6.14688216e-01 -2.23969482e+00  9.27669795e-01 -1.16973487e+00
 -1.25033707e+00  6.84855532e-01 -1.03291773e+00  1.28904748e+00
  2.05349779e+00 -3.49676299e-01 -2.71697773e-01  1.20243613e+00
 -9.91662714e-01  1.13146980e+00 -6.28015507e-02  8.31490413e-01
 -7.14877327e-01  1.27643955e+00 -1.43176851e+00  1.45304593e+00
  1.11051639e+00 -5.70331375e-01  3.42965610e-01 -5.01385912e-01
  2.64838623e-01 -5.04653645e-01 -9.27730389e-01  3.92771201e-01
  1.97463303e-01 -6.67092421e-03 -1.19322638e-01  7.42011288e-01
 -4.94306253e-01 -7.08571096e-01  1.23114261e+00 -4.55190217e-01
 -7.36320911e-01 -5.65253286e-01 -6.66399102e-01  1.75628072e+00
 -8.71015835e-02 -1.41970146e+00  1.08509236e-01 -1.32871877e+00
  1.81000200e+00  1.55368147e+00  9.30614464e-01  4.28220968e-01
 -1.51986803e+00  7.81387335e-01 -2.49647860e-01 -1.02088509e+00
 -1.49883512e+00  3.46705883e-01 -3.84382816e-01 -8.58557471e-01
  5.34659333e-01  1.56135494e+00  1.20075964e+00  4.34346285e-01
 -6.53420012e-01  8.60578078e-01  1.16729982e+00  8.95242201e-01
  1.20000477e+00 -1.09573156e+00 -6.85918285e-01 -7.57329903e-01
  2.73027802e-01 -1.62857540e-01 -4.47064544e-01  1.00089752e+00
  3.54686576e-01 -5.69486025e-01  8.74065272e-01 -1.03847052e-01
 -3.03653674e-01 -2.16634921e+00  3.04728094e-01 -5.91359211e-01
  1.74003950e+00  9.76163609e-01  1.22120312e+00  5.59361079e-02
  2.25549436e+00  1.89253629e+00 -4.69727717e-02  4.63077343e-01
 -3.07843551e-01  5.67666968e-02  1.91797206e-01  7.41809801e-01
 -5.75087128e-01  1.84468034e+00 -9.31169719e-01 -3.22128769e-01
  3.96585835e-01  8.21026614e-01 -2.25410506e-01 -1.67827861e+00
 -6.27629575e-01]",,"High-dim (N=10000, P=200)"
Sklearn SGD,0.39289069175720215,0.009877335081551352,"[ 2.11209749e-01  1.05099143e+00 -4.98124495e-01  1.32628640e-01
 -1.48908678e+00 -3.04806619e-01 -2.00640249e+00 -3.23336379e-01
  1.53907095e+00  1.94070196e+00 -1.74824870e+00 -2.69572432e-01
 -9.09767223e-01 -7.08435145e-01  7.26480206e-01  5.70627696e-01
  2.43700084e-01  8.65454513e-02 -1.08724218e+00  1.73768689e+00
  6.38348581e-01  4.39663483e-01  8.63101922e-01  1.63323240e+00
 -1.07351106e+00  1.10715676e+00 -3.92402188e-01 -1.13798043e+00
 -1.07493493e-01  1.23098114e-01 -9.85448232e-01 -8.44145362e-01
  4.20270292e-01 -1.66726261e+00  8.05662194e-01  2.05764825e-02
  1.38781641e-01  1.82138916e-01  7.87625915e-01  8.43230649e-01
 -8.48864602e-01  6.21387085e-02 -7.59324324e-02 -8.50499451e-01
 -6.36773948e-01  1.63543107e+00 -1.62165330e-01  4.52866264e-01
  8.99000823e-02 -5.12475928e-01 -7.47658985e-01  8.72669335e-01
 -4.03837245e-02  5.32988106e-01 -7.25226985e-01 -4.77933499e-01
 -8.50427144e-02 -3.58307912e-01 -1.35876414e-01  1.40378139e+00
  9.75776013e-01 -4.04790760e-01  4.58500154e-01 -1.67433960e+00
  3.08289598e-02  8.51550899e-02 -3.06536448e-01 -1.12827746e+00
 -6.50821231e-03 -1.89380319e-01  6.81223182e-01 -2.10407030e-01
 -2.35794595e-01 -1.43131359e+00  3.43806327e-01  1.40762431e-01
 -3.36829697e-01  5.06911150e-01 -4.55599669e-01  1.81821000e+00
 -3.61118849e-01 -1.53242883e+00 -2.07238428e+00  1.76112223e-03
 -1.61571410e-01 -1.51469849e+00 -8.59018065e-02  2.06191936e+00
 -2.02103334e+00 -4.10839744e-01 -4.46550845e-01 -1.04137423e+00
  7.76425448e-01 -6.66587043e-01  1.09672642e+00 -1.40888412e+00
 -5.16511773e-01 -8.35103781e-01  1.06727789e+00 -4.27255657e-01
  6.10944554e-01 -2.23677549e+00  9.27429557e-01 -1.17312193e+00
 -1.23938100e+00  6.77688770e-01 -1.03886580e+00  1.28515391e+00
  2.06135617e+00 -3.48201987e-01 -2.74857674e-01  1.20381825e+00
 -9.90613618e-01  1.12457309e+00 -6.28802824e-02  8.34095380e-01
 -7.18489744e-01  1.26183296e+00 -1.44621976e+00  1.47082285e+00
  1.11784880e+00 -5.67272515e-01  3.42712671e-01 -4.99001153e-01
  2.63872679e-01 -5.12809755e-01 -9.29688584e-01  3.97011744e-01
  1.95374905e-01 -6.71502325e-03 -1.20274937e-01  7.39682278e-01
 -4.91092356e-01 -7.04214357e-01  1.24733602e+00 -4.57246177e-01
 -7.46138307e-01 -5.64464159e-01 -6.70978225e-01  1.75578814e+00
 -8.79255931e-02 -1.45528003e+00  1.08432687e-01 -1.32717255e+00
  1.81445561e+00  1.55532667e+00  9.44580230e-01  4.27300224e-01
 -1.52178637e+00  7.84363524e-01 -2.48369967e-01 -1.02231621e+00
 -1.51124418e+00  3.48983297e-01 -3.87171581e-01 -8.53814979e-01
  5.29441362e-01  1.55902278e+00  1.19252210e+00  4.37012336e-01
 -6.49393240e-01  8.53914370e-01  1.16953652e+00  8.91323843e-01
  1.18506286e+00 -1.08905122e+00 -6.74003599e-01 -7.53307151e-01
  2.73377857e-01 -1.61958997e-01 -4.48309868e-01  9.98566430e-01
  3.55671860e-01 -5.69130505e-01  8.80719303e-01 -1.04255894e-01
 -3.02382548e-01 -2.18537559e+00  3.03734633e-01 -5.86122074e-01
  1.75290570e+00  9.72856884e-01  1.22193053e+00  5.54819305e-02
  2.24287157e+00  1.89496894e+00 -4.68596008e-02  4.64507648e-01
 -3.09096806e-01  5.70363021e-02  1.93856019e-01  7.40052783e-01
 -5.72981271e-01  1.86209331e+00 -9.30314904e-01 -3.19627947e-01
  3.99069955e-01  8.20841891e-01 -2.25186709e-01 -1.68474150e+00
 -6.27575820e-01]",,"High-dim (N=10000, P=200)"
