x1,x2,x3,x4,x5,true_probability,y
0.30471707975443135,0.5154104029008109,-1.322541133291679,-0.0397062823469779,-0.44606937845883377,0.17523805249129437,1
-1.0399841062404955,-0.5775388873556505,-0.4861941306990469,0.4424546049697111,0.980190871671822,0.13988788134762514,0
0.7504511958064572,1.274447216941239,0.42022670947458574,-0.3044267628566672,0.28117316564347944,0.476218115275474,1
0.9405647163912139,-0.6275875364369197,-0.10239670661109637,-0.4096489283680019,-0.697557206596308,0.9067345207371079,1
-1.9510351886538364,-0.6366152831022357,-0.6505636204055921,0.09235403825445808,-0.8659398838322859,0.041687359632721105,0
-1.302179506862318,0.5411316108045314,-0.674212461724509,-1.9209159258951816,-1.6474962990474387,0.08008446505962037,0
0.12784040316728537,0.7629264823369366,-0.7123370644127087,0.4770351272264581,0.2907331778668224,0.12846671468421836,0
-0.3162425923435822,0.4480993639362036,-0.8795096286589426,-0.0005630971229588082,-0.3545875472513581,0.11108182197531757,0
-0.016801157504288795,-1.6855973173848082,2.2816328772760617,0.039693526597561826,-2.3721955280635143,0.9819083618307749,1
-0.85304392757358,0.5380344399282511,0.2975110711855549,0.960734307594464,-0.5357148727694001,0.07089672390600918,0
0.8793979748628286,-1.034308051674399,0.8867590544047386,-1.9528155300482481,-0.901034029254952,0.9892432808755635,1
0.7777919354289483,0.2352761115882635,-0.4890774681189237,-1.9738338698589637,1.5756775921706603,0.8149858967042332,1
0.06603069756121605,-1.4237344353990602,-0.18595667718604886,0.27380384532351953,-1.7027786118933097,0.8060992690355484,1
1.1272412069680329,0.44632214754306365,-0.713553981370355,-0.007116855128515773,-1.4413507997340538,0.5951841712199955,0
0.4675093422520456,-0.8065989043073726,-2.651708334919202,0.17017694319193222,1.1099696431056998,0.29068693090778797,0
-0.8592924628832382,-1.2826346502605217,-1.3780092768478662,-0.46212707517244556,1.3567631574639631,0.2951762784323091,0
0.36875078408249884,0.7138201364823995,-1.8106186799803947,0.6643536742399312,-0.7449829387256415,0.07135004209374271,0
-0.9588826008289989,0.2416445216767513,-2.2497837779516074,0.93263884299112,-0.6320858228089109,0.009634356065564462,0
0.8784503013072725,-0.6139768013928971,-1.1953589742981028,0.48398229395152703,0.6162353965533128,0.6541831075122472,0
-0.049925910986252896,1.4511788490210642,1.3249556793816308,-0.26082845840458313,-2.32709979694531,0.30630378253086477,1
-0.18486236354526056,-0.44065242156974244,-0.04443616770435442,-2.107689387614403,-1.8611936845055561,0.786119177069094,0
-0.6809295444039414,0.03210767397093466,1.290563762321174,0.7692362080371281,-0.28073340085071186,0.3472245320845448,1
1.2225413386740303,0.2689134476786009,0.4109825769008753,1.2217286662175928,1.549890566129126,0.7394912075211489,0
-0.15452948206880215,-0.6196659341286136,0.7825588257151592,0.64455841198398,-0.4357300881667396,0.6628199757034982,1
-0.4283278221631072,0.47113629339992935,-0.9008969953045751,-0.8796424273675065,0.10093679173515462,0.14420147383575554,0
-0.3521335504882296,-0.5334523471647244,0.5239509541926708,0.6737943936677578,1.133789272564012,0.4993383986625562,0
0.5323091855533487,-0.4116383222162092,0.7287142340743459,0.8605297079614455,2.106884733278146,0.7902361584489894,1
0.36544406436407834,1.362642639803341,-0.5766472922336929,1.5588162477990857,-0.5768484731483126,0.055148551328505525,0
0.4127326115959884,-1.040586052512433,0.5595403706161663,-0.8761099242279576,-0.016836723733426057,0.9449237857668324,1
0.43082100300788273,-2.41278033092949,0.5661877585748329,-0.22645458454413847,1.8220552213428425,0.9862296263725444,1
2.1416476008704612,1.6109369950118944,-0.5495526211300829,0.7472720511434552,-1.5221992751914284,0.5472232009739671,1
-0.4064150163846156,2.549327952607003,-1.122768432270995,0.05741007143815779,1.0275810705538218,0.005435637549396965,0
-0.5122427290715373,-0.40526926544933184,-1.1841283318982723,-1.1173276020512748,-1.0183155323612583,0.29151090363531124,1
-0.8137727282478777,-1.9368380406201853,0.08650554192146179,0.414616285026703,0.10247236710315673,0.6995042595110101,1
0.6159794225754956,-0.31048397619594376,0.3270098687893148,0.5786616338151667,-0.24261904740027426,0.7570011656403856,1
1.1289722927208916,-0.2862229498406692,-0.7925258304579145,0.08796289633100199,-0.9580116007012293,0.7707223571588647,1
-0.11394745765487507,-0.18992384102225704,0.02658534132609864,0.21958492717994416,-0.9831019276582751,0.4394882834633031,1
-0.840156476962528,-1.1133880419218483,0.5705370361384854,-0.25870590168573016,0.2764143642537545,0.6391924721035649,1
-0.8244812156912396,0.5795611424764774,0.6181907146653008,1.4782789357160593,0.9955393281626821,0.0689330688918699,1
0.6505927878247011,0.5245073752860862,1.5518801201224885,-0.9006921837126766,-0.1297362031885032,0.8905329283572707,1
0.7432541712034423,-1.4944056198193065,1.2769808321980434,-0.5873207627637789,0.07011315873321637,0.9882677150236329,1
0.543154268305195,0.6991967316948878,-1.001291432756544,0.010985513527525621,0.5711740662910472,0.24091629235955267,0
-0.6655097072886943,2.052684981945891,1.6835862095380225,0.8789540277008926,-0.9716187730129598,0.04995195866861254,0
0.23216132306671977,0.17196033243705985,-0.5309765045557148,-1.4973731700945367,0.739692508412923,0.59108553466916,1
0.11668580914072822,-0.33732516206850605,1.0448728124544275,-1.3102967497654392,0.819343097059747,0.8958353287033569,1
0.21868859672901295,-0.1420032144075213,0.06798662605108885,-2.037728507734718,2.60362629875041,0.8345648258967171,1
0.8714287779481898,0.6152567669685612,-0.4121493784569676,0.03269522525327079,-0.3761041905595823,0.5009751667372359,0
0.22359554877468227,-1.7306716055072182,-1.8076968597749328,-1.1183058172065439,-0.4580818016681276,0.8102572037649084,1
0.6789135630718949,0.16439070297730224,-0.1715645102163482,-0.3845501100179167,0.7689658715737455,0.6789336909585257,1
0.06757906948889146,-0.3904639494628101,-1.559383235305609,0.661378189891708,0.8191041689121383,0.20028049631531336,0
0.28911939868998415,1.8478250129560454,0.9672992358427723,-0.6415427207828466,-0.535087153376712,0.2923316649177431,0
0.6312882258385404,-0.17417273380495787,1.516792657139248,0.23128202274336457,-0.40316267693004887,0.905751484488159,1
-1.4571558198556664,1.6678876111195198,-0.7969109892966902,-0.29933790775172203,0.5411308382180404,0.0052863843281689225,0
-0.31967121635730134,-1.1037406977820072,0.30197074251927114,0.6721143150964368,-0.8275842407346614,0.6437996083519911,1
-0.4703726542927955,0.5872591668027922,-0.7253915220079754,0.4751280673480088,-0.4105339880150149,0.06574521029720251,0
-0.6388778482433419,0.3194002637912288,-0.6284847301367896,-0.69193369617461,0.08959276736843465,0.14333026728099538,0
-0.27514225122668373,-0.8690472478647824,0.7744947038653713,-0.16865175340045263,0.9959386848222581,0.783769517302698,1
1.4949413112343959,0.17739611463694044,-0.03853826184341251,1.0437433977204944,-0.6045986161795408,0.7858956777386048,1
-0.8658311156932432,1.2125188368316004,1.7396480419310116,0.393376870254097,-1.842384462030672,0.1380064746768311,1
0.9682783545914808,-0.3237917042866007,-0.482232478702921,-1.3969620577511315,-1.916597467518211,0.8979216891708539,1
-1.6828697716158048,-1.6919626491697632,0.9993363324744892,0.6556180611713827,-1.2594130667061334,0.45338369474287415,1
-0.33488502998577485,-0.01756282647744591,0.09741341295778198,-1.0846106224362382,-1.3131677181999373,0.5063631743319441,1
0.1627530651050056,-0.9024230947925126,0.7957780097442332,1.412513069961006,-0.15461075861990903,0.7506809439770619,1
0.5862223313592781,-0.3423409386638824,-0.4471576573299467,1.024098839841025,-1.188880153597605,0.5414292350867634,0
0.711226579792855,-0.08158776968512098,-0.04955883755158271,0.2898854759184008,-0.7027549598212041,0.6954009764414102,0
0.7933472351999252,-1.7056522160155172,-0.11549887929893475,0.1572328434361934,-0.7740858849820498,0.9564123276783146,1
-0.3487250722484376,-1.615658339320678,-0.8360571148457872,-0.20903225602742,-0.4405078608479934,0.6715852510140936,1
-0.46235179266456716,0.48206683552552526,0.6620815345817527,0.6785239514000281,1.3225043315231224,0.20138013243900796,0
0.8579758812571538,-0.5227186961696804,0.6502490055783642,-0.37077816946206166,0.6619475894305167,0.9346238552488566,1
-0.1913043248816149,-2.564744341820567,0.5935546949055667,0.23556987063989387,0.016129415276003874,0.9616146538861149,1
-1.2756863233379219,0.7848440366081351,1.5369656539176446,0.8719343665194511,-0.4610262805808381,0.08307461684127426,0
-1.1332872140034806,0.27236975527423984,1.4493448012363035,-0.5618065435255897,-0.4332326566230212,0.32610696026572794,1
-0.9194522860016113,-0.713874824036484,-0.37494468984913537,-0.6161927399906946,0.3277464699519495,0.3294174627125864,0
0.49716074405376404,-1.3168302110582415,0.37305231843417824,-1.194365480724459,0.5841690733522902,0.9664211348155755,1
0.14242573607056525,0.8358078963143372,-0.6236006892582127,-1.0644727461261723,-0.9076175061006004,0.27264857427703465,0
0.6904853540677682,0.3493506225604296,0.023355316114555456,-1.8283953114415024,0.03648075561423148,0.8275950263090327,1
-0.42725264633653426,2.3826022826840734,-0.5997494491188647,0.7298287890155296,-2.031619568663027,0.006973369262685506,0
0.15853969107671423,0.42018859872493736,1.620070309136051,1.8089145420827708,0.21171378417059702,0.4700690491495715,1
0.6255903939673367,0.3877031412620148,0.3636981503429628,1.4253289434703056,0.762149241958686,0.4425206125508689,0
-0.3093465397202384,-0.16692793010856513,-0.21802912810442213,-1.6260844886265164,-0.2800686268808754,0.5748033766303299,1
0.45677523755741145,0.816775867200791,1.193618571856377,0.7248546715562,1.8165269961401054,0.5270674284140013,0
-0.6619259410666513,0.6250852012481537,-2.1706154097954116,1.4221063499235564,-0.8812384474360504,0.007550892648935661,0
-0.3630538465650718,1.251725008565195,-2.0141025948652898,-0.456809980738664,0.21744041530326128,0.01895157067050547,0
-0.3817378939983291,-0.5213229186372847,0.7958386552197739,0.10144743065004946,-0.035824746665955476,0.6276913838714219,1
-1.1958396455890397,-0.4354074729439623,0.06046844811736806,-2.0078930508046704,-0.10029766744340833,0.4284552989867461,0
0.4869724807855818,-0.4791031709119801,0.25044630026076065,0.2667361679766415,-0.11432216800474763,0.7802887845746244,1
-0.46940234020272387,0.7908017211789892,-1.3263961033185487,-1.0635597294347174,0.10710503000947168,0.073460649360398,0
0.01249411872768743,1.498374440296732,-0.023233710850366202,0.19963501791151453,0.8479587434636998,0.09375815728052524,1
0.48074665890590895,-0.45884049314930064,2.003509410401342,-1.5612029221888803,1.3777362362747443,0.9802676749968474,1
0.4465311760299441,-0.42477372779309125,0.8241996197958629,0.5428582244775959,-0.0022502445041573905,0.8149831371440054,0
0.6653851089727862,0.3140772238697992,0.1697065451428121,1.0245126754266898,0.8153160721716332,0.4985860209439375,1
-0.09848548450942361,-0.24576150001290142,-0.43905391010493766,-0.7831798617151676,-0.7017669462667825,0.5091671158197286,1
-0.42329831204415375,0.95205365313989,-0.39457285186939384,-1.1369225814104345,0.765955452726233,0.14332926943904215,0
-0.07971821090639905,-2.2517772906190467,-2.1291978892000176,-2.156023042549981,-0.7619915238269903,0.8783713672896316,1
-1.6873344339580298,-0.8267050469168946,0.2576404209211606,-0.26641353407517704,1.0906599360881322,0.1925859543773426,0
-1.4471124724230873,-0.7824163339614458,0.8454831084818539,-0.5815939342816051,2.2106408773932396,0.40411515435250156,0
-1.3226996123544024,-2.320356012386145,-1.5756193271706151,-1.5510194123480547,-0.12208388797139179,0.5529748561846254,1
-0.9972468276014818,-0.9636384443688041,-0.661416892306816,0.45301875631217164,-2.1925434908074086,0.19624172144694269,0
0.3997742267234366,-0.9151561158459262,-1.157464632233422,-0.44997038186464916,-0.548072933244823,0.7021601892108107,1
-0.9054790553600608,-0.20110465451883033,-0.9653511948087635,-1.0757359586452324,1.2318751342893033,0.16649076522958078,1
-0.3781625540393897,1.1129658916602636,0.05348162682190022,-0.5545724056404471,0.5530767870252449,0.13342156606418384,0
1.2992282977860654,-0.24506065119070236,-2.0844021549884744,1.0713045389296156,0.24891359867502955,0.42033446353081655,1
-0.35626397106142593,-1.0308137202711538,0.614270438357064,0.6029369437552222,1.008668355954839,0.6815961347005699,0
0.7375155684670865,-0.056954541213528984,0.7538550699336822,-0.13002606149848983,0.484453439248422,0.8594284559798615,1
-0.933617680009877,1.0491736214413494,-0.2511025880369125,0.6191050184648526,1.2177251874511363,0.025205380065322264,0
-0.20543755786763002,-0.9759588161149049,-2.4807085099845416,-1.160911956386739,0.9194236766469855,0.31087235595669277,1
-0.9500220549105812,-0.9105748839214486,-0.9964186260023896,0.03237010072703053,1.5217004527369589,0.189619145839029,0
-0.3390330759005625,0.5585489592742234,1.2329019341026966,0.14732233048647056,0.35879608390625434,0.38999143371807915,0
0.8403081374573955,-0.22153611573080054,-2.7779942807285725,-0.4698365084987269,0.9052594014939547,0.3130705612699476,0
-1.7273204231923487,0.6474846907094743,-0.34752341219351923,0.43545833595741784,-0.3071270730857854,0.012376661244229772,0
0.43442364354585733,-0.013646791795296761,-1.180000778467259,-0.7804334546444512,-0.6014608115590059,0.4797805402895807,0
0.2377356023322779,0.701663648089567,0.8045703015848366,0.5098207077761179,1.7067676404189733,0.42224481875758124,0
-0.5941499556967944,-1.0350781140406409,-0.6751139521434614,0.5518587715312919,0.21620467632268803,0.3221833127659368,0
-1.4460578543884546,-0.01208465078826744,0.40395402073561154,-2.917159880697066,0.804880565862379,0.40513166702168624,0
0.07212950771386951,-0.21069001436315682,0.5654604191690931,1.1903057035101177,0.12374001441139017,0.4960088813095334,0
-0.5294927090638024,-1.2158909241041307,1.83622583973002,-3.047632565352754,-0.5865156509199643,0.9822707760635966,1
0.23267621135470395,-1.5634779478686884,-0.20294194367537022,-0.6160490255561253,0.010982892582401323,0.9161987149234174,1
0.02185214552344288,0.6857490352746618,0.37604436962261134,1.025348034257755,1.4359940177677142,0.20861746424279792,0
1.6017788913209154,-0.3509523822179781,-1.485055479127436,-0.31728672525244067,0.555240074279424,0.841962938722149,1
-0.23935562747302427,-1.0222802816473295,1.190413563293744,-1.466185982469542,-1.711473159730459,0.9368540716118883,1
-1.023497492621865,-0.09617893692333225,-0.7605088480713647,-1.0937370617166706,-0.2152444565761547,0.1492140018424171,0
0.17927563495631615,1.1280188573493026,-0.5607541640877456,1.0269057463206197,1.782293792704712,0.07582974425076562,0
0.21999668397176517,-2.280737845371923,-0.022247794849210738,-1.9215045305486382,-0.21379686184995605,0.9859340654428964,1
1.3591875752404365,-1.4966386899033264,-1.5628843453398495,1.1289911009620173,-1.8004786917341806,0.862515252114587,1
0.8351112459145785,-0.9228864418952676,0.228770028928938,-0.05510209904228934,1.8930488854225436,0.9292276029035118,1
0.35687105914950934,1.461178866720329,0.9674662729250108,-1.1923953304424335,0.6823925098127926,0.5144005192246203,0
1.4633028912195618,0.2825869829192965,0.2929338234972916,-0.5831150723026911,-0.0700128588128004,0.9158638218335421,1
-1.188763054322851,0.7673172404612268,-1.588897564178725,-1.0172243411016413,-0.37141773608206863,0.01947022756129001,0
-0.6397515327497477,-1.1401609191262305,-0.12380929432965958,0.8662252008585286,1.0823519297917354,0.407923367099495,1
-0.9265759414055249,-1.1195358752705262,0.7420289029794906,0.7324278097628383,-0.5419834002261925,0.5003111145665193,0
-0.38980980315576796,0.4478137167227104,-1.8779887659659078,-1.7191611338760466,1.1482564245159883,0.11259074736599589,1
-1.3766861475563088,0.05827433093544655,-1.074766013817714,-0.4035921185193341,0.542195285724256,0.039030900251475494,0
0.6351509468144043,0.5487388188641266,0.87654360408152,-0.8631856623442771,0.24468192548734993,0.8037157331668385,1
-0.22222269709877338,-0.18767099092845213,0.27009543419728654,1.2935099684593703,0.14551480533559535,0.30056599060138856,1
-1.4708062945026579,0.278143726454627,0.41197158212675383,-1.350099118126421,-0.17496803671417813,0.15007116330651157,0
-1.0155790812075416,0.15811908490510918,1.8594948076233115,1.604229104685014,1.0456401202092658,0.21090590664545483,0
0.3135138474501953,0.7777673890849254,0.4685527785062026,-0.033294739516937566,-0.8653428321018342,0.43344699985729124,0
0.8381265678943811,0.8070082819444706,0.6578880104331793,-1.1619344063800876,-1.6219251268302093,0.7991758878237664,1
1.9967308916917865,-1.6198719943917699,2.710745527218326,-0.6772741840092779,0.6144401228924746,0.9996462755335858,1
2.9138624660073296,-2.2472685553408556,-0.2138045580904907,-0.8016188407684506,0.6312383280671477,0.9995346132440347,1
0.4144094332759964,1.0017453976515072,-0.7978827636184951,-1.274618402015506,0.4802411525117667,0.31162410675786945,1
-0.9895381200318641,1.1877250932619365,0.4277963982471327,0.09482685973037566,0.4077283696180388,0.04746279748322354,0
-2.132046280731309,-1.0206230195133374,0.4389910293888949,-1.2279155506918433,-0.32054037833754784,0.24001033183549114,0
0.2677114623438358,-1.8598354065456286,-0.5267153919462082,-2.1803662087381888,0.7874827043855253,0.9701220239878346,1
-0.812941095310326,0.09903482100720092,-1.0323970195548475,-0.3796764708481731,-0.04555812675454088,0.08860384105760098,0
-0.41535726017968533,0.9308382263505294,2.309844422090078,-1.8028561964178826,-0.4871135608151781,0.7476112162496833,1
-0.6120967990598081,1.7975945224343146,0.3268434703880229,-0.7521608680675204,-0.3118913122553999,0.05892418354871691,0
-0.14079088641638526,0.516297572101451,-0.7322853814020757,-0.9091028886033559,2.020639698775832,0.22969266911380695,0
1.0659802307876436,-0.37171669658569495,0.9159303022795986,-0.8712160720258142,-1.7349760820454327,0.9656389712003741,1
0.15704856744534462,-0.8931306215848627,-0.1091451515613345,2.0009631015901537,0.49978810429579884,0.4783982099945039,0
-0.1586348370386883,0.011451291670654416,-0.25288144631783127,0.05641156716957076,-1.6791104276237172,0.325163422350889,1
-1.0356537528258116,-0.2992647038852564,0.5622728719144933,0.24537100899533215,-0.10823333832297323,0.2480239967782779,1
-1.674682944704357,-1.0150679057288161,-1.29188226823169,-1.7763982963422946,-0.4336274851541877,0.16019747557435263,0
-0.4863079090733309,2.0487556508632867,0.3526272039171724,-0.6539631336369219,-2.085028296679878,0.05060701390612916,0
-0.05378255081832049,1.785168402072131,1.9129548077317522,0.21530262994151197,0.389037590433763,0.2661404948368959,1
1.767929913579883,1.1360486835554284,0.46617766219731077,-1.0245289129130064,-0.3800380621921959,0.8989944882946419,1
0.13027452147288585,-0.9208503978091276,-0.3762121037834645,0.9080628435179854,-2.099206342561244,0.5798398878573036,1
0.9827395110230576,0.8550193242972788,-0.507105280428242,-1.2026965859010301,0.8395680907742521,0.6285686734671108,0
-0.49929559853915206,0.6396264094979018,-0.41033997334510935,-0.2863661358651756,1.435006177988935,0.1163072966092995,0
-1.1849437664170246,0.44254562420405297,-0.25396267804778105,-0.5860516399755586,1.490124342296572,0.07255054780498851,0
-0.9651167622323719,1.2496652670437771,-0.377806532758272,0.16432065938191598,0.35895644065147114,0.02172409046593383,0
-0.7252260645357532,0.6353711428612774,0.9163114410745667,-0.640490071855426,0.04605813857711549,0.27341397474664436,0
2.1284697324351645,0.7400142363043355,-1.7332091032089831,-0.27089362707093734,1.328156620895797,0.6997654170376125,1
-0.8213866792243861,0.6369062833722101,0.862000050412134,-0.23613009177798555,1.6823835853400984,0.19392289740595406,0
0.838489203736345,0.3407914080021059,-0.3796865251425611,-0.734387757391301,1.133568702875625,0.6894327464508441,1
-0.9029271780870264,-1.7836111297141835,0.37694778569537224,0.48509386849711267,-0.9415376022298011,0.6730929756141428,0
0.9315730128742441,0.08362107741055723,-1.1269879102008638,0.23838837483742528,0.2013448532149219,0.5061215130883011,1
0.38495096610586316,-0.5561919588491252,1.328631066849436,-0.0886139452531673,0.4395161442914286,0.9159005236416504,1
-0.1566378976580904,-1.2798409576400205,1.245634960171873,-0.4304583334619581,-1.8096169689172292,0.9303785652923884,1
-0.040762526135434025,1.681816619300824,0.9595905257500736,0.796544030519997,0.4693606596207741,0.11245794345935309,1
-0.6547876954293904,1.7289953408857035,-1.5147547757935393,-0.23583424381418136,2.272991825979389,0.008861545883321368,0
0.44607220148208054,1.359220600295612,0.8291210710660528,-0.3066972878259372,0.6399361658007914,0.4199341005391007,1
-0.45498348034078,0.2552134168558746,0.4048550876357089,0.10469002988812601,1.4734130814417563,0.27723964137870316,0
-1.2256057637672482,1.3506251209526567,-1.6052712471325676,1.6965866829708507,0.18291473012870507,0.0016931364493431263,0
-1.2779375743196193,0.012053180601825543,-0.02429738377081549,-1.340356208021204,-0.07321832398382148,0.18572619283521324,0
0.17258791772211948,0.20279727689777938,0.3645344890332625,0.7698568930553547,0.3812713900809755,0.42035192201239946,0
1.579091256410435,-1.093471370461983,0.5560752738231508,-1.893171161238105,-0.8158266479844326,0.9954334907337813,1
0.15999161357343825,0.39699130449884,0.17726136694885572,0.21727315822862395,-0.9637751872343886,0.39390409209853755,1
-0.11863832610988256,0.0603859284244171,0.2912314168473797,1.5750828276087308,1.2663045571693656,0.2402582018624171,0
0.2858261396025429,-1.3026521168344645,1.4736113922530956,0.48866852446730713,1.3723423428665182,0.9518377336424465,0
1.3060017417068248,-0.051197111816596905,1.2260339099106798,0.1706250785397928,-0.9911063155873504,0.9506033605067177,1
0.21938250136385634,-0.07972956385680847,-2.8670549537827434,-0.5604494688030756,0.9679988045538644,0.12031830682224286,0
-0.41092723083373717,1.79756116664464,-0.317438554837682,0.03104720048855424,-0.08695997560602091,0.029351062593542823,0
1.1062887100598888,0.8942133285134095,-0.16465102754395128,-0.2520628154033563,0.33980857449043056,0.6012404594505826,1
0.4287564384616135,0.011445439091466015,-1.7520985727269711,-0.7859766079313554,0.4602186394350634,0.34656526099130697,1
1.535755991995992,0.248787309801083,0.09418305823231217,-0.28987561547486984,0.9943504681243184,0.8995718341612521,1
0.18323443722190613,0.044212378104198057,1.2487577724105066,0.19838116062643954,0.08271820186318887,0.7389565599972961,1
-1.2244690317205003,-0.20291398479554773,-1.0865678595905903,-0.7672170685306403,1.410161995301936,0.08219103001752118,0
-1.368159199245665,-1.0824271973882869,0.3364009386898723,-0.8062818206846841,0.30941283975992473,0.451312409248344,0
1.6509279322312496,-0.15105187760692926,-0.9158234772964378,-1.3602434375921744,0.6241842724695326,0.9327523128383944,1
1.723665720783297,-0.7460982566525134,-0.6719120236796768,0.3907250260888961,-0.8332625915372465,0.9363528032695679,1
-0.17951921328260065,-1.2503155389231464,1.477393634170035,0.5453232619670604,2.158659010704834,0.8947908540304641,1
-0.38318732113598775,0.5112218145475347,-0.542557820111825,0.23166044423651747,0.4698249232049664,0.10861311555572628,0
1.4614442922422022,0.39126465993323495,0.46221248901062467,0.9651704927286658,0.7129974253450992,0.8125333130700644,1
-1.107045682043488,-1.786707511368078,-1.871218116060987,0.08786763708072752,-1.6081858112115415,0.20014790466328758,0
-0.8947270189558264,-0.12268463749512722,1.8623175613948801,0.3920109373657567,-0.822702023079101,0.49220214261956446,0
0.6433267946890444,0.9957013858999235,0.602652446306499,0.30383742563756283,1.2378836879187305,0.47377304753717786,1
-0.3946051228595896,1.0592237388963208,-0.18249984265026167,-0.09154001941820787,0.2868911182926047,0.08966885738404455,1
-0.005121866720071296,1.0258368428852387,0.5755465099998948,-0.5308218281296473,-1.913779734828926,0.3306386577477277,0
-0.16344289852451258,0.0389132069014598,-1.4098194289478103,2.214152615791911,1.038289928983819,0.042720158380507404,1
0.33757454879893356,-0.8450453279691511,1.1825307417526572,-0.4519509798535085,-0.5437828043527234,0.9412615471208452,1
1.4074818613137168,-1.0836988273580606,-0.3239847754964302,-0.6658777111204364,1.411316985876712,0.9725810699644907,1
0.09058490690174555,0.3446049047503575,-0.2040695150484347,0.43400982345010697,-0.08783567860369966,0.27946458675023417,0
0.6439387932768579,0.379280034365163,-0.49165561496548443,0.25185441529500513,0.20470668602052994,0.4362575598943355,1
-2.0501721010310225,1.2873311116050654,-0.5806514027455847,-1.4047915476103274,1.1789545785916484,0.007895643558956649,0
-0.04871840193011795,1.0999796503420836,0.6946706116284086,1.1226782545637386,-0.8974929708546623,0.14725103065567502,0
-0.8432302702928711,-0.1322286565311721,0.25590685010422287,-0.09419457535083331,-0.9928468078339396,0.2515357585282527,0
-1.218813060423628,-1.2442058788608694,0.6517481414030399,-1.1109310952157205,-0.19649842039810733,0.6727168314097772,1
-0.8781523669287508,-0.31910659701089783,-0.008794689485571452,1.188784114353874,0.8271727996212221,0.12882467238336856,0
-0.33412344070081207,0.21723119481052466,0.513199811077181,0.625675571596154,-1.3308772526134907,0.2828185053018051,0
0.9159025423560131,-0.2020832453894041,-0.41884874392503835,-1.2645419919479142,-1.6680345998890966,0.8710094423471026,1
-1.326392717739564,-0.5778941080776558,2.2297318414095484,1.7771828402577243,0.8237209270437923,0.3473933064541076,0
0.030631492594417446,0.2528848149698989,-1.5679304164304986,0.6587973683661927,-0.6029783125670037,0.09227605147049031,0
-0.4841694333335785,-0.5039577414106104,1.2609373235629844,-0.010196115625046132,-0.3922260129202831,0.6945409148708619,1
-0.32767309436196085,-0.628066083725374,1.3679074507209708,1.5902188056217794,-1.8568104019401659,0.5912642979384227,0
1.0027578253046041,0.31145283430343956,-0.8521588059655938,0.15929778382964058,-0.6789793143519821,0.5341970879372451,0
0.5381154370039261,-0.4019925801292048,2.2292736105559734,-0.02808307510403198,-0.007567296631150636,0.9610882938796268,1
1.3373981074427437,0.24410438897835213,0.9954902829453182,-0.660300116021989,0.9303778576228922,0.9485645681531745,1
-0.15450567924990047,0.2732040228521227,0.9711390068229115,0.5818504393070786,-0.7712301662346388,0.43107672959924465,0
-0.695942611670703,-1.1394290010915746,0.028022187025876687,0.4766029673239799,1.6573761202324966,0.4767686664636156,0
-0.22385881688049952,-0.4812411238654122,-0.21722615821867644,0.014680139889711287,-0.6845560241798007,0.46583525219458366,1
0.2424967912712216,1.4377769399164624,-0.20940882703960811,-0.789986353867603,-0.6830918015851747,0.19851663961168048,0
0.17657335845371103,-1.1620795127342871,0.3905305963195172,0.12992985416607386,1.5373575518978022,0.866080659719241,1
-1.0843880722333665,-2.116654448970531,1.4011862750338961,-0.06979878576213788,0.21146015236391716,0.89279142846671,1
0.09048978162787422,-1.8618451532425115,0.1813142178614196,-1.333474318734201,-0.5520247290115766,0.9653920123576222,0
0.22822833013890514,0.029109946576669203,-0.9114436231372903,-1.4718123513241856,-0.15513313118059344,0.5473850069804916,0
2.5174740375339204,0.03091727803269891,0.8244270623849798,0.5651533788097695,1.3530735775420593,0.9850893750066065,1
1.8768446112816701,-0.11761085542512094,0.9211507463947922,-2.601888315051689,1.4662028196256818,0.9952555033771964,1
-0.8532433505588201,1.2141898289285016,0.6546595284477861,0.20541052696125997,-0.816793179270256,0.06430279185423517,0
-0.2873833615491761,-2.672834433102938,0.7454989065249826,-0.4780830577538245,-0.042433810079108215,0.9775260973351642,1
-1.4634420018370031,0.3959338744308236,-0.2709281301578081,1.3082466068799101,0.09015682766757308,0.016544730216205533,0
-0.5907070139634865,1.5614382018035733,-0.9289891671305796,-0.49346820915387574,-0.9862401105165975,0.023776120466859185,0
0.3156050035903405,-1.127780764891714,-0.8681934306407798,0.659484214251896,-0.05568505264999431,0.6442866174757973,0
1.2058536208882336,-0.3798065117898951,-1.635463248457858,-0.3969138412377916,0.005322860451700487,0.728958654599809,1
-0.7290838377436085,-0.7528919172286209,0.23694861154594976,0.11374815348614345,1.1402094789367356,0.4396038929147359,0
-0.6541464400677965,-0.8943460460775288,-0.08344878322659362,0.7368365309200512,1.207425028311201,0.3540714265259506,0
-2.147289029738655,-0.32626200502304,-0.43998770452970876,-0.46255571632458015,-0.32920939835900803,0.034556986101419884,0
-0.16266592054490767,1.4274852836845047,-2.95561882434507,0.996554884498404,-0.21395314386081168,0.0037809712742918316,0
-1.062414411859563,1.8373866754875203,-1.247317469694169,-0.9936978771064832,0.6642923020556356,0.008043358059140908,0
-0.5294394273660737,-0.3359392250401477,1.1208406514031668,0.2945928425583791,-0.5851884489270115,0.5551790393342151,0
-0.8768607781675882,1.9050602140644701,-0.664626000063131,0.9226397227878528,0.5886401517374027,0.005318121866905692,0
-0.09426255425255699,0.035576476984624864,0.3605916776568414,0.6600374917903349,-0.08790648736921473,0.3849572491375044,0
-1.7577283913566313,1.753691026701081,-1.3906854299752562,1.9164448767354103,-0.9693985777386207,0.0004555053103769633,0
-1.4670452453909906,-0.09329864965349177,1.4387054823592311,-0.7634393173106605,-0.9568367128796466,0.33780626274856806,0
2.129247112028298,0.1310578260461443,-0.1440276600546764,-1.379149251348588,1.447058696031102,0.9766671771820853,1
-1.287422581274031,0.36547447264283456,0.2900403964835352,-0.9943351084951194,-0.1564214791432986,0.13269291906717268,0
-1.0967855784546396,3.1788536793675353,2.325779791881685,0.660442566548437,1.640354093898311,0.012243628072095475,0
1.836913528321314,0.8512855748447891,1.5164401005894037,0.4979229342693786,-0.5136362607149101,0.9369340994380859,1
2.905067169240407,-0.7072645299514636,-0.3065656212870578,0.10225665964741577,0.2912052011314934,0.9935055282074207,1
-1.1715666288253417,0.9689978702758579,-0.5932201848703592,-1.12295704910713,2.3926767230182415,0.0393797375313542,0
-0.36824895678803055,-0.3618325370843415,-0.3255450115195318,0.7668672933290608,-1.0573867446632792,0.25503681020233543,0
0.34155555094050954,-0.48975018290120914,0.5098982484765356,-1.2247047776505404,-1.8978144998997766,0.8981554390642845,1
1.7286976444055924,0.9086013598921112,-0.10522413425087113,1.1589495823768998,1.2865901312872332,0.6444343360977784,0
-0.9868570784282374,0.031085587771152785,-0.39524414500347166,2.857438423139865,-0.8268091053930736,0.020044244382825167,0
-0.24527784594210975,0.2785759145118061,1.4671812507090423,0.3664511465715505,-0.020706364106233777,0.5364351016394938,0
0.777337576061744,0.013985221865292462,-0.11420989177783689,0.5831081356577431,-0.5859182104515849,0.6394333448089514,1
0.43476607446661863,0.3365831266054347,2.2995890930373193,-0.4928597688955594,0.2681627809553161,0.9185953789006603,1
-0.37615607123009925,0.4249658974361492,0.09074256375217302,-1.8102133210868163,-0.9505362071857422,0.45350742459865806,0
-0.13382296451604114,-1.9369669327054153,1.7853183942247275,-0.6027193630302223,-0.1799400878833061,0.9832482424370965,1
-1.3748958083699818,0.6665726686095336,0.3573194227106268,-1.0928952410987494,0.4498153265565342,0.09203364247204023,1
-0.23817374397466523,-0.9820194198303006,0.9629605732494478,-1.4470045764150157,-1.008308886274262,0.9191173536137055,1
-0.2663874900089551,-1.4422991355594112,-0.7246110515177244,1.7223599419956492,-0.7000840296458889,0.39250443950765745,0
0.23216988962625595,-0.05841124385868244,-0.8537592225874118,0.272862518025773,-0.3473828335985318,0.33521437433231566,0
-0.555327218819016,0.08398100331445427,0.4597059550149875,0.37968758061398367,-1.4288154342262782,0.26663242010972654,0
0.471538522545139,-0.6935061645722808,0.9885532424653152,-0.30902236519624954,-0.4225609827987464,0.9262956054679605,1
1.0127158178198286,0.8310318576679744,0.040256502000462865,-0.17287108244343635,0.11879653990290184,0.61773781412354,1
0.15542932766846604,-1.342175166370907,-1.2863933350836971,0.9645506822393334,-0.39954894158842846,0.5142536943353776,0
0.35175640839920347,-0.40694374877255896,-1.360258366289327,-0.03233711869521544,-0.27137649293172456,0.4223843180319493,0
0.053155347577867364,-0.5848741349330007,-1.4271364021862412,0.5306939380247327,-0.019901670906585355,0.27738819721993835,0
8.439309141418043e-05,-0.04658727033933937,-1.767622112939381,-0.19600429784501586,-0.655743462432314,0.16623365496831177,0
-0.7215580335428474,0.2788642846472388,0.10948535944708751,-0.3421528907320472,0.6910625658668772,0.19573173310558395,1
0.316494261673308,-1.0078929496235447,1.1250439217080253,-1.406914165601862,1.4359781248017758,0.969919608679369,1
-0.09728659841348947,0.7242826774562282,-0.013415786924808768,-1.977749062367128,-0.46438039219544847,0.4693756788388806,0
2.093168308930595,0.06300236833469973,-2.2604147573378524,-0.2615619010664018,0.4851982314777071,0.7666927847898578,1
1.5733549024752425,-1.8919462533119105,-0.19076046033454871,0.05649669199323269,-0.23961715543464693,0.989761567523087,1
0.3858465525565008,-1.958591440397031,-0.1627989966326071,-1.286130036708791,0.3654873450385047,0.9731084200934187,1
-0.7630572096947675,-0.012319292929311235,2.0959987502254394,-0.03447486503463288,1.5657795312032543,0.6229779237922046,1
-1.112411471983418,-0.2209673177863541,-1.4571379129195563,0.053752562990502024,0.5086595430180988,0.045813667690422895,0
1.191142953088865,-0.1034201135746335,-0.3906776025991957,-2.156008006059379,-1.7734145388096807,0.941710165466521,1
0.2627492251471385,-0.02798245653021798,1.7058526805445642,-0.9151246594795012,0.4539956314469589,0.9122256576800025,1
0.4801434033916108,0.22555983951018072,0.44997834134654807,0.4072638937354685,1.2328637433090093,0.6072157832687527,1
-1.7445859869741926,0.9476496098482997,0.5633130735164247,0.3870587293957439,-0.2215961699981027,0.01891812344409485,0
0.9274384815581808,-1.1111049009175582,0.11458443702387822,-1.1536749163997606,0.9956348061178324,0.9713537698203402,1
0.45442033821436295,-1.1719715929007948,0.32994353865726456,0.15844805049973495,-0.690115541151946,0.9048673363543986,1
-1.110430684414478,-1.0933238578873825,0.777609530278536,1.0224072253604721,-1.4855391595222738,0.3848615186134412,0
-0.47152480744994896,0.2889166671687069,-0.8094863188927663,0.7770729589908982,0.14116901883264016,0.07413691220738546,0
0.2637172043565196,1.2449473786464456,0.8780585789081998,-0.09528578701393456,-1.7564767207463141,0.3660825533534968,0
0.05246679835624363,-0.4313394382395105,-1.3730030168855392,-0.4679763133242924,-0.23977101289359176,0.3751398956621082,1
-0.292171185803555,-2.5016998441596545,0.3283679728315381,-0.6293444843345044,1.286842262645503,0.962955016923297,1
-0.10348826806596086,-1.7039928626103755,0.17874096328632716,0.4678197829096571,-1.9097629057462808,0.8493848520488172,1
-0.25197737820688537,-0.8330367227960116,-0.6162930881921079,0.19510397314288802,-1.2794967959138979,0.45216122499782013,0
0.15256251210246857,-0.5577288874952148,-0.022685275325646737,0.6294040061022004,-1.0320322451615775,0.5917219532727795,1
1.471491972993157,-0.4083886272547264,-0.6225401526655531,0.13187381312115198,-0.06331985971095996,0.8855308505711964,1
-2.5666584409312976,0.038581122980917065,-1.0717013268617444,0.8187639503474419,-0.36571678564620924,0.0029807398993779905,0
-0.23685026450968424,-0.3117463308224471,-0.35361474161364437,0.09459253295770016,1.3991363816960873,0.36616630812934997,0
0.17651242137244696,1.0493396105434072,-1.1039886353716615,0.7846887161316864,0.9543483290916974,0.06030589051848122,0
0.2959939896870995,-0.6760173056813688,0.3227974640932481,0.8708227703666389,0.49527294606859795,0.7151311261280687,1
-0.37191458132128985,-0.862317959475543,-1.1500854941523635,-0.8045266302248135,0.14563031434388482,0.44363782662204726,0
-1.7567217824785826,0.4788755385204616,0.7119770229910514,-1.808144046870746,0.3932297769848273,0.1292476470100015,0
0.32799548371410964,-1.5356420699261193,-1.18147906792882,1.5434928560145533,-0.861982355313375,0.5821730989867184,0
1.727350214164185,0.3896917053200022,-0.5662949155810063,0.2566587307122617,0.8572103535566122,0.8011504842176832,1
-1.5338614049161376,0.10255318372626686,-0.624603408215179,-1.7144858954961215,-1.112044254359201,0.08940277798633152,0
0.8638280136981883,-0.1474424899181674,1.3251467288748389,-0.7138194972187111,0.8353769939022309,0.9523351963438942,1
-0.3285252231228939,1.5882761071492624,0.33028994561659186,0.7718742923698284,1.186142502118831,0.04944134178172059,0
-0.0613243458288473,-0.6222074452947179,-0.21173380254439425,-0.279676831132893,0.2108646020880872,0.6196343223909061,1
-1.052898510703949,2.0602981705240784,0.4987194410697233,-0.5120614193191271,-0.17621305896197587,0.021733210607846054,0
-0.33445617235587666,-0.2254314492280993,-2.107192347329688,1.4008818603129667,0.4003099083096733,0.039960950494475206,0
1.3000445946989585,-1.2770164449702281,-0.043133589640907445,-1.0472871463838105,-2.861518370100673,0.984167709892116,1
0.582655241987707,0.0699195809948253,1.9975141778047627,-0.7981533577548339,0.30225821848546125,0.9487294768224435,0
1.732311605409944,-1.0762452003187681,0.13234650640267256,0.21138647504826755,-0.11335399783980703,0.9813502611915365,1
1.1774118889776937,-0.7517558478135002,0.0679131691693355,0.39045493205388226,-0.05062811305699102,0.9232956104375727,1
0.4390866789295762,0.39703330001549114,0.5481283796421961,0.4963430343407315,0.7065325128978275,0.5453512940503701,0
1.743934526167792,0.5555820886501248,0.8956052433143455,0.9112380445689469,-0.07476892156472781,0.8935322607779455,1
0.43899315873829875,-0.6221677002542582,-1.9974666928898597,0.19857862068151685,-1.140206856651158,0.35304981501462124,0
0.8279881767970589,0.9874051450464006,-1.6823264817910268,0.48938393893840915,-0.14140267082537805,0.12275780128124826,0
-0.29657095353470836,1.157507758021134,0.21029129108614655,-0.2592092593150832,0.06755548408082447,0.13770474233919724,0
0.06654581585920483,1.436301756563291,-0.7148765618975097,0.06269830323671424,0.11493391158101274,0.06650075421838003,1
-0.6974238233002769,0.5294134071257222,1.3120252622199142,0.10753418005363442,0.16191936728506806,0.2915612877541271,0
0.989583934594853,1.3634287120856987,-0.3151743898852239,0.21509813581903608,1.0393690449185533,0.3096323057747542,0
-1.1783036231148656,-1.8807984279740577,-1.9345307357131178,0.7725398075827608,-1.0860345530341475,0.13647877289557597,0
0.7823503424176613,-0.31790654862846257,-1.268013916843997,0.555145681944831,0.17570045616484992,0.4976847982363706,1
-0.19065105750515945,-0.8670052563234263,-2.7496760196305754,0.0442170029001831,1.289929698618241,0.13248383838750957,1
1.1712470934673194,0.11922586112739209,-0.23412553728291255,-0.8091259849410398,-1.7346114969371953,0.8573881754799244,1
0.7508689887312598,-0.5714492191967373,-0.18838412726438336,0.06767125806270954,0.17964668078005355,0.8226091804599364,1
1.8206461576468016,-0.16615784194973238,-0.42446270978189776,-0.028017784895743934,-0.5853785019730434,0.9284973675356272,1
0.7307746911386448,1.8821748802040494,1.0788790390297387,0.19318157981319836,-0.37071038447310495,0.34921179489283066,0
-1.5720402556532407,-0.1697197964203783,1.1985198365166936,2.206525307140402,-0.904807503214422,0.06066096830983612,0
-0.06695317289820084,0.4137923171902139,-0.1703884233561112,-0.5237727785412354,-0.16955071570044408,0.33533770121857065,1
-1.172007192594816,-0.2322693299242352,-2.134693667476856,0.42228901912535954,1.8412556144269043,0.018930682633743257,0
-0.5182798423662747,0.07571328795683367,0.6172815804922585,1.0684620672442982,-1.2644303611772136,0.22913554251123833,0
1.5112284332767216,0.006016680436071459,0.5553602285085755,0.09800191409938289,-1.1696100024788274,0.9340828732450336,1
0.637533810897696,0.4483240659731595,0.309391570156945,2.337845119172165,-1.3019345701635046,0.29172479585281624,0
-0.6989304285787463,1.165307535547177,0.9814797493081158,-0.3780392917314767,1.727418286628101,0.15148088943675309,1
-1.013717366440399,1.6473939976033294,-1.16482809646104,0.32408922232004705,-0.46233970552128695,0.005451712872857187,0
0.03278209287626079,0.30962008190916684,2.008755386185139,-0.798805744892982,-0.025639060347674214,0.8503194233581967,1
-1.2165601493811278,0.5895468860356021,-0.959427753141868,-0.35152473514329313,-0.4027829411062397,0.02750552962919954,0
-0.6711402773965811,-1.150864509185567,0.7492229272008546,0.2489339103966579,-0.9444228784030915,0.6785769477719908,1
0.31200947155124387,-0.08787674241562057,-1.6873476944133516,0.8463040623077297,-0.2351506466144354,0.16618077190873667,0
1.1553120361066962,0.940289464883589,-0.9302646872700508,0.3190948340235742,2.45824360573656,0.35375544354944216,0
0.6087614722244398,0.8659686384171532,1.5163686467253361,1.259114849334736,1.392070920974255,0.5640270467708048,0
-2.2912895085981,0.21160973279505021,-0.2608998230008499,-0.09496531059267174,-0.8529378177922723,0.013138452458709506,0
0.3043667290302598,0.8863939595679524,0.8399226051327979,-0.33216852983900536,0.6475741030616857,0.5224613926076944,1
0.07203357323257792,0.49076670899381886,0.2369553887192461,2.7039851072793866,-0.8315227726663764,0.10603719702228563,0
0.41389028537269307,1.2003062582593216,-0.10495815600017268,0.39423764944203077,-1.7763676388462208,0.1932266986959995,0
1.6162096816512073,0.2893591569571111,1.3638503249326897,-0.7194815459785476,1.0195109176646295,0.9751303460419808,1
-2.063238276804743,-0.35569831557103465,-0.23665882465190033,-0.6942637622480688,1.1600928466435507,0.05545098426174996,0
-0.5911034251911056,0.33584125693302364,-1.7807381075634705,-0.9426799145313405,1.0460522510478993,0.06789927901458022,0
0.5909063227933546,-2.9305943758527757,-0.8032400919517051,0.9365693558567879,-0.46986524921957273,0.9633980484615526,1
-1.5815943994539423,0.38288573638504947,0.5511917287016942,-0.36437729289324183,-0.16677573400198623,0.07491000500733269,0
1.475949048053509,-3.6484128252147836,0.39550910636250813,0.12736247565648562,0.7497655536581233,0.9992419446870686,1
0.3683566127006584,-1.723463407405418,-1.5670582502354382,-0.06350867443826871,0.3914960373481072,0.7786171299043082,1
0.846583985843404,0.45176860094098414,-0.724342519408201,0.7314924079409346,-0.3936374712970443,0.3720181745921642,1
-0.5709436615217945,0.47752933726679525,-0.5817213492022466,-0.8467440928840201,-1.6190718201181646,0.14807233035682127,0
0.8137636899662105,-1.1624287801399305,-0.365469594114225,-1.0755722861430155,0.11387519414201226,0.9492904259355772,1
1.0684715559890383,-0.7121020418789388,-1.3759135886015514,0.22429730718159427,1.0790096392361133,0.7431463500683787,1
0.23287802013716835,1.370540988614132,-0.6283711081194786,0.600959284699897,-1.1975882890341571,0.07342653037100191,0
0.23440089269869593,-0.48403013157267616,-0.7286104852595274,0.33253231309764075,0.638759381675977,0.48725570462357976,1
0.2703432392817259,2.242920312402985,0.7715332597619193,-0.8094537290973276,0.33154169513369264,0.1819494765664359,1
-0.8633452647393817,-0.001919853176346149,0.8091213109902438,0.6774848420913938,0.7501482632323336,0.22146690440744135,1
-0.14752868024035293,0.4080361768812668,-0.145810458088816,-0.7438609270956342,0.8719754997190072,0.3426728192474252,0
-0.1525225324523588,1.6168743984986076,-0.3920397958707315,-0.5215386447863833,-0.694465241925353,0.07005235489696165,0
0.3833938643534951,0.13102711619341956,0.1399243120391134,-0.9439535247220022,-1.616959400164946,0.7181693260088101,0
0.9998242469102946,-1.0023439806908012,-0.8165751074555749,1.3011583486520308,-0.5335195256828793,0.7662315591228716,1
-1.0585360819784093,-0.10972745169429012,-1.146832082167441,0.6334215410273492,0.8891273175270074,0.040573761726347475,0
-0.12500903031957764,-0.03561073619009093,-0.9402212089257169,0.6049933756788733,-0.542003903525971,0.17322867470273012,0
1.4814555476589732,-1.3647416522015654,-0.6348131639714567,1.2472114211424503,-0.6940433238576419,0.9324428731440147,1
-0.7435882288125641,-0.25583207134082336,-1.163473799792271,2.8126492482387233,-1.8213503419246384,0.0220558337609205,0
-0.8222500172903203,-0.7421920939974367,0.16205955906287475,-1.7092261039101555,1.752647554550939,0.650363856106001,1
0.20230619183119358,0.9243577571874341,0.7297156737837084,-0.7383765808771081,0.8257136414253099,0.505448503703655,0
0.8443851904853201,0.03461187418525562,-1.5870983007982418,-0.6161750841745238,0.7698959812747644,0.5118321526221893,1
0.01142605556065933,-0.28279574914757005,0.02512871121603335,-0.8508196223826928,0.9677253867794737,0.6723920097439937,1
1.3289605904369892,-0.10618193062257626,-0.21993579526633558,-1.0775832476037126,0.5767083615434017,0.9250468537535786,1
0.8567939825665268,0.22312201840616613,0.3415086855368029,-0.2996530640553656,-0.24432885517952907,0.7970505879693326,1
0.8418200668900618,0.6168141996897798,-0.012938768103588062,-1.216603715289405,-0.16376410412220166,0.7433342177726482,0
0.5541165013240933,-0.9997122286693814,-1.4535992799316308,0.3350423675374132,-0.4275643645921248,0.6170268190998552,1
2.327653100346085,-1.0415876326212719,-1.2623892988571654,0.051698321428614635,2.634740754415,0.9761338718929,1
-0.2051616888660442,1.10467921540253,0.029423575584972723,0.4810286647636553,0.5559120312994426,0.09739785614273198,0
-2.003522292066514,-0.4123368722047306,1.0287809197455093,0.5077284516382525,-0.46380044135143456,0.09549344231092036,0
1.604254361517141,-1.416842092596874,-2.214187371043003,0.6030068534266765,0.4654967741662798,0.8646111608878558,1
-0.45769943095682564,0.44381270938310463,0.34572657980157995,-0.3734089368238823,-1.0108689178563175,0.2740687496487004,0
0.10788044434303304,0.4633698060326869,1.1896220052876432,2.1211434026336673,1.504506718589227,0.30326496897143,0
1.309550684860527,-1.5307152572567064,-0.1530258762062131,0.23443111648209775,-0.6610690958071401,0.9735792353179968,1
-1.6022595410589253,0.2294817154636063,0.5502024960264408,-1.862484752624795,0.5010854326224657,0.19011418584113826,0
-1.2516472141061394,0.7355830924283736,-0.7030690808978022,-1.0023757457662175,1.0659776297431345,0.03953503412134592,1
-1.6012779371188537,0.37438645170626306,-0.11936619927687682,-1.7405029890278156,0.3847685442049928,0.09014425269765916,0
-0.7941362900254239,0.6319814837613953,-1.6209135183081516,0.01733462915130733,0.09446999181963821,0.022722457465352463,0
0.43963660601699356,-1.404269098090749,-2.344343308418874,-0.12180522405333363,0.010802084856015158,0.5725205845244693,0
0.524187842812771,0.3310401549961956,0.9427658012252752,-0.4684256978994578,-0.056441096887107134,0.7921432303554312,1
0.27627417932855375,-0.30261975947044656,-0.9849949277244419,2.010926112400514,-0.5766984889275022,0.18883364284727167,0
-1.4127658838923665,-0.4827901587246448,-0.4555278450034305,0.5489828740769108,-0.44948342976970423,0.07095159269692912,0
-2.310103436632644,0.8705556094197265,-1.3864422532701932,0.7260983614463344,1.479590373650935,0.001215546970492268,0
0.054353585390382264,1.47927451067423,-1.4099697030838758,-0.9310734879421032,-0.10853663268515668,0.060289167020123546,0
-0.47177603363833576,1.794370054600359,-0.17383770009461635,-0.9991448913310123,-0.7857962693827731,0.05496685051470516,0
0.45938577171661177,1.314807871505905,-0.7295771941356465,0.03680549909695475,-0.5162975968615086,0.13552857203607402,0
0.7019536262212701,-0.10973418163018368,0.37797099799469847,0.17300713965222583,1.100370680697223,0.7861965773539396,0
0.13824143205868192,0.35272016302634307,0.4525384189795919,-1.856311567114457,0.6756066331644784,0.7471976146752063,1
0.7601330853758538,0.7668228717842437,0.32084964632460716,-0.18030702284953407,0.5603291782322569,0.6025956420830422,1
0.22921137411506842,0.12117794929946196,0.2386007909284437,0.014072082873504806,-0.25752119890979147,0.5536685355555832,1
0.5300647056014667,0.13076418791154437,1.5777682049318862,-0.21514916577112894,0.5733624701729451,0.8836225258102166,0
-0.7046732628698824,0.823753131876182,-1.067593769044886,-0.8133904123466764,-0.643561124950648,0.05359796120646942,0
-0.17961141383145854,-0.059282646025932216,-0.05493486620291775,-0.53953518192114,-0.25961403134577454,0.4660445712447109,0
0.19677609665695725,-0.7292869363736615,1.1326898205195888,-0.17685919357279603,0.9698044873917454,0.8992076137270079,1
0.8205284754174188,-0.4144730658358585,1.2645398093380364,0.09080002361004777,0.8742776789190644,0.9390758359805634,1
-0.3937411722245721,0.6339103777337424,-1.4217636493445729,0.604791582550568,-0.9819098459508032,0.03569036762297269,0
0.5211672557321126,0.002993291199955732,-0.3123554416558699,1.0808562049508712,-0.8555264529085758,0.42564126366976873,0
-0.265838791915379,0.34020997686833787,1.3581210958672605,-0.2943477235272498,0.10870215281340967,0.5820762816546102,0
-0.11754216732813036,0.6700792422021898,0.5080791051990653,-0.45615619611535785,1.7261323746695099,0.37093550743856746,1
0.829519042024073,-0.3748414628976096,0.19526303147977275,0.43765567353430623,-1.9155651644689942,0.821664813580362,0
-1.993060371054156,0.7562481636298061,-0.21768469343465674,0.6108449164108543,0.27833293957050426,0.007143080913555099,0
-1.296472328074761,0.37884260345839443,-0.38380092570774543,-0.4342004332588856,-1.3760433315731482,0.05459084111616723,0
-1.4821853974428207,-1.2348130869114786,0.2882190630903242,0.7903934769661722,-0.6343309935255456,0.234858325077838,0
-2.3336161198483047,1.4423047911862443,-0.25237412498448336,0.9795853411559731,-0.3644284180642414,0.0013267836125861957,0
-0.6782644401551767,-0.5007447437569161,-0.04257862104444418,1.291686465658673,-0.4205083434368909,0.19037311814167604,0
0.7494338997277404,-1.6550953431851838,0.07859870611503737,1.7783209067198225,-0.5337959396592085,0.8960852290575679,1
-0.28488406638257474,-1.0450437095863023,-0.6780715284934992,-0.8664161386594389,0.007207060376370152,0.6484715815233011,0
0.19779008194185213,-1.021045160678322,0.5321293738814383,0.01389820933251119,-0.5352555666305784,0.8715126977849383,1
1.0892174967107926,0.05217331865753347,2.9142446484154196,0.011277696618660139,-1.4624573848541527,0.9835521557321429,1
1.3276861322676916,-0.2738505055462372,-1.7769866393260751,-0.0980735685325076,0.7798696125227764,0.676965161419933,1
-0.06913793472613955,-0.33683196764059287,0.3240125241899799,-0.6492629196101362,0.7528721671488805,0.6917748216233917,1
1.3535858895693973,0.6197019654824789,-0.7601900886189056,-1.4855620032310715,0.843174310022669,0.7969421196926487,1
0.09212665843410921,0.3398753611927038,0.57740257751925,0.0926794460290038,-1.5407344962640819,0.492405418154772,0
-0.8373982238274621,0.31604787064428624,0.04655747332786092,-0.7683556595479125,0.29891815258415083,0.19034280353220404,1
-0.5944003521987352,0.40982845732869266,0.7618547740424635,0.085993480747625,0.6759788558069234,0.2592741956843546,0
-1.4805365125650163,0.6161346680022383,1.1755065765087795,-0.7940435416988534,-1.031202068439585,0.13759013082934723,0
-0.8881338537336524,-2.107953341777443,0.19242111776818133,-1.0996583458443414,0.009173248182129144,0.8756971289376383,1
-0.35801668807442916,-0.3644382522644612,1.1320522884141782,0.2342983603768977,-0.11626664531036575,0.6408858534416054,0
0.8035850193786016,-2.180210064489474,-2.3442978937886774,0.15092152680649595,1.8421506585682637,0.848075772686546,1
1.7207698311659838,0.03605992679779541,1.5904522979160232,0.579281971320933,1.924496037012573,0.9731478912670414,1
-1.38218151537704,-0.00463297222434532,0.3750621518923401,2.1858637664176253,-1.6643563933302008,0.03294455341219507,0
0.39282746825991893,1.0455322747896802,1.0778433557451819,0.2772895312108468,2.4939270057279894,0.4682969119026665,0
-1.0405439391575344,1.1876343927211208,-1.2198757448415216,0.4850817670641296,-0.9152257211533239,0.008180951272247307,0
0.47469708846320197,0.20277504825236733,-0.8307698816053357,-1.0775613288673254,0.9806732943274258,0.548534614935186,1
-0.1310866506877266,-0.5003610773968998,0.14593829414477413,-1.2869074405363745,0.9704979808637308,0.75845353627538,1
-1.8309058258475304,0.48516111254573785,-0.017037889337463016,1.5828294467733337,-0.9956902268418067,0.008791055795635237,0
0.9282969915684843,-0.5279176373243135,0.2830685880099896,-0.9234797799333037,0.493267793839099,0.941608415349919,1
-0.605000712808731,-0.001392651443348899,1.0845151609299661,-1.043944071468642,-0.10753374426606396,0.6073625897373043,1
-0.5339002383735546,0.9861363169607678,-1.7652203153028492,-0.03909892121655298,0.5543300046323907,0.019812000986231933,0
-1.06975241128969,-0.5577713459894236,0.9738190717173091,-0.09019241337738836,0.2306723023806257,0.43635991721130696,1
-0.6542832766875555,0.8056786392425009,0.008281909957927018,-0.9025065064432917,1.196339485370247,0.14864378945109458,0
0.4278904406949172,0.6774013686923024,-0.20378186112454774,-0.3049732187131,0.07539954314606226,0.4021735414867448,1
-0.18924434093640552,-0.9547918171308215,-1.4711152343848903,1.2293757176501043,-0.16787406942631122,0.2102879298413195,0
0.32866200228248105,0.973894128217401,0.503048668376865,-0.8059936088317976,1.0960642330571804,0.4990342021530546,1
0.3619218539288437,0.6985663453715051,-2.414107851031037,-1.3936724843661716,0.5803959648586033,0.13405690085005695,1
1.320661655528167,0.10192588737265744,0.6483940112387127,0.9425936208997923,0.7318133943208879,0.8579727541866781,0
-0.3427861508643793,-0.7623234580276522,-1.492105835472992,0.4922969119380367,-0.6645866722585968,0.1984976337317636,0
-1.4768578168457318,-0.85920601857557,0.053457912617474034,-0.6205186206486616,-1.045262781398474,0.26394164036928275,0
1.067222416571983,-0.5376625769030224,-0.11916883732792043,-1.582167016126918,-0.5677221432527015,0.9547205534535577,1
-0.3314881720972547,0.54259446329196,1.1695381472938837,-0.7446233564385631,-0.6208213856805886,0.5158957586640843,0
1.114592444577377,-0.9556251674013979,-0.17865516901389017,-0.05470443684927131,0.7861992686529143,0.9368904136010578,1
0.3833771131824704,0.4375122486198699,-0.6941385611456656,1.165672089883819,0.9759840502940518,0.1855043884296884,0
-0.13113753020334493,-1.2417555288783926,-0.506602695971203,-1.036581974869657,-0.15513028953240038,0.7974559004933025,0
0.3487758940462951,-0.20406858443884895,1.2728827687546636,-0.08451988151147344,1.4309190188243524,0.8605225655403284,1
1.9510125601262995,0.10964775457400863,0.5362969691808936,0.675144659894898,1.3684693937651298,0.9456618498653027,1
2.076980529053753,2.4451301450589167,-0.3856299815231613,-2.3812673401219207,0.24339891640053923,0.7361771793452353,1
0.0693811351327787,-1.3773156555203674,-0.23644641996451343,1.0337861679388998,-0.82189177154304,0.7044223836661776,1
0.1601905933170753,1.4720145664901334,-1.567177090585447,-1.1824505722064373,1.5753766494355401,0.07187065720210088,0
1.0762401574663856,0.14984241398728004,0.388474200851541,0.3319954934569346,-0.06101735102840823,0.8142126145852197,1
-0.8456610327673472,0.41117191801596314,-1.7598157076954657,0.24668314961074406,0.1261651964309746,0.021469362618259855,0
0.3330703726182551,0.11834791338820451,0.7517964658354561,1.084586391463845,-0.33960502560656863,0.5510527873823258,1
-0.0258628479538564,0.444726818195233,0.12862159249126584,0.5509243808935403,-0.8897903262971976,0.2622473205497806,0
0.3139082114575536,-0.15368510436201774,2.3869517995739225,-2.377290491729981,-1.4686394303152919,0.9833191878356554,1
-0.8333688059494058,1.4540501814574582,-1.1001355537243058,-0.7847792471559913,0.6328683235572881,0.019022822066400043,0
-1.589567493308969,-0.4564711442247224,-0.10266209104063294,0.13820512935328008,-0.7834010538966204,0.08905612799633268,0
-2.0729834359912918,1.1322345721792477,1.7982877009230627,-0.19497988611978695,3.0595312289968235,0.03721093857303777,0
-1.1173841129896078,-0.6443671202130229,1.1913896402914144,0.47761072975677044,-1.086073582612479,0.4098820283984196,1
-0.458675284939333,-0.06025184640128695,-0.6962120515798997,0.7893665556697054,-1.25738247498137,0.12392622946791067,0
-0.2931915866487618,-1.0719625522902192,0.22396742837344774,0.6084517364296791,0.5101387156134412,0.6366710333712716,1
1.9372311624295169,0.4550237203475199,0.001999356415087233,-0.21427494255446522,1.5293134789672953,0.919709267984554,1
1.1059933699072981,1.4451259569265338,0.2819558673941572,-1.8463370111204804,0.06458965694322165,0.7412524031201068,1
-0.9620911163416273,-0.07735617982085408,-0.6986804359848298,-0.4554812488548173,0.5722424201872743,0.1198020112491173,1
0.34770845245095694,-0.19688569870390954,-0.08932040270073452,0.4163681481389552,-1.8435474174587096,0.5700550311392117,1
-0.4070782363503251,-1.1146169630679268,-1.5980523752767137,-1.0904472525504776,-0.6775115456917667,0.4535587693403624,1
-0.28436383804009513,-0.2292926535523081,0.13512345186808206,0.6312747301215763,-1.073615729137567,0.35113465714697045,0
0.18532564941538202,-1.5927942597215277,0.45002067342183205,0.9083932972673044,-1.895045849947881,0.8836168940878667,1
0.6191711169753933,-0.9128779867188273,-0.227419412643884,0.12686697629584257,0.11698023402388695,0.8450924461302485,1
-0.33925848388401536,0.22678604610913541,-1.6150508905847878,-3.063779866312396,-2.2428276216104335,0.3423333288752861,0
1.0638515327343585,1.3190131977413961,0.9885318628514624,-1.2780883627118034,-1.3221959660874487,0.8090697556715771,0
-1.141938226142404,2.809210861229503,0.3645250379928023,1.8861891585560817,-0.537193794013418,0.0015273138749936385,0
0.006339062362268442,-0.5865850850709007,-0.7260150977009768,-0.546537793028378,-0.8312858359510763,0.561490209346779,0
2.5976737265958323,1.43530015664544,-0.28060044683806395,-1.984143223128996,0.3964085022070677,0.9538378412125628,1
0.2230797426252751,0.2437524804016479,-1.5006694027818388,1.2352473883102724,0.30558019190248,0.09520279528383876,0
1.4332145066061728,-0.15124764674637586,-1.0254101277779044,0.013355591543672855,0.8937987459354568,0.7955780441606253,1
0.09152017817320818,0.4325944517261522,-0.5378113463571395,1.1049404889577255,0.7523837327126781,0.1464231318129406,0
0.5807770953297967,0.06191648367995918,1.2284208122801512,0.2769586752193653,1.1408127893613809,0.8303564294744138,1
-0.056783194392691534,0.11039572561221853,-0.6395033908874757,0.4585591362121688,-0.0019184000090541567,0.21669079473827088,1
-0.17040758116420443,-0.4083331628266692,0.6402136593287587,0.3630092477145166,0.3034669008166697,0.602661645967771,1
-0.7794823967254196,-1.3981096597988507,-0.5383162028615798,0.697488311921,0.5115137019191913,0.3699090879178141,1
0.4303013589575532,-1.5436252025220816,0.24794756085187486,2.2774304485560983,0.1416566973910257,0.794438362279859,1
-0.8515371891857679,0.653244883281227,-0.14139550214380217,0.9710063359591881,-0.3971943099170739,0.04222754059907186,0
0.6655852363134291,-0.2767000900857134,0.8730566000927434,-1.580339317845535,-0.3324425343397702,0.950668426225398,1
1.08528700444591,-0.5960888996561666,-0.5348113382185579,0.4466615152789034,-0.8175583983299655,0.8266469829795701,1
0.36653140723722993,0.008505626723153567,-1.572528250002441,1.1414807681032177,0.4216168299098296,0.1512576554443568,1
-0.28624873355569186,0.7949322529156275,-1.3819490313636327,1.202700806536146,-0.09401517408515554,0.02516572543900578,0
0.4539655793086961,0.1803639430263982,-0.5318774939427574,-0.42660498305909955,-0.6631737506367649,0.5172793776642264,0
-0.3086730555464126,-0.6560549366409674,-1.2490599706780527,1.1649444451881277,-0.6622448193245927,0.15920889277353148,0
0.9355471254651493,1.2262929556489497,0.4102120156795513,0.9277423995512052,-1.2103987277827886,0.3811287364401334,1
-1.8314060842151236,1.579185502981632,-0.4657681648580778,2.57251743696973,0.9788413412371997,0.0007874737799072327,0
-0.3356073681186462,0.4945566553228533,2.3746065500264315,-0.7500017362485115,0.07861766953178756,0.7698122716525756,0
-1.9908119951239978,0.9736635113440901,-1.737714595137132,-0.5074005764004252,-0.8628000195732701,0.0027033283695682433,0
-1.495060830227205,1.241959996813811,0.20363317870980122,-0.3061190484599539,0.8085477496020183,0.02104744436627083,0
1.3638622298139094,1.1300993164045137,-1.127953023505669,-0.4902221500387753,-0.560448809794373,0.4481931062187233,0
0.895184981971686,0.6140991771126236,-0.4934013403826786,-0.890020749763603,-1.4065006270122327,0.6280635348515844,1
-0.7194802332847904,0.5983470470748828,0.14141947334054417,-2.762675505673743,1.021222289219133,0.41480497322437637,0
-1.502503456040897,0.5196605733465026,-2.325371374874287,-0.4346994737231341,-0.5370969895661131,0.005990458643492151,0
-2.964528837841651,-1.0973376745470436,0.23682611678802748,0.36935805969990443,-0.4088990902087895,0.028604254230227985,0
-0.5434955079326346,0.7007231568595857,1.9029074622741677,-0.4932218455059107,0.04118002034917748,0.5070037685588517,0
2.4204150122474024,-1.355813971126554,-0.45343829836859284,1.9353811835291097,1.1425892227901149,0.979485570785689,1
0.4348842714636474,-0.7945994551250549,0.2598078568055095,0.013375812715862578,0.020037290866311695,0.8525315181704066,1
-0.5595722860494895,1.3035650678080875,1.0249216931253993,1.2910290551841355,-1.1991171261452302,0.06647522658562537,0
0.46508020950030626,0.8402201626941975,-0.16395350002699655,0.26142041272996835,0.5438770041121802,0.2988943811218247,1
-1.5609583529944429,1.4873982896858626,-0.5809601885314832,0.826407309893258,-0.48498972426172404,0.003505677318688606,0
-0.29732336269763543,-0.27167438368729224,-2.2757364037217522,0.27924155393356226,1.8879239715294662,0.07321994759752785,0
0.09947747301573849,-1.1522488412767675,0.6409907193949733,1.3687846319035628,-0.0011197219978901704,0.7707778040118873,1
-0.08610065182104851,-0.24043719707034283,-0.11316840972889723,0.05593935013240072,-2.235035497898666,0.4599341211734164,1
0.7908061216900806,0.1020312972405742,-1.0126838513881617,0.4961207080887857,0.357364972155674,0.4313270712651375,1
0.34464522623605237,0.07898871634000969,0.12659671027769356,0.3663329336500437,1.9445977922602284,0.5356604280278486,1
0.668326018107997,1.1336804787567016,-0.5836803568061814,-0.2882854581273188,1.5759202885453896,0.27751853545502886,0
-0.6883722822307594,-0.36127042500344553,-0.5284261311155256,0.4049823189246768,1.8309542887565653,0.17504048701508612,0
0.8978154084105481,0.35203447180292424,0.6062911561087082,2.234386246197682,-1.0197601853814635,0.49597262032412087,0
1.6289369476239914,-0.9886271494346061,-1.3383824113238445,-0.270396942095442,0.9121523959767788,0.9339621842455748,1
-0.9701495196514126,0.450317278043813,1.0473152860737585,0.4194648928532483,-0.7219945397367117,0.1615491040950461,0
-0.8876956557145598,0.003108550185636745,-1.3976861631184037,1.2577789508694428,0.2242893994169245,0.025657196918795866,0
1.3357843363202329,-0.7498133382845175,-0.6627014083552638,1.1402532809442802,-1.2729524287397325,0.836365309141628,1
-0.19134398669506028,-0.2358293621748528,1.9229461940665773,0.011716417719365251,-0.6444557648827163,0.8211340185888202,1
1.403821392066557,-0.18417574651522164,1.1273547616424222,-2.3833887029573617,-0.6762466973636153,0.9912524467190406,0
-0.4425357118921839,-0.2701551293370962,0.09760399249544019,0.5167028186484662,0.8985552801426162,0.3145282114722381,1
1.4550455762707113,1.7713412422676835,-0.9405302155012165,-2.2194742586230527,0.8007191216696554,0.5770162503703626,0
0.13148581680545218,-0.09844600230787963,-0.5292723066998932,1.469937230941231,0.2768197293308208,0.22794519614017164,1
0.2582288233226952,-0.24389611017733773,0.0732753145856964,0.16947387119326057,-1.3504214180553855,0.621164653591587,1
1.5647180216699044,-2.0974509576101417,0.03752323233959842,0.999674019871989,-0.31163943394972,0.9886171754883305,1
-0.36177047744417123,-0.8942073519794773,-0.09087092962596285,-0.9021111381810512,-0.746116482942726,0.6991218411486287,1
-0.9411220959249583,-0.26307342445635284,-0.03083251408418433,-1.5525074733000543,0.869675756694491,0.38697522448554533,0
-0.44856420802835434,-0.6858526761766428,-0.2143751097051141,0.2607543841411672,1.1781848528171845,0.4072164448438725,0
0.4523339506431387,1.381707593377797,-1.4419787356400129,-0.03360343995614198,1.056385586030883,0.07241947545161531,1
-1.5657590721805144,-0.16493777539621862,-0.5165107421608328,-0.4915408261571657,-0.7552194194170205,0.06533070815395058,0
0.6374709026511215,1.2884442493182524,0.9146240539868465,0.08466128073276377,-2.739533122289479,0.4793469581304857,0
-0.5387713176177432,0.061704634050368024,-1.3683342975511175,2.76743589203226,-1.7669618981300543,0.01739178459678905,0
1.1478126607335635,0.037227836421576635,-0.18955551153927852,0.8345255473690577,1.4216269780822084,0.7143873461195688,1
-2.3942603049004716,-0.08879644771250095,-0.819753928770844,1.049498605863319,-0.4012549393198239,0.005052238586203231,0
-0.7865657751041687,0.0037962516214591325,0.11135042939811132,0.8439368915533556,-0.7507246182651125,0.13358950390969931,0
-1.686468151234102,1.7187950030498593,-0.38863318106681816,1.4794621438521929,1.642660293436234,0.001708840860277315,0
-0.8262294663639526,-2.3196107267512183,1.477393664974669,-0.1900716729007449,1.2651599454883269,0.9496561784859324,1
0.24766590110894313,-2.001545744438679,0.5065831541902538,-2.0547613076752937,0.02444872191978665,0.9888715167741302,1
-0.1792266254497549,-0.5431708310561139,-1.3118031657772113,-0.1885861330060098,-0.2934030910639739,0.29982912365764636,0
-0.25337756894801494,0.014527881937568883,0.6712280116136986,0.8117357099965018,-0.13210121281312523,0.3758439064151825,1
-0.1591848713800608,0.6901044247640123,-0.774651856262063,-0.9698003951150737,0.22716279838746606,0.18737801672530255,0
0.20338824061994343,0.4730871980274752,-0.5769963713775336,-0.17636595048933035,1.600047281319608,0.28842015642837204,0
-1.0085360419431078,-0.3842459128805702,0.3138190201071218,-0.6917697430023131,0.4224674242372267,0.35054624006621565,0
0.7068496408990508,1.0190436932417624,-0.49174741973013475,1.5020292518431304,0.7260290330391413,0.14961961286898856,1
0.6626659703854839,1.030195403152731,0.8928558163229553,0.7494570154065637,1.1692701090701714,0.46876760522866556,1
0.385037937656101,0.18405783127156553,-0.7745100615133954,0.651540620643959,-1.169676001024419,0.286754770746939,0
0.5565334427512632,0.9626575724868413,-0.6189465525913632,0.6216013131209713,0.7548618924740429,0.18376957719191184,0
0.2964180008086595,0.2726452634321288,-0.6563708935481088,-0.037249252552126945,-0.29456875466161137,0.343315397818566,1
2.0350733027310675,-0.5614830267828836,-0.5656387483550389,0.1975562825275035,-2.516095195772766,0.9592398623821773,1
-0.0870941710525099,0.6978168390000047,1.099191555547813,-1.1851845805323176,-2.128169541985812,0.6115591048857775,1
-0.30708321833457675,0.11061312257867771,0.6287962936103031,-2.1864419787505676,-1.0181176115186856,0.7393613182170796,0
-0.7535275803573779,0.001339846754486929,1.709943954012071,0.15008113034502407,0.5312232285925814,0.5103772473811022,0
-1.0322626705778368,1.4729535721895743,2.2676442038992546,0.3239902562721444,0.11379956534029644,0.12786443367715042,0
-1.2444717876010754,-2.4508721285400865,-1.0307170319323398,1.2092645684253776,0.184366707175664,0.34113841671620626,0
-0.8887973132309185,-1.4176841701595697,0.07041912732728889,1.5713358160823676,1.950943482686692,0.3410742740267668,0
-0.07068038165207131,-1.18707042637437,-1.176200316643433,1.5699984849989468,-1.2690896148598123,0.31637605339450525,1
0.3342951284977145,-0.3632606475688056,-0.7776059277482671,-0.9980235932938778,-0.027433354183723595,0.6695343761381533,1
0.051142058552161786,-0.2546081697660301,-0.6300825102556694,-0.3522650349497693,0.3044355228138156,0.46433633500188176,0
-0.765535277429713,-1.5073256477730475,-1.0571548741382744,0.48033429588137955,-0.7362731165383355,0.33071055878822103,0
0.9001845640199633,-0.9851580323108263,-1.0518872728984137,2.5319046777421774,0.028326745082940964,0.5137863527406626,1
0.7394126723009475,-0.8608416785235702,-0.14428437852025486,1.480099203713916,-1.599949334084345,0.7472953352399694,0
-0.159648307422017,2.457424092075892,-1.216718418386407,1.1193971619983802,1.4099062172750279,0.004421814684074189,0
-0.652916144664712,1.8017419477471466,0.8421269591376328,-0.3877879555492906,-0.6816145525304338,0.06937412870003333,0
0.5484279208297995,-0.4117494176846493,-0.9177535374175142,-0.8831996311551246,2.031400164778503,0.7143693354031877,1
0.18797358748610446,-0.3635832903067989,2.809568970096392,0.7889078833832395,-0.03247432391745505,0.9326849329220436,1
-1.4481272594150476,-1.1492039971882941,-0.45138445096439517,-1.10066126423436,1.0280535653991831,0.316719775539775,0
-0.0679802559844049,-1.9081304132252668,0.07201764191705222,-0.23843635098030264,-0.05330286899115438,0.9152645280415339,1
0.26203581207438104,-0.11688018640852403,-1.2953411844660352,-0.11477794900192263,-0.03074383226052982,0.32613052395606645,0
-0.8996947864877538,-0.9978519832440257,1.7060917581276394,1.592912089122808,-0.5840293332220078,0.5590805241178058,1
0.189843392837443,-0.08485053166200977,1.1195006808029162,-0.35469730295967755,0.11912392936627762,0.8075897082017766,1
-1.4548224852577891,-1.6002058490434774,0.29691587073611253,-2.4392496385726155,0.31799869441404743,0.7830153513551247,1
1.3361861000121709,-0.7619744583102578,-1.3468025487795656,0.5044446476624683,-0.7842585089151799,0.8043450150883259,1
1.2479499850594318,0.14862709530283086,0.21066687772462028,-0.6990218531039264,-0.1250444158598842,0.9013680175396904,1
-0.25251733430296475,0.3662095977839374,-1.121431046017255,0.042631024437746814,-0.6100988660571137,0.10765061867682638,0
0.36345433783907316,0.41747195874201454,1.4623552634733608,-0.08670470084212364,2.2996640696148387,0.7697598966746485,1
-2.409921965799875,-1.3204889841570373,0.8091947318531727,-0.2737039958177683,-0.08973076991161853,0.1905035112009111,0
-1.1563476602653329,0.8546857301355617,0.09543903848773612,0.7903405817847039,1.5452321516965593,0.02793460277682421,0
-0.2937789201521298,-0.8002116966018503,-2.4363756632473224,-1.5328648783527072,-0.19562233080768832,0.2884774405743591,0
-1.0721330214268592,0.6328579146073064,-0.9834159786590306,-0.5170142249543602,0.25928764153490796,0.03512809990960949,0
0.7143964826306588,-0.010638676618193147,0.6877611315998724,0.6840379131173813,-1.3213640716452693,0.7623174159739482,1
1.997296530747994,-1.3763874990779479,1.2128836917231558,-0.6140847753443682,-0.44707259186786463,0.9980636733680174,1
-1.176614719429302,-0.31619770458118795,1.1091698114921316,-1.6088067092699718,0.21053467078924676,0.5724882213531493,1
-0.8374634040851927,0.3653637420637676,-1.5920130022414554,0.6685553432567358,1.5860038309598667,0.020859631673662563,0
0.23544836830993032,0.612965380474599,0.30155230681290407,1.123094630441539,0.22198277767627117,0.2645217853864084,0
1.6111161484996208,-0.14098789744441861,1.0155152164829295,-0.04499520764300634,1.3837203611929991,0.9707454999626894,1
-1.2223743125399031,1.5317788906010528,-1.6583355655822452,-1.9608455984695325,0.6407291102029202,0.011395158704944367,0
0.24903612230694197,1.007510770986559,-0.007904515373236347,0.7059697466988162,1.6274013394646858,0.1762444141390282,1
1.8212988508131087,-0.25665411639975283,0.27384239830845625,-1.659887881419688,-0.059042217305055426,0.9864819526818345,1
-1.6517591481792673,0.7501218121369445,-0.3007645848467349,0.3087992768481657,2.390222710651804,0.013735502257405085,0
-1.281069206845832,1.9337934851881868,-1.8521618554012016,-0.8874638247421598,-0.485396202914123,0.0027371158967828147,0
-0.42360660646083825,1.960484600783027,-0.3256981100737287,-1.1598392857669653,-0.766461834197669,0.04636990175174251,0
-0.520588412855411,-1.2279998808224974,-0.327305430255024,-0.4419100170796902,-1.2100528496890341,0.6304224392545901,1
0.8126012877536446,-0.9265331111571506,-0.1480724045477542,-0.18329755642725984,2.3310246715580702,0.9073221842153549,1
0.24165971982083806,1.484918786733851,-0.5634714254250696,-0.6442082503864482,0.8194475726178976,0.13419819984726972,0
-1.7749620596421283,-1.0582810508376372,-0.4430121532414673,0.5887032782151507,-0.33412073338030845,0.08195268710422761,0
