square_feet,house_age,distance_to_center,avg_income,total_rooms,district,price
1621.8868319017724,33.6386222981391,9.70358676987034,41505.5762662849,9.595735697454582,East,303275.03565985925
1084.0063575038018,28.95184981971686,6.353565318131693,40630.948876772316,6.30427483168668,East,202311.18434165075
1800.180478322583,12.805197667152097,7.927634670820707,69877.20093312259,10.931285816970531,West,378516.34051358234
1876.2258865564854,4.974965439591031,13.169551888668712,54954.34918424888,11.332911643927414,East,334141.5508884938
719.5859245384654,0.0,10.01496645599978,46823.99296183408,3.896078082947694,North,190912.9612795123
979.1281972550728,14.565044920673653,11.701049884341689,57480.79161604585,6.211572659899558,North,201573.71744613457
1551.136161266914,44.204150122474026,13.350396211010949,18392.11479005468,9.278558594996234,North,265487.40255168045
1373.5029630625672,,8.125792685511952,49352.99615538639,7.907738449810688,West,588539.0638440453
1493.2795369982846,14.404277139505105,13.78124081814903,79962.71266707144,9.31631245629587,North,329642.9513016713
1158.782428970568,24.650802095003062,11.894213017291973,51985.19759604009,7.140397245302254,West,204165.99036016577
1851.7591899451313,4.3904164700555715,3.8259345654426067,51018.697537540036,10.731192542086415,East,322947.4790986683
1811.1167741715794,17.026766373023644,17.21152395593122,58221.92569463294,11.399855497106794,East,272482.69672054617
1526.4122790244865,20.994774730157385,7.496276281215419,63434.078649715186,9.356112884656776,North,332166.12562092557
1950.8964827872132,19.138993481789516,1.7245232840740812,20037.999606652105,11.702320062035767,South,374379.4201832757
1687.0037369008182,27.908061216900805,4.774781452068488,24765.102773134597,10.599088063091445,East,275204.08170952473
1156.2830148467046,23.446452262360523,4.89477419660839,53154.3693662922,6.98548742422912,North,247698.494128884
1647.5003136329995,26.68326018107997,10.260866593287668,39276.85157153735,9.876576959266787,South,312087.43612722383
1116.4469596684005,13.116277177692407,8.630747472268814,69680.37893329872,6.500591723203807,South,293705.9035146077
1851.380120522909,28.97815408410548,8.315840161797036,45272.38415172164,11.282835854929578,West,281833.1857449209
1480.029635605499,36.28936947623991,13.098509827412395,20982.038964303232,9.023158703830187,North,215632.94687930337
1426.0550545818958,10.298504803485875,11.699376805963519,30979.791247340047,8.560734369458288,North,231197.56175766798
1227.6281822384235,11.123043442854403,11.580239353221431,,7.12877318727026,South,180243.2469648221
1989.016535469612,33.35784336320233,12.049142286643463,46488.116940756314,11.973078169067495,East,347320.1596464635
1438.1882071724792,18.086560133049396,13.080673340011192,47174.23809103425,8.608189607306233,South,261924.8414398431
1328.6688711347572,34.03821392066557,0.5,43633.059353271536,7.571970931188282,East,261377.06933498094
1359.1465798047082,15.574642881078162,8.177808738677694,66183.18558544607,7.713335773430994,South,337142.5463394517
1712.9236742213395,34.55045576270712,0.5,67977.79754775041,10.447088058970968,East,303455.9930012202
1646.1776257456313,21.31485816805452,10.180299633988977,47444.17364965833,9.096499259958282,East,272707.4203178234
1665.0930446383954,22.58228823322695,9.976835138878274,17979.594987847162,10.052181425918752,East,273700.85756844474
1672.3284012031531,35.64718021669904,15.2276613739484,,9.890545489892771,West,306186.9889374941
2356.6590403481846,16.382295225558288,15.938171963605605,58330.40342762863,14.53242822415308,West,383514.0520256305
1337.4339934461539,10.588779040750417,11.013875241261836,54640.873552354176,7.876563497930761,East,231662.7221496729
1295.1029083713852,15.514357919716456,7.498194613015501,64722.196239621735,7.96846271450388,West,285648.39056974865
1174.4909087008489,24.523339506431387,12.425805562728689,32527.5785530844,6.927871299833757,West,217433.1259470179
1746.3917690301982,4.342409278194857,7.360411813378432,80131.33079277708,10.512475060227032,South,302711.47312648507
1951.5889170883565,26.374709026511216,9.993036742783255,35608.58370287198,11.930584461806154,South,308821.99372118624
1454.42101693805,14.612286823822568,14.930681584803839,61238.343908012816,8.587759386730927,North,289762.0284617284
1163.9374092149887,31.478126607335636,7.211143270052882,24689.784583799727,7.2825909206394535,East,207378.92292514423
1170.2075137235042,0.0,14.028393196212505,36046.02969094924,6.723135719209081,East,196442.45723564402
1760.2371151298803,12.134342248958312,13.387006843461512,72745.52970088004,10.649800543546794,South,329666.60320295783
1797.301668481377,3.1353184876589815,5.226040914345893,46086.50265498725,11.060601927724617,East,330009.08180092304
1717.261707322078,11.737705336360474,14.869470641087005,62598.83907699197,10.50158149146957,West,328152.90409254946
1233.7961170845224,22.47665901108943,13.492831726857526,,7.977710165527758,South,202923.00744401637
1592.8645292266879,18.207733745502452,10.509629436863287,48425.62765999741,9.32815538016693,South,276533.31887711183
1546.6743236562913,17.466224310519852,6.188382709861739,70457.75487399034,8.866301166533173,West,307704.17498888425
1587.4754386916052,18.40815128619939,5.70396990712215,46450.117630221495,9.226552099601095,North,277716.0492632614
1848.571511179276,22.033882406199435,7.311687115484888,23288.92838654794,11.289561837040187,West,330976.1902801538
1589.4382195098729,9.914639580568922,12.712972316459801,37951.39862072442,9.68600619734005,South,263296.09100547846
1771.565425228758,27.06849640899051,5.221874162993011,58267.87593052541,10.660069549266773,East,321698.42320318095
1527.0316277955567,26.62665970385484,12.18756124309935,55932.63659543762,8.8253026520412,East,288634.20270220656
1615.6477594759936,23.85037937656101,3.7912223556080367,26494.126246468426,9.92394674485468,North,286101.94251090044
1752.5152903354162,25.56533442751263,8.979657077805754,39134.862208876984,10.147680308717336,East,297510.93645116914
917.1376720577334,22.964180008086593,10.548238772870043,41274.1797619663,5.850510907059471,North,161342.82907328455
1372.1315134570796,40.350733027310675,22.225650725294585,44517.95608828662,9.090020607684437,West,190475.53837098
1311.8509382828818,19.1290582894749,3.1134217223981633,,7.9810409736687555,South,258128.23394054966
1244.4488607026633,16.929167816654232,17.36007283245067,40574.43337820782,7.641625604913303,South,260183.71219828882
1389.9430995093264,12.464724196426221,10.7492120699364,39070.84272110709,8.19180066638729,West,253580.9701249356
2097.9765244937585,9.677373294221631,12.055859590079816,61572.99889642879,12.044795150636507,South,361384.260573031
1153.6675537227027,7.555282123989247,10.591739566941023,62136.819664853654,6.741189513427149,East,214584.66083862414
1887.3113418365924,11.112026867690815,12.223634090976166,47812.84312866776,10.99599947868993,West,338687.49059561605
826.8520913536781,19.29319618347929,9.231574478189911,44119.403061939025,4.527011175197564,East,152851.95940133676
1366.04598800569,23.342951284977143,17.27025090728729,52098.8646805867,8.712983910632834,South,259874.04977516911
1565.1012260420023,20.511420585521616,7.717644278876389,37751.37338816638,9.472466111659745,South,304867.5395929392
1734.4889325437111,12.344647225702872,15.661172860896238,32797.518767488385,10.520839869446462,South,327598.6152730623
1784.4906319171419,29.001845640199633,6.778164398934885,35896.681866114246,10.614237081943976,South,354453.1172172248
1817.33889407997,27.394126723009474,9.698740767993565,40477.80254042815,10.85217203974679,South,346423.42057712394
1360.509971100625,18.40351692577983,4.640187238548904,32547.893003115933,8.452425031275551,East,222991.27754523105
1315.059282934173,13.47083855335288,12.2751186017376,52430.89338594312,7.880654561996474,South,235559.0699225332
1843.1903525028615,25.484279208297995,17.22562978463267,60945.73510675563,11.218350296424589,North,295218.45058140764
1423.478270047354,21.879735874861044,9.61321910089573,26193.525488026375,8.48206833093062,West,238608.89241845065
989.7254706648313,5.518727405849525,9.015571506480452,50376.9306682405,5.835706956769374,North,395957.1804828344
1046.6851143986078,19.32019744015595,4.426915184660366,46700.96307100497,5.858036436711089,West,205000.9655195233
1132.2190855993554,22.62035812074381,8.85353673223846,55122.63028305204,6.199989794885994,East,199727.9946798814
1698.8642976215056,11.003052135122463,2.036028701392362,49805.918478446176,10.114717215409113,East,300061.91127753607
1556.970294428226,21.89843392837443,5.4356100664058635,28196.01080102554,9.358770774167327,East,261358.84513536023
1776.1941416271072,5.451775147422108,11.133930230545676,31064.160517142518,10.271325838750007,West,344793.1921815666
1329.0989414653864,33.361861000121706,16.59506598870698,50441.35363377459,7.964251189281928,South,239686.8482904149
1563.4158764306858,32.479499850594316,24.046054306147514,65431.71379618264,9.396621027481267,North,299947.75677131047
1750.2361575869347,17.474826656970354,7.067074574645496,16787.189434354957,9.854614543703795,West,307077.7125308417
1376.2613841119046,,17.176500783227198,55185.8986970237,7.983030906827578,West,233519.87634769926
1682.7100950229647,0.0,11.21876240200824,67844.33007931465,10.218439738258429,West,323994.4765554573
1235.2296235733395,8.436523397346672,9.24376176626812,47704.611856906806,7.527495360258761,East,240312.30667512925
1354.7784613739714,17.062210798478702,12.162972258630761,58253.03744039661,7.782568293323901,South,275248.9236995261
1347.3048424006683,9.278669785731408,10.309582418399796,39453.96378653297,8.13136346955393,East,295698.39073445764
1021.6641417643841,27.143964826306586,10.551978628061093,48209.50701084685,6.436707018194446,North,158402.23402847437
1694.7889923142327,39.97296530747994,7.958334185866654,25686.297225377726,10.401855841582666,South,310642.6082965499
1312.2390639189105,8.23385280570698,3.009451701005746,15000.0,7.8448486474092824,North,241923.63888161257
1504.997647491075,11.625365959148073,2.2818739873895924,64141.48701837913,8.889592990949163,South,274678.9063264877
1692.2986635623636,22.354483683099303,13.266224416406136,35225.07608413337,9.96498863607383,East,296308.7713494986
1678.6124704119777,36.11116148499621,8.616499549571433,43167.08232494854,10.212020757344764,South,651201.7397069976
1766.1540435891145,7.776256874600968,7.019555501719167,29203.3662009471,10.655455453477554,North,282835.26304128586
1460.6058061962306,22.49036122306942,10.042528133615768,28850.454453741862,8.952456039008043,South,265215.40621331916
1330.6806751823385,38.21298850813109,13.974661264578138,47392.434498580755,8.023646195030377,North,166644.74864078738
1468.1127156374405,3.482408518207329,10.90181971513199,39056.3420879653,9.054305478928876,South,253685.35065266048
825.066226416788,7.189307931541681,6.719725316795163,55669.56496992048,4.978775118388039,South,228604.5589090861
921.1550110307651,15.763933935391616,16.131464778244748,56788.07628469388,5.762336681024096,West,170032.80044197306
970.9201550582391,14.79411587144589,17.89592751490816,54812.74469486911,6.086767761459426,South,167697.1735057464
1101.1012689594072,28.126012877536446,12.472783276614265,53579.01186392666,6.365249624689,North,195244.82853207746
1659.9096906893747,22.41659719820838,14.86831755672045,73666.52307397829,9.417014930075023,West,285089.49148261215
1137.8083778559758,2.250379403578716,16.209799984069058,33986.09346432671,7.289898123940221,South,211673.85847517024
1348.7349783842442,25.15410402900811,15.65049658202257,49175.97700695624,8.169407489519143,West,253957.10951573568
2019.6913191144263,14.224611126443495,13.070495885563119,66990.34730779383,11.603802146037722,North,314884.85687542113
1357.4944115754297,32.74447216941239,12.991735235374414,68968.09714007055,7.930820620286965,East,213295.03178302516
1795.0062273868346,13.724124635630803,12.598302866732514,28673.545259831408,11.001599652031956,East,301263.8010996929
1126.5529279960492,13.633847168977642,4.513311627264782,45314.66837516195,6.675414518636428,South,265941.81716598186
1417.824976852948,25.411316108045312,13.503615784297928,70371.81643800891,8.353331435321952,West,291477.37782916083
1119.9911780357675,27.62926482336937,3.2209301443672302,57621.18657798598,7.140211626308495,West,211637.45483788758
1364.386769639775,24.480993639362037,6.027002724374725,52928.94547219659,7.872134473923507,East,272918.11199481663
1836.1232549829583,3.1440268261519186,16.517825339040435,46734.729598480146,10.7772935225713,West,303631.42357092124
809.0718307230605,25.38034439928251,14.201100813470987,44242.98611438382,4.917846926852844,South,210431.02419195304
1673.7694574183429,9.65691948325601,17.436991448429314,54323.28594635487,10.159753224126222,South,277283.26746697223
1595.0942409329111,22.352761115882636,8.641628081563539,,9.719468355899686,East,574769.1824061216
1262.3400177212823,5.762655646009398,4.238755793616162,49361.32068433334,7.847411519698378,North,229531.87422585106
921.5768582446182,24.463221475430636,8.797814014648285,51178.98059172556,5.589034735672164,West,236990.97519277944
1528.8518030855478,11.934010956926274,10.51015648620287,39828.927072597515,9.31992600019481,North,278457.73048249626
1288.202916374479,7.173653497394783,10.394943581700048,57981.94060822157,7.6514547204523495,West,230292.18456376117
1593.0704845418816,27.138201364823995,15.66840239378351,93713.6697262313,9.577232398222304,West,279714.079676409
1508.7408582093772,22.416445216767514,8.193647874982773,23345.20041010887,9.084705403272354,West,283192.80714367505
2140.711556528366,13.860231986071028,11.760172359014621,54860.1878628497,12.908798779915907,North,385244.40754418273
1404.2577490107903,34.51178849021064,5.05686425282697,38597.148670716415,8.65730843633957,West,250446.18759604273
1090.601002951254,15.593475784302576,12.251586390219066,58661.03866278875,6.710149722290973,West,217059.17339028898
1571.7102539825264,20.321076739709348,10.015542750928184,50698.36209991791,9.443526624765212,South,313776.5980698157
1587.998673588706,22.68913447678601,6.250933308577412,61427.82161063695,9.285254246049925,North,286555.4983203112
2043.6750300961746,13.803340658713864,8.820853189125735,67632.59864763169,12.282351557995861,West,339345.5534495601
1834.0444983658315,24.711362933999293,9.079121267423892,52886.31676652272,10.995861654726266,South,313298.14964008436
1642.7484236598038,14.665476528352755,8.64922435331452,66980.78432621267,9.914445015902784,South,326749.8243615573
2085.3211564878247,15.883616777837908,18.85670621133842,15000.0,13.17388453106907,East,350264.92804066883
1024.4947782708596,33.62642639803341,9.507769988460602,73856.78446874034,5.9898368360627865,North,230085.4884837024
1244.0993869001009,9.59413947487567,8.780519449113312,,7.591283027138213,East,258679.75921536676
1129.36962343779,0.0,0.5,66167.65033617773,7.09675636080003,North,253671.53770966647
1344.0760787376928,36.109369950118946,5.528963240102613,31701.863827377176,8.093857046655971,East,246237.26843360404
949.3255409774765,45.493279526070026,8.684632877718236,37538.451775919966,6.397306781616509,North,135735.39640311757
1754.0603787257617,15.947307345506681,6.570736619116786,52189.07441217161,10.410950484835128,East,309473.5008938557
1411.1109211604908,0.631619593798149,16.908537966888986,49744.431659938055,8.56389229365896,West,241613.2143617393
911.6774821989369,16.895160238040564,9.175311123018908,54246.02882014984,5.230423169725727,South,170789.3210357524
1093.7683675169833,17.13777050159331,16.442221246591263,66267.7274139495,6.457152784558912,West,218943.1852309702
1625.405538980078,18.10076158977743,10.30852317025184,23521.69527045726,9.827113406999466,South,295111.85553453333
1835.2506271577524,8.866119580781518,10.186139182107883,64607.286075759635,11.265394981638833,South,367317.3751954271
2298.6923566767146,25.795611424764772,9.556017761437495,50124.2286493689,13.88788259026736,South,413770.238935816
2665.5449864029315,25.24507375286086,10.018981258107296,46943.272083131786,16.37100437321801,East,439135.4692665989
1665.7637733103986,5.055943801806935,18.5939750152493,27933.271484226643,9.966093046684591,South,306513.91330866783
1104.1847519872545,26.99196731694888,0.5,,6.525457952971825,East,220739.92655166864
647.1814877074763,40.52684981945891,0.5,15000.0,4.694284458428674,West,141478.02818111432
1607.0845849375344,21.7196033243706,7.284145844719431,59725.91016858069,9.760778804457816,South,290828.0584088261
1174.8235618758695,16.62674837931494,10.072639409687845,27618.41246790512,6.833096907461653,North,210828.71113348356
1333.8570959281258,18.579967855924785,13.450522123820061,50801.86868926211,7.794863446894333,West,260424.92233362023
1255.1612803760768,26.152567669685613,12.365435990137376,48212.46744008119,7.248163707897058,West,209985.46395862382
1443.683645433446,2.693283944927817,8.07877043559715,67543.07220940826,8.943072679357712,South,303307.7173674056
1926.3920923150574,21.643907029773022,15.095218466208813,47320.17246479165,11.449039366022372,North,294523.27478268446
1562.819426978138,16.0953605053719,15.150977015763655,39587.92158281502,9.415125304565773,West,257875.96498940053
1436.5460651845247,38.47825012956045,10.920289156357828,42400.959560431955,8.600223788775667,South,225935.97726397676
1085.7384988696754,18.25827266195042,14.813287862434207,69093.24153131995,6.7338787156003335,East,234818.57487084638
830.1268221182572,36.678876111195194,11.363226317160644,58044.454537713405,4.7267377048443375,East,419354.09085844096
1305.4768363706676,8.962593022179927,7.192584866085582,44215.55027715258,7.510189332381101,North,254809.90279994474
1478.4869796726719,25.872591668027923,13.489084195000023,46453.3037005323,8.938211070190508,South,316628.35587533994
2207.171965431953,23.194002637912288,10.553065612893388,,13.423319578001689,East,349929.49088507576
1552.1098085891545,11.309527521352177,10.006699233772435,55827.113012773116,9.412418545464218,East,357463.06768789893
1893.095804409223,21.773961146369405,17.36476786094787,23602.764384568014,11.115738707726141,East,287928.81283059565
1300.2817605843393,32.125188368316,0.5,61276.94698753184,8.004936016133454,South,275360.4206806644
1026.0224934331902,,2.9115791492021517,,5.932976682470451,East,200690.7634460463
1113.9532951070512,3.080373508302369,4.06464786812815,85804.27699360883,6.5272581772063925,West,268709.6772214715
1209.9095741856986,19.82437173522554,8.183696762155972,33497.96669413541,6.976271387697591,South,256898.90175958624
2351.387892974066,10.975769052074874,8.726959151169849,48460.0686343905,14.498674862440005,East,397855.7748929784
1171.4453283102455,16.576590613361176,2.4633717611347627,76974.31551384594,7.218698432169678,North,285433.93716844183
1835.395681494538,19.18412230314879,5.074209838445868,67870.84460437122,11.19387210167089,West,349727.7891227921
1138.8291287651896,2.943477839844828,5.695791607382149,39556.81922630151,7.2071381989338725,South,253618.54809404403
1872.6292051496976,3.8434166067932196,22.28712046037946,53359.51142560172,12.079570005369803,West,297200.219916219
1653.9803864423452,24.82066835525525,19.00870973873573,50029.99034622631,9.411114487481024,West,285700.57584154885
1437.3448409367638,14.772813038303196,7.941252911576754,54229.338010912354,8.40255607135745,East,261664.95837194056
1483.6949895458265,0.0,8.182083548466005,39519.79346022755,8.717317412022602,North,255743.98483162356
1238.0849218282438,27.84844036608135,4.253980014058529,48660.193959488985,7.173263644254655,South,229844.26272928983
1678.4288805928322,22.723697552742397,0.5,26029.214370849295,9.74729830927588,East,362394.0657260727
1318.006607863688,12.86125175963516,9.41559906795738,52026.85177802123,7.818143727965518,West,248007.28627046503
1009.7576944931008,6.831697889417585,5.010740083779871,56750.31010132748,5.693565052371784,South,197927.3352260033
988.8249702721523,28.35807896314337,9.57574734168995,46588.70881034174,6.033462531894139,East,162324.6055987848
1569.0351670888479,,1.9989707547826132,25774.236641228184,9.429720498961672,East,274160.45090698724
2131.636502564174,43.826022826840735,6.190127708448712,64827.97794277193,12.934127614814141,North,363385.0664930542
1563.9966454293753,24.201885987249373,10.743135476514155,55467.875569892036,9.53629840806773,West,295355.5678996573
1452.544669556047,23.87703141262015,11.831047988919687,39109.77353448535,8.896170073364285,East,261588.22988712735
1614.330455841017,18.330720698914348,12.087359793710073,45790.99329742904,9.573960053998938,West,270084.2612123822
2022.40069668273,28.16775867200791,3.397555079214813,27489.95895827242,12.77074720088648,East,346286.77797304845
1587.7530005455426,,14.273428650677808,34618.84808333143,9.596847338217886,West,244023.34860939183
1335.6291076665052,32.51725008565195,5.998941516990748,41932.82980464291,7.4550292202115935,North,212808.0233744439
1942.5154840239557,14.786770813627152,13.164289573036532,68426.31218420227,11.35438018041387,North,309489.7585362132
1671.5025753846453,15.645925270560376,9.946806616909035,40407.449136687865,9.506864555599527,East,258809.03606081763
2114.302396798397,15.208968290880199,3.1180625046102604,59603.20488993138,12.691014769535773,South,425148.89954425074
1573.2937748887625,27.90801721178989,8.41901147709406,,9.403221082116575,East,285007.5505127046
1010.2123873117998,34.98374440296732,11.826818710318838,53719.213412778125,5.9207466145009615,South,221167.46610960076
952.736320301734,15.411595068506994,13.064826902372996,47879.067467842964,6.319695755530559,West,189373.87857023737
2160.3711728925,15.752262722069087,9.295060512777907,63095.84900139115,13.126921899578072,South,413831.86170298816
2189.4662883133187,23.14077223869799,17.658894453005264,41977.829926721635,13.354627238313812,East,301546.21639732615
1428.1923146869597,17.542384999870986,15.037553854932796,26412.076249963386,8.289831841739126,East,254903.05756939718
1346.7250715456048,29.5205365313989,8.716729418001236,29270.76452954551,7.780606961874326,West,240022.25068561762
2084.5777168968807,0.0,13.750609060684722,42021.83759085864,12.518507951110372,East,371874.0982123212
1057.1817271826048,,19.668967425940934,31264.10043982921,6.394992504991297,East,184985.59729697392
1142.1091924176694,12.175836660385542,19.802423003915134,56153.18023519327,6.295761684371679,North,170371.0747806862
1757.3307178756177,0.0,3.860000595887513,43013.47752712883,10.489892200398847,South,309935.3508683559
1342.1579508561642,10.36361555631196,5.367334444214247,85619.09825039646,8.057169329999036,East,257306.32626557074
1497.9512533119714,10.84843884154074,17.424593933669254,23934.28107294302,8.923162770140491,South,277254.8216245189
1434.622840590195,17.988953454811696,4.708594745811814,53054.497680647015,8.363719919837168,South,305164.60805276467
1635.0298195195735,31.129658916602637,3.387294333541605,33080.70464741497,9.648318362541099,South,265917.95251673163
2062.9927445254866,17.549393488092978,7.569029346504766,42598.97989425982,12.324898709081081,North,322043.3439557636
1536.2339627606982,9.691862797288461,12.101133547372928,52121.29210010816,9.244643783647204,North,251459.09098306118
1757.5755173107432,19.43045458786471,9.488016466944519,15119.429376885695,10.726890578629629,West,287743.0191742031
679.931159587591,30.491736214413493,6.747181897972039,53552.39175182041,4.403843819010807,North,101826.84627525765
1480.5126392279528,10.240411838850951,6.628937691377455,78543.61193411252,8.794771518309544,South,274347.2028439102
1162.7078918828515,10.894251160785513,6.438314677936456,43198.42552447111,6.839400492462502,East,203867.4838499731
1012.4747758305488,25.585489592742235,5.6024518567052874,53897.11785208264,6.206145357043584,West,209302.82581864443
1148.7390532284996,17.784638842691994,21.408164386380307,65373.82539688099,7.075687794294254,East,168438.87234196396
1366.3506237196752,26.474846907094744,11.487555355927775,47540.69749959505,8.067843612340386,South,251672.8663209233
1866.3610169424053,19.863532082047033,14.433795272023692,41285.59717202775,11.435284144744283,West,342302.35532123514
969.4429129041744,27.01663648089567,7.5546126594053815,15863.953944173714,6.110533079771838,North,129081.38596884794
1512.252597037767,9.649218859593592,9.070216614069755,59614.8607909246,9.461021521924204,South,295624.36767504946
1306.3322266665687,19.879153492117325,6.432230093148226,48302.47385406654,8.37148963201536,South,286952.20629079756
1368.9307622552155,17.89309985636843,0.5,34809.74222917757,7.953659731933461,East,246973.2958086811
1901.1031301218418,7.841090758958693,3.109953615760669,,11.410788243530805,South,354280.4227352102
1715.2461748015703,4.365220521313116,0.9469066000980266,41244.79464790728,10.29486035779502,South,371610.72928460443
2034.9592429770973,26.857490352746616,0.5,42073.60803326712,12.180333387302833,East,346139.6462067121
1438.19772830004,,4.0232051285094865,59094.36734163063,8.434407493917199,South,321650.4273466853
1221.622955331719,9.777197183526704,16.624778396908155,29924.263830142332,6.884069131020992,West,227858.3954523713
1410.4564732478002,19.038210630766677,9.777819161478227,65709.72929110637,8.490542673295502,North,246066.0124824075
1596.9987165084885,31.280188573493028,16.45281881160587,29034.707553223947,9.351485601186557,West,268129.6360358174
1570.6293433814844,0.0,12.054912884504377,40059.47887467104,9.449574104513195,East,289525.5530217004
1066.2447711066534,5.033613100966736,13.912794128575797,78844.19291099865,6.159255564130264,East,243028.4039086342
1536.1959126511497,10.771135581047325,5.495515023477124,66910.32142463633,8.887277972153596,East,280567.97065157304
1591.291332055562,34.611788667203285,12.619754770963354,51464.059887431606,9.618037500446441,East,262526.94094590127
2506.9896150135683,22.825869829192964,13.643571170371729,35892.04676748175,15.087214148123358,North,391908.73544156237
2250.737844512668,27.673172404612266,7.116763538831536,42060.9153995016,13.678211658472286,West,399872.7729162927
1158.702659776472,8.598390808737694,12.79770185308083,51099.12971878544,7.607975088584119,East,191251.36761160736
1385.0466553803296,8.804641247294738,12.830938792874164,,8.393466791645231,North,270757.25817195873
914.6231992651988,24.478137167227104,7.252236894349586,48636.93605561056,5.633263725710432,North,184083.18369936466
1263.7171944146055,20.582743309354466,4.386157838645025,,7.259034767827435,West,216164.69814096217
1626.2420014361362,25.487388188641265,4.079358340508639,46784.37335442329,9.371379776455905,South,338986.4302977143
1982.3414483552933,18.12329009071548,10.432527709607308,28370.318965399805,12.36889752416376,West,392025.0162641502
1208.3664649025566,22.78143726454627,11.635049343946575,,6.973154855435348,South,255931.73990838227
1238.3414239728813,21.58119084905109,6.037370847710427,63719.360809802696,7.116865322396696,East,273945.8188068336
641.084388104538,27.777673890849254,10.132926706630494,29474.98553673324,3.834776652262262,North,115546.44299817161
1434.9336317820369,28.070082819444707,12.852685180692427,47156.66732691082,8.582544066679004,South,456028.7473179964
1075.0342352561747,3.8012800560823017,13.090953573326505,37703.69106843734,6.179453459604061,South,174781.03835193792
1288.2242290535705,0.0,17.759400600612445,51670.25644097167,7.637853408707493,North,234927.0124739905
1149.2556887329647,30.01745397651507,16.384904160990217,44170.502283997725,7.26434684769282,North,167890.36275550158
1462.2949782989772,31.877250932619365,4.99354283621728,72160.90497462003,8.531971787144323,West,257071.40585544275
796.9086434573475,9.793769804866626,18.41793104769011,57598.747312853804,4.363350115434233,North,147096.12513653858
913.1819018436038,1.4016459345437156,7.345117477221426,30322.95251334183,5.76186949733156,South,221716.84202766587
2351.6988448113193,20.99034821007201,15.224364062272137,60068.42017420548,14.257882142449327,South,369229.09144714504
985.0309674903876,29.308382263505294,10.339933130255444,38380.22215606905,5.724030218747728,West,171596.24362326792
1061.2857686181442,37.97594522434315,7.939253107715162,41345.054429337,5.89306450687079,East,221352.89719049315
2234.7654113285257,25.16297572101451,0.9615157011253359,54707.285301606826,13.185205461039585,North,358632.83286548563
2662.0268676961628,16.28283303414305,9.14217744891826,42623.788704047976,15.955749875122196,East,461049.3328604214
1031.3733484698632,11.068693784151373,2.203083823471955,63392.837244844326,6.537941717784325,East,211023.0291799118
1352.7004172847878,20.114512916706545,14.836496179213862,38382.34907729907,7.80522791124783,West,249976.47843582355
1636.6222203762038,17.007352961147436,17.583963285696242,40715.80171112955,9.79437735780378,North,289510.6126517566
2191.479057762237,,6.015445053516549,40154.43659677837,13.351417744541893,East,397420.7742761477
1105.2571686287051,40.48755650863286,11.509853712596357,41515.418774674414,5.917162809735655,East,203865.52210489087
1401.8888616231561,37.85168402072131,6.373042389960123,66487.8733332172,8.721469020120606,East,221709.99557838586
1810.9350304246977,31.360486835554283,6.8575763493160515,59431.94440415455,10.510875010886256,South,360394.1772672389
1673.9064297866475,10.791496021908724,13.872473519326856,75649.15931018107,10.143037226756967,North,276215.07240103645
1349.5375715079604,28.55019324297279,9.807308690782937,84014.66305848882,8.171230373930985,East,258471.7394187828
1446.4708141935835,26.396264094979017,18.698240209655058,34539.2445210149,9.004200802600653,East,232182.9073691823
950.0416766520073,24.42545624204053,7.588837606485395,51056.28690990934,5.865527374180106,North,190444.41871789208
1404.7305024101338,32.49665267043777,14.996681662372445,32356.995250348507,7.715195866941809,East,229321.304427104
1393.4450039964179,26.353711428612776,10.48706706478891,38335.911083775994,8.12523624983171,North,210032.35340576456
1592.8679558505023,27.400142363043354,13.978890048721166,40548.76234616496,9.598669273909,West,235579.9952553879
1277.8691124723937,26.3690628337221,7.764211713350266,34142.67688792589,7.608720708998426,South,263936.74862018804
1688.6154090180555,23.407914080021058,9.752205812242087,34221.69090652379,10.274975673035366,East,286818.2783554421
1905.0863271279313,2.1638887028581664,9.422505603505327,47835.73432219618,11.6673279294685,North,362839.1150849361
1562.1717310673864,20.836210774105574,5.819714425771064,31749.223724203894,9.555565907333222,East,270773.65069668664
1640.7025633596813,14.438080411508748,13.310407672908763,62631.9043870645,9.779932897391749,South,274120.94800553593
1521.262139031147,7.201590423599795,13.251245027891821,36233.69693873729,8.573671730850737,South,308195.6489544799
1500.0337572365656,36.81816619300824,12.967773474527833,92143.53455144589,8.86355816876295,North,251427.48571621793
1211.376786582861,37.28995340885703,17.684828269588223,43229.23323553407,7.393171163938853,West,206669.60177445965
1626.5977046693233,33.59220600295612,17.246724006181516,51080.26462875578,9.432452052250797,East,241976.0894880605
1461.0853606346043,22.552134168558744,8.125276550754323,30569.882233009474,8.955894582844099,South,311263.027531182
2337.2673235722377,33.50625120952657,11.865261592170892,75591.3763719146,14.296121930613618,North,360936.14196525
2129.341960990097,20.120531806018256,6.8819965537089365,66792.51021204374,12.814111858829335,East,364501.3868496496
1654.3386210226004,22.027972768977794,10.116776580572777,54453.73806104169,9.006897766241885,West,300207.948375016
1194.777116122093,9.06528629538017,7.001252754405677,29797.961768306515,6.7852361879190175,West,205556.25558017776
1055.035411206633,23.9699130449884,18.100351545680255,53160.003165869304,6.896069214806622,South,207721.66795126826
1976.4571812355462,20.60385928424417,11.818490751714814,33178.534309741175,11.694781749504763,North,742734.2380427822
1605.0996900588555,6.973478831655356,8.90985435947789,71935.32895210042,9.035355173414434,North,286072.5721832557
1692.0573613566444,19.48802888183403,15.968092859281885,,10.522918384632948,North,292229.5263441576
802.165605210323,19.202704361431916,0.5,51431.585577316044,4.8170003087250395,East,110942.58543009704
1870.9753926232722,37.9756116664464,0.5,15000.0,11.55733450242695,West,315792.58954821265
1681.7681352857453,,13.979193276098869,35248.76032011454,10.17369641428028,East,260951.4501244589
1055.8277262342087,20.11445439091466,10.30234224058684,60316.416973998086,6.472534098268904,South,201373.6793679653
1311.3900770200205,22.48787309801083,11.252231501303804,68193.25537584734,7.977243236434479,West,277346.6395006238
1605.486881742608,20.442123781041982,3.368019483407256,66637.54717238198,9.842167784031949,West,302895.9758153384
1520.9867193424975,17.970860152044523,9.88383144574817,26119.80496637817,9.809149450621815,East,252626.62219409202
1383.131525678578,9.175728026117131,20.017547052006712,54523.28460219356,8.590091054859226,East,227925.87275824958
1458.6046927736156,18.489481223930706,14.120998098979314,65232.72824724394,8.277526361288032,North,205453.09006843422
1399.2090487172459,12.539017433474866,10.84853272571406,25124.966516266322,8.529252746887146,East,212415.900165588
1561.0250048409873,7.496844610768536,7.804730449475311,49881.432269401455,9.70859425947689,East,311514.86742628884
2088.5967891972628,25.112218145475346,8.02713574065303,54107.63597462684,12.89239097714442,South,321450.52419721725
473.336623627481,23.912646599332348,0.5,45488.531227298976,2.712038246847156,West,114456.75813791312
1405.2598941961262,2.13292488631922,11.288202104605803,22217.572168981977,8.781042698733197,West,247622.02468839884
1570.6049685489788,18.773153625048728,14.22741554240927,45114.52834889407,9.701952531159234,West,318265.20215422544
1618.3975958748397,29.957013858999236,2.121903364146924,45090.41854617464,10.482140806339958,South,326310.52497622924
1351.234167471484,,6.69291553846592,47778.91393178369,7.88240448395435,West,234785.69792218454
797.311287008567,30.258368428852386,4.2126768388328895,41547.928618623955,4.631647549131274,South,210351.4513677381
1631.198193485644,20.389132069014597,5.1732440259561825,43354.81770137799,9.695353446375877,South,291186.44865388353
2190.940085665674,,10.267408134109502,49404.40576479533,12.998573868982412,North,393796.2571811331
886.455438033545,9.163011726419395,0.5,56636.81907454567,5.0517264032721885,West,178984.3847130937
1845.5312054792753,23.446049047503575,13.07135219178532,45433.59855714999,10.244384581173529,North,326478.38227362174
1368.5899107508424,23.79280034365163,13.769275349668412,43855.26607447997,8.081129622388115,West,230489.98753883358
1475.470261668461,32.87331111605066,8.744487059815437,51385.310573816874,8.963628987920737,West,237512.96550117445
1078.8405957184204,30.999796503420836,0.5,21186.261111572276,6.32507702065875,West,201190.79238390469
1366.2175310576492,18.67771343468828,5.017906869988052,57155.526908396874,8.777919541404628,West,275466.01311812445
2020.0178378795836,7.557941211391306,16.164509670513482,49991.55354315562,12.12411977109226,East,327254.3693802326
1733.0620967950829,16.80893402989102,0.5,50595.402898963424,10.785681297325738,West,344658.7063947144
2192.9246421639778,22.172311948105246,8.262382939032404,64411.01461391696,13.235973976802859,East,362306.74110340443
1970.9647555910774,17.97916754610596,4.099996107663705,20707.767049276277,12.073710726514442,West,358924.5804593715
1675.6346715718305,14.221058919223442,14.022851507924184,20392.491952115546,10.137580495611052,North,278174.44811152027
2197.573810467117,22.528848149698987,6.6244302392826935,54107.05767985279,13.596078252373768,South,393894.58504397096
1675.5972634953196,14.960422585893895,12.019770103678058,49893.24717307226,10.070365386011638,East,279243.77702561417
1831.1952707188236,13.71933916274626,12.827302095845464,52552.65414787898,11.136007836739578,North,313114.06205400673
1381.3716185861167,23.114528343034394,19.181129198650098,43068.093872413316,8.398129591611713,West,245642.2522282389
1526.618326343682,15.980074198707952,8.985290281623149,59965.305113598966,9.073224320623895,East,329765.7404044294
1221.0304706798893,22.441043889783522,11.880221848113056,63989.5826448668,7.447677519756739,East,246921.59366131836
1895.8335738379412,22.732040228521228,2.5747226043628206,57259.7344092729,12.045317316886953,East,364069.57463418104
1028.6785507540537,8.605709989084254,15.95206781646872,46087.57312393125,6.09095222189569,East,265769.6704223759
1812.9401369670645,15.187588761345879,6.1974557596431765,18384.659185783956,11.003480289658363,East,319487.3295287847
1423.7395769979362,34.37776939916462,7.196229179561272,61538.54312055692,8.91977114724845,West,274551.62201430724
1968.4988373869278,8.379204872657128,9.888761025753947,68325.9299932639,12.15306900860485,West,380557.28151307884
1800.3475954925038,0.0,2.1855782733007523,59668.376179759696,10.805600498270833,East,320291.0214274476
2228.2584630587207,1.3815484675748841,11.14385014464469,36805.3635894874,12.654534167465117,East,368150.97127973364
1792.309876455458,20.291099465766692,14.837331364625054,60106.915905016365,10.908870104327287,East,290338.16545165505
871.1838977387038,20.30917278032699,11.464669117486459,62907.945619421684,4.561261108845307,West,199145.23044177092
1473.2187308407197,18.823891445748792,2.0555121791063744,73382.24371698628,9.280293554326686,West,294149.4299142593
1031.1971229620735,32.14189828928502,9.380953528351702,36858.35113658063,6.238024899130419,West,192088.9039613275
1292.6880630534902,0.0,13.710144514897454,46603.18123183792,8.056030584282539,East,266970.87654785917
2104.4913733106887,23.959338744308237,0.610056170170461,61209.08076715183,12.356314898409817,East,397469.43151199515
1755.0135243590785,35.614382018035734,4.626169930911431,50861.15107157236,10.064328904164455,South,316895.73363736534
1220.4278285685014,8.72219235108286,14.3827180204076,33240.08596923087,7.400793286653359,East,197191.1499262536
1094.5130534238406,16.20193488210105,11.350477170986434,56219.244275400546,6.5569972885562,East,235005.94619495235
1513.1128371505042,12.471080827713791,12.05985791063377,58679.9245072275,8.931214775055876,East,291557.58686549746
1013.3759402475489,11.056539539224712,19.297474038116558,51319.44344496503,6.105654025705123,South,160069.51259461738
1231.5438890413675,16.7373799497696,12.342763892531012,53293.773907699164,8.219494101857883,North,210474.19009246994
1624.8037886204975,34.27485283684504,13.289440052165897,46119.41147471405,9.999180395933703,North,261919.39820704286
1962.1248144426786,38.3738667548752,23.55372763609163,72174.1840357409,12.087598468415067,South,342070.0084362146
1743.504588889776,16.640607749598523,8.930977209547546,36489.61724430985,10.714208600804664,East,321348.5937103418
583.48419656076,39.0506021406447,6.010586181907525,41190.18855854332,3.944743822520218,South,141953.7197164417
1621.7466916121039,20.35576476984625,12.138981991235664,50164.78270291288,9.673458647802399,East,292413.0075788951
1528.8134292930313,37.53691026701081,12.194955146944475,63184.31041551339,8.5564521834556,North,253098.1511536676
1665.5561141490773,,7.366423040268959,27539.40244858195,9.93676084499266,West,276770.3692588286
2146.483872660483,21.310578260461444,4.838014902225762,30345.54875351841,13.122423948961849,West,363889.2530869796
674.7046892781029,23.654744726428344,21.54922211045039,19434.072383979234,3.7572880171340954,South,119375.27924766431
1263.5586299235579,51.78853679367535,11.634217351940114,50490.428378799064,7.528441994394549,East,199212.76328864798
1736.3625291173419,28.51285574844789,6.338573092989622,33225.41274190184,10.210644251803357,South,264440.3323427278
867.362240218423,12.927354700485363,14.579651511397993,44231.74834973125,5.654782216863477,West,162781.94005120904
2090.3796192214036,29.68997870275858,9.454274242193328,59920.67284837562,12.76711481995039,North,347261.88918803365
1647.3426450802633,16.381674629156585,8.735592768410843,40376.8591882573,10.079518056674768,South,299679.0513183787
1838.6335943373615,15.102498170987909,12.811364359572465,53469.23034115047,11.21828195996046,East,308654.33217745455
1271.622535391282,29.086013598921113,3.54058865884155,45509.93138372417,7.6185604365820545,South,265348.1420738491
1825.5054759864843,20.31085587771153,11.763136019585861,60081.71472644655,11.012299740677157,North,282117.7923436391
1927.3886223956154,22.78575914511806,19.56477403865876,57126.92101022013,11.208776360213996,North,264612.5431222601
1593.1512080548673,20.139852218652926,12.330888310986554,39620.99455738085,8.902974654704034,East,259305.27531910816
1593.7603570794784,23.365831266054347,8.118939481082677,47470.22369899321,9.607586481580379,West,306971.4815739543
1608.1372957126903,24.24965897436149,7.46447359785879,,9.746020851157786,North,326908.8214517665
1154.6618941042473,0.6303306729458455,7.948300133274453,55900.65305381145,7.290750735153098,West,264301.95181500574
1440.9885279038588,26.665726686095336,8.730186609761095,29045.569133733028,9.117331912247863,East,205171.5151873257
1438.9909870190565,10.179805801696993,8.11096733620864,59834.27091757074,9.104945467614023,East,265590.8232134497
1653.357545741398,5.577008644405888,14.581557205372834,33730.84066345643,9.620738196460225,South,307660.19039370585
1899.9296987641178,19.415887561413175,1.3339544839550843,71187.6960494151,11.293898682099776,East,356822.46174537437
1076.5855672086363,20.83981003314454,14.31000025206067,65361.48259761537,6.603613692016232,North,207359.34167303806
1449.996387872169,13.064938354277192,8.101567374287194,54348.28213877601,9.459549730555667,South,265092.2901566982
2092.582219063589,28.310318576679744,11.88473892847686,52358.4926515429,12.99952307549571,East,345272.42365578085
1202.5647084749744,6.57824833629093,4.365060448995681,46864.5161595887,7.5512073994493605,East,250332.31552841965
1171.0999930838718,15.93056251227441,16.64315533424718,60177.85927100042,6.910263571838445,North,225364.9417523586
1580.9224767324774,14.151258650669993,16.228174800859364,44438.32745806908,9.220574971048327,East,245437.22455133166
1837.7540761941282,19.534127296606606,14.797952628750368,,11.26319682217974,North,293577.75668306
1504.5704222242637,22.78864284647239,2.426226121032303,63079.01549779177,8.697224154075274,North,211546.26256145939
2031.5842361747957,9.921070503764554,14.145605355330265,41572.901847116154,12.117974511754683,North,318759.4700466609
1842.7175930266108,27.242826774562282,12.024275438178545,40757.10890013958,11.021872173459087,West,297833.00878377847
1836.7280267560247,20.630023683346998,1.9736437643371616,32084.517789133115,11.498241787272992,North,290610.54372843227
1721.6466005296372,1.0805374668808945,9.878513081145922,,10.22347041228992,North,303782.292103519
2431.061240138434,0.41408559602968964,11.822672445166312,22574.070328377464,13.85459254925882,East,400570.97201666574
1417.9353244535823,19.87680707070689,12.780376369115753,60947.43183523294,8.658945341020235,North,190221.4692514165
698.5910831733944,17.79032682213646,10.886306834744278,77133.71813124156,3.9818399431091884,South,182738.34564697614
2141.7017446068567,18.965798864253664,11.4561570842369,71379.93415205459,12.862999774972465,North,340652.17223745334
1316.9202276172698,19.720175434697822,17.368056961265477,25608.732670602254,7.875509955450982,West,566151.0435336204
1543.1521777372132,22.255598395101806,16.1301695495534,60872.820073343,9.176801867677948,West,239798.1376888486
2023.8202739442108,29.476496098482997,0.5,71331.59524885335,12.380023818200677,East,365407.8053005454
859.0961835764299,8.888950990824418,8.41280722581159,43147.85028892004,4.694717637952767,East,169422.49421447914
999.3411143575443,8.280284070992053,9.176744862280243,51521.71145975074,5.840942418658957,East,208261.8530259111
859.4888251524585,9.066761421126175,1.2395071363651446,19881.604237929943,5.362144324849965,South,202249.13442348616
1182.3454839898304,22.889166671687068,10.47091529116156,54001.04251964962,6.909847471335673,East,208720.07556309024
1675.8546424067974,32.44947378646445,16.243788862052533,34046.604058479235,9.572485841659795,South,241547.53378587653
1709.6751371251084,15.686605617604895,4.567160702047048,52994.52526867272,10.458617425727672,East,274334.7282183989
1610.5096717314216,0.0,11.682004693449361,26581.956167166794,9.999986419520992,East,266906.2459790925
934.8936464430534,2.9600713738962448,5.420882613517811,,5.595863316365418,West,215888.6642256477
575.9586253469424,11.669632772039884,6.6404398816016155,,2.867498072540795,West,141254.85420692846
1521.741434156153,14.422711125047853,17.386968170850174,38252.302074272484,9.342239528946562,South,286705.55918330717
1311.2895865446658,15.916113727452736,7.2872108994408755,32946.16127884349,7.369771154842089,South,248878.68285998557
1683.7543086866447,20.38581122980917,12.311062445053123,,10.195165635174318,South,266336.88149043045
1780.781450488508,16.882536691775528,0.6439094196950652,46003.796988872346,10.418449555508401,East,318372.8605502041
1555.2965728234728,30.493396105434073,19.3115878069744,41276.090985775925,8.983827651210747,South,266561.1348260266
1804.0532341503415,13.239826943186312,13.013262231532494,26734.70881477918,10.691746399778141,East,305479.0714829414
1591.6845496460273,11.376820405244569,9.087500786748691,56795.281344682575,9.495118030947985,South,356833.3435213806
1712.0258822405867,24.788755385204617,12.877732549999473,43250.44427203026,10.078892818327585,West,276119.90156385495
1218.130694852047,4.643579300738807,2.9509028552609484,33863.960620321515,7.485395152576828,West,248197.94884709484
1428.1554344674166,23.89691705320002,15.912653708763287,41681.41391539329,8.43511179326685,East,244774.27973820825
1578.710438662783,21.02553183726267,8.380076122517849,66069.56808394424,9.766319893478244,East,285675.1981465234
1828.2113901669675,18.525575100818326,8.979652424757827,59044.05415632833,11.05362029069485,East,308458.51702332264
1342.5035311101713,35.882761071492624,7.541721925172578,48049.609077522655,7.845754024682136,South,212879.2520891417
1708.4669022928451,13.77792554705282,7.096742986272076,59286.575276972784,9.991019448607386,South,317926.6325959014
1393.6644832338484,40.60298170524078,13.473353058142044,32586.320654198917,7.867738009688859,South,209071.18101375498
1452.9831330687477,17.745685507719006,11.279534250521115,50485.55151090546,8.805118751772532,East,213269.46178045296
1831.8076168096293,7.229835550297718,13.2587407070152,52209.83495729706,10.884469436682368,North,293682.7391040597
702.7758515783377,20.699195809948254,9.956026552572142,42952.452372519096,3.504996451050972,East,114243.90115074595
981.4110687700957,9.237547996812319,12.565999055385905,56531.875039361264,5.727751950789754,West,217550.224959297
907.1258410228717,12.482441521864997,7.905756280374808,38293.498180333234,5.172444837360745,West,204445.4554007131
566.5535520606782,23.970333000154913,21.148659207047743,57647.31061664177,3.872024590015267,East,79736.12106368135
1228.6942239379293,25.555820886501248,2.160347917847507,58277.88157296938,6.861331760059583,North,227172.00606820005
1799.7735598910963,13.778322997457419,16.304686617814923,15000.0,10.366236119426361,East,547330.4904610114
1386.0463734469702,29.87405145046401,16.839537253604853,67854.58555265177,8.649269133613531,West,231897.43437122318
1579.116032776741,31.57507758021134,5.739205970172031,15000.0,9.881725143899635,North,262603.47842955665
1935.6869986843171,34.36301756563291,21.146368052779867,40759.26461665812,11.390627110488209,East,311572.9791932631
2031.0744529070766,25.294134071257222,14.977451414726591,65380.22051386633,11.996820970599787,South,339334.8910642529
1472.344826109544,33.63428712085699,14.855695034114557,45240.69912121339,9.018939575623259,West,273149.62522531167
2041.434355827759,1.1920157202594233,10.140110935129384,28007.21026295687,11.550476195882961,South,331092.6260213392
1536.8506633736438,,8.913869208906618,33593.94407424994,8.662745874890195,North,229849.39053579114
1165.0407104690153,11.329947436765737,8.95295586480196,65403.58619480929,6.906024242558878,North,243229.57662968733
1262.239859120506,21.19225861127392,11.952652981597586,21177.432041770426,8.038406324561775,North,245843.61275082803
907.7853949739934,14.285507808032627,17.00593137516948,66934.86651443026,5.315993343393939,South,206530.77321114147
1144.746458506539,18.338421580502676,10.906571089307098,49173.46851436566,6.898759788559781,North,203806.26392679705
1356.7933247702283,38.821748802040496,5.442781884313549,32114.070043363496,8.480896730390574,East,172753.4772639013
1821.4340077514407,18.302802035796216,14.122135311924898,41253.273915459635,11.560669466492088,East,250394.04946687218
2188.3079324663936,24.137923171902138,14.605753731973962,34741.63488347538,12.956793052853868,North,345330.3997326238
947.1273938491839,17.677306700757647,13.27329764223893,62993.37801287793,5.677713345975076,East,173925.7906994532
1657.1309873039677,20.75713287956834,13.727494532624913,60986.417146442574,10.489402490226658,East,257356.28174610907
1083.7824243369862,20.060166804360716,8.64535934921096,24212.5829918593,6.046034763464489,East,192973.11752531835
1689.8788353852808,24.483240659731596,5.355054164347102,,10.447547333477832,West,308036.4677501129
1447.5653397249093,31.65307535547177,5.659032846796101,37052.215064835844,8.379897378641077,East,272630.7792266915
767.6376696609879,36.47393997603329,1.8226837577107098,69402.64952689056,4.636567728096874,North,165437.5127916629
1871.3187966273938,23.096200819091667,11.184743057729749,29748.513228103686,11.155127065544281,South,355435.4885457877
1257.9997148765076,25.895468860356022,9.582756083867032,74063.43657027521,7.260594809048677,South,256049.6389993152
1286.4399046505782,8.49135490814433,7.800061477351456,49500.57890724594,7.423708849605987,West,252439.6933998079
1072.099035484124,,0.5,32570.983904298686,6.515518522180871,West,247411.16587027247
1238.286689324978,29.40289464883589,3.7634126515291557,39840.88723986084,7.728381934398673,North,195153.2839955142
1671.156176277967,28.659686384171533,15.604203257015834,,9.98801619671125,West,345886.31584621686
1424.3022636254377,22.116097327950502,6.676869999684345,30880.72396976741,8.566847529372593,North,252420.52062113865
1631.4648009129924,28.863939595679525,11.802958388284207,51422.40289595564,9.96014102536527,East,283254.58445275645
1644.7687415715375,24.907667089938187,3.0465728501237184,31581.26673962235,9.577126817525338,South,319614.06458265876
2028.2646622112668,32.003062582593216,17.193527411796154,17294.50686892717,12.39149572579148,East,349825.8597597778
1362.8855396542483,22.89359156957111,9.279861699726618,44304.85293727741,8.423116167043414,South,279523.346053481
909.2568732617073,16.44301684428965,11.450201982417676,22957.15705373176,6.236629129195367,North,116685.89260075675
1926.8889666287932,23.358412569330238,21.628898959408424,38717.586978987194,11.448502542604885,East,331534.37012871914
1367.4047311610982,0.0,17.582200502947018,36363.45667094966,8.06700384646615,North,224605.6225176201
1945.8369778309507,23.828857363850496,8.46717189356471,36931.75891961279,11.905711628457828,East,327022.8732772222
1653.3508452729882,0.0,7.033899075648204,80014.4465238523,10.16583632231157,South,311960.70259719633
1447.544987918662,,8.372274942402342,50846.173507543564,8.524743781498957,North,281753.0427691071
1639.5103576185181,24.517686009409843,12.549491242382679,53680.56513492998,9.716113342632093,East,261769.3476662607
2280.40502405052,24.775293372667953,9.473879328745644,23354.02555486558,13.84476939576853,East,367474.013979222
2330.7922116215013,8.375712198600695,8.023779274982642,40190.55299544617,13.73647799750861,South,409863.5047980829
1527.7524540531115,12.878979581210611,17.33590625354521,53229.539449122676,9.043354527914165,East,308927.9617038655
1564.07623732683,33.70540988614132,9.428950541110815,34632.0663063049,9.411335254171512,South,325661.747264682
1930.4960629865543,15.159698684273238,21.497945465186596,63620.94265276978,11.881757983366004,South,337424.0601519448
1161.735586893061,42.429203124029854,10.453712818760865,31959.551211484548,6.789033936504505,North,181988.7682871772
1633.228149047302,19.98080146823654,18.926591971123635,45704.50796202237,9.24665355567461,East,254662.5770625321
1489.6548608184573,24.08036176881267,11.786597113553134,41209.22540036662,8.362949924655283,North,273865.5154683652
1625.5632845830214,36.16874398498608,14.81480286624724,52464.80989072874,9.375555787486288,South,273279.2999539998
1166.6524776202377,21.310271161934196,6.376944742411378,40392.64892216861,6.6059645502614455,East,204858.65782360735
864.1730026764125,9.976560193091988,5.731203887062941,45936.59559393594,5.138654788472502,West,217615.41386145446
670.8066256034833,18.9027254830571,12.298529775074938,46458.048623330214,3.6681757075416184,East,120673.3008326758
1053.0463548041569,19.64389263809909,14.942766212326575,38984.18363913048,6.10745164087858,West,190904.52264384308
1316.5298860242667,6.352583477984346,10.201282510002315,57276.40802745669,7.666953550650986,North,206100.28557720143
1382.7233653404953,17.441679286591768,3.5680333245815143,53575.82562256138,8.164187833788574,West,290711.7661619977
2274.8924649718065,12.578079060025633,3.198708168553365,48670.79082120249,14.046106089287777,North,442631.0590507917
1942.3973479629192,29.24357757187434,2.8643179890687946,43543.12499807063,11.85296836460667,West,362038.3009778309
1115.1635534633492,20.346118741852557,1.1618894353030953,61948.16045779995,6.695820145362897,East,266192.91857299674
1639.0833809803828,17.1720425085243,10.547426797235438,46462.48634278728,9.696192401708046,East,263108.7093127275
1337.16870545987,18.93818069377424,15.625219608540126,45399.54068261094,7.893042435772313,South,252782.19943889132
1386.254464783962,22.231220184061662,9.932921065375956,51570.35044832189,8.415850729689357,North,217493.5285545193
1574.130259766153,26.1681419968978,0.5,75448.80024456276,9.620032280602604,West,306215.28685015254
1747.6684467901573,10.002877713306187,9.046197698327257,29894.65687968194,10.213725428910765,South,340308.18482487777
1364.296606446394,9.584123673787282,9.186005016836965,,8.196723865362634,East,261924.62401975296
1925.5406130937433,31.0467921540253,20.479993751127196,21602.432581428424,10.943757807963552,East,248518.86146427054
1043.2247095430384,15.876631277952693,2.7143104354022185,53259.09737342936,6.32286239250941,East,182107.60158656
1502.5356249449073,5.831579074031259,8.046611987004022,73626.24241413096,9.24385852225705,South,276905.8794282992
2539.069490638333,24.438127093831046,18.52926340272282,57330.02786700961,15.150396355765734,North,410202.723797234
1589.23189705011,24.633698060326868,12.24989170673274,52559.37617809689,10.080349481142692,North,317055.0941762547
2073.285802642469,4.692847427432936,12.816565367582124,41593.25796795387,12.175343281624,East,386463.546803242
1536.6080712692833,22.294817154636064,10.572922185119392,50465.708007328314,9.28488055220668,East,219342.73662145747
1732.3108381319187,27.355830924283737,11.649717693286323,46219.05776894966,10.383117604791726,North,318298.95293000754
1477.2867222429234,23.74386451706263,13.888047651392679,38210.35088102967,8.833631033224517,West,277337.00728588406
1431.8369675343183,26.319814837613954,5.9525684055361685,45651.86576787695,8.556725154804486,South,236007.9906947038
1188.2070413098322,5.957309019092509,14.390292894540998,52975.717409396595,7.161373756861835,South,233592.4414790547
1672.1205435830213,23.310401549961956,3.1349849155723044,38491.74397204039,10.287110884537238,West,332533.7227397545
1159.3851243256927,16.973802405295533,11.64183986415769,37905.77268972974,7.36963161683658,North,214758.7711145366
1766.2340945253716,15.172098412753552,10.893704816431637,29596.348436117383,10.596729493800982,South,283080.82372409874
1934.114801778364,28.705556094197263,6.91853455903946,55860.875391333444,11.849283632321674,West,356514.69786388945
1646.6125628948919,34.7927451067423,9.886573623371767,58179.848929505904,9.669145293489317,North,220036.95066483464
1385.5005065777232,37.94370054600359,6.887299236672234,,8.54278967528421,South,254862.41601435476
1681.5862317234785,33.14807871505905,4.641493365691279,64477.557390929986,9.860919933192774,East,327124.1829855582
1376.530777781435,18.902658183698165,8.231926291931778,51318.01455621091,8.586382647515052,South,271012.5002037816
1874.2188501860596,23.52720163026343,4.480056823141693,55880.16406048635,11.90850536433433,East,318817.59585860936
767.4375663139506,27.66822871784244,11.61398732046624,54557.56138456344,4.568000231492285,North,164265.5143684766
1365.7570527525415,21.21177949299462,4.249572529238183,48626.89970872688,7.536779269273027,South,298077.23449153715
703.675201950401,21.307641879115444,13.559885114955257,42037.67257805529,4.0576293317289585,North,374125.38873602165
901.975667909118,28.23753131876182,4.092604660355899,83212.28923687867,5.7814165477414985,West,227985.82114024548
