TV_Budget,Radio_Budget,SocialMedia_Budget,Is_Holiday,Sales,Region_EU,Region_LatAm
146.5,101.59,181.48,0,982.82,0,0
161.86,70.93,91.73,1,746.99,0,1
49.48,58.56,215.86,0,633.8,1,0
182.77,93.17,78.49,0,1005.19,0,1
84.25,64.99,193.34,0,719.77,0,0
297.43,53.59,127.09,0,1292.86,0,0
103.03,62.01,114.24,0,627.91,0,1
138.73,15.15,109.3,1,606.19,0,0
59.1,141.48,122.23,0,934.85,1,0
148.14,45.62,81.62,0,580.24,0,1
150.2206197600939,24.65,119.87336369400884,0,654.02,0,0
55.24,12.86,18.65,0,280.92,0,1
186.88,80.62,185.83,0,918.24,0,0
23.18,75.66599493375894,199.17,0,465.36,0,0
47.96,89.2,70.51,0,609.78,0,1
246.37,54.49,78.51,0,1088.54,1,0
66.82,111.95,54.46,1,749.72,0,0
72.59,131.97,66.98,0,842.3,1,0
276.29,44.62,119.87336369400884,0,1180.9,0,0
78.41,75.66599493375894,165.78,0,567.19,0,1
50.41,93.59,73.32,0,638.5,1,0
216.99,91.73,105.7,0,1131.31,0,0
271.75,57.43,23.59,0,1206.37,0,1
193.94,117.11,94.18,0,990.1,0,0
129.67,50.29,38.72,0,689.42,1,0
73.36,77.4,123.18,0,573.92,0,0
94.18,48.8,57.63,0,486.43,0,0
50.45,55.26,30.71,0,437.05,0,1
125.38,75.97,19.48,0,760.71,0,0
150.2206197600939,33.92,101.45,0,855.15,1,0
148.84,75.66599493375894,48.43,0,731.23,0,1
92.68,73.71,99.92,0,622.28,0,0
190.92,44.39,247.07,0,826.71,0,1
175.4,81.53,57.95,0,749.39,0,0
128.19,137.44,118.68,0,1032.64,0,1
100.55,148.54,69.36,1,995.24,0,0
166.93,75.63,63.54,1,917.75,0,0
128.84,130.65,123.61,1,1021.43,1,0
68.8,33.14,70.01,1,444.11,0,0
114.87,101.03,234.16,0,951.56,1,0
111.72,148.72,248.72,0,1211.04,0,0
154.6,130.62,132.32,0,1027.21,0,0
150.2206197600939,119.64,179.49,0,1010.7,1,0
128.46,86.25,89.93,0,791.14,1,0
215.74,64.65,100.79,0,1033.62,1,0
98.17,64.29,102.94,0,607.1,1,0
289.46,61.47,64.58,0,1259.12,1,0
157.68,75.66599493375894,40.17,1,751.59,0,0
107.23,46.42,222.05,0,670.35,1,0
203.31,75.66599493375894,109.1,0,1076.42,0,0
61.55,93.65,97.22,0,594.03,1,0
247.45,92.86,41.03,0,1236.16,0,0
209.34,94.76,116.53,0,1128.64,0,0
61.11,114.01,107.46,1,832.13,1,0
236.62,99.93,94.58,1,1263.47,0,1
139.89,78.94,112.11,1,815.46,0,0
138.22,99.27,204.81,0,991.7,0,0
55.91,25.15,38.12,0,337.24,1,0
150.2206197600939,71.84,106.84,0,1203.98,0,0
94.34,19.33,31.77,0,458.31,0,1
183.62,109.35,142.69,0,1014.17,1,0
77.38,68.67,221.17,0,741.93,0,0
81.25,28.64,21.71,0,414.8,0,0
134.58,69.1,142.97,0,753.22,0,0
142.09,26.76,198.97,0,608.24,0,0
286.55,43.42,123.96,0,1207.23,1,0
141.43,99.16,72.33,0,918.62,0,0
204.53,68.69,90.3,0,1021.53,0,1
87.38,97.53,75.02,0,715.4,0,0
83.13,67.51,74.33,0,591.4,1,0
87.4,63.87,30.79,0,600.74,1,0
25.62,101.9,104.92,0,685.37,0,1
150.2206197600939,75.66599493375894,177.34,0,927.5,1,0
63.94,75.66599493375894,198.88,0,595.33,0,0
22.85,83.79,65.59,0,549.67,1,0
32.46,29.27,242.02,0,504.72,0,0
154.07,92.78,19.78,0,934.85,0,0
29.42,82.73,161.05,0,653.95,0,0
150.56,41.38,173.48,0,659.0,0,0
66.01,104.1,144.87,0,807.49,0,1
226.65,78.15,119.87336369400884,0,1140.82,1,0
298.0,72.53,88.46,0,1346.93,0,0
185.61,62.5,54.09,1,946.53,0,1
214.9,23.08,54.03,0,862.83,1,0
86.76,15.75,63.02,0,404.77,0,1
145.82,26.6,35.78,0,659.22,0,0
139.56,70.72,19.95,0,766.07,0,0
122.22,75.76,148.69,0,759.25,0,1
86.15,56.34,124.85,0,537.79,1,0
107.63,91.34,73.22,1,766.24,0,0
246.93,28.85,50.91,0,1038.3,0,0
66.93,55.82,99.75,0,489.03,0,1
75.25,81.06,55.37,0,599.78,0,0
209.64,77.28,133.81,0,1067.27,1,0
61.07,65.45,102.18,1,580.53,1,0
201.1,82.91,47.41,0,1065.42,0,0
268.91,14.56,123.35,0,1037.92,0,0
213.95,91.64,133.09,1,1132.03,1,0
298.4938,71.74,157.51,1,653.24,0,1
290.17,68.35,12.01,0,1305.82,0,0
150.2206197600939,23.7,248.21,1,650.87,0,1
234.82,86.32,148.03,1,1201.16,0,0
89.38,71.95,153.07,0,691.78,0,0
74.27,75.12,154.53,0,692.77,0,1
66.3,67.58,142.64,0,649.4,0,1
181.95,100.56,208.84,0,1029.6,0,0
188.57,57.32,52.85,0,904.07,0,1
298.4938,34.61,130.3,0,1165.18,0,0
138.77,84.58,139.08,0,851.15,1,0
295.89,98.19,46.22,0,1450.59,1,0
210.48,77.49,29.59,0,1053.58,0,0
189.93,72.42,158.46,1,876.15,0,0
215.67,94.86,18.57,0,1134.28,0,1
130.04,106.87,101.82,0,856.55,0,1
150.42,60.76,97.13,0,666.22,1,0
119.47,59.2,106.8,0,683.5,0,1
276.63,81.15,17.6,0,1284.39,1,0
127.47,30.46,63.9,0,456.17,0,0
34.95,73.6,235.4,0,733.15,0,1
58.47,43.23,21.57,0,403.45,0,0
291.34,151.22609405554186,55.83,0,1210.47,0,1
78.34,101.18,194.35,0,839.56,1,0
115.43,64.34,242.44,0,810.13,0,0
275.07,62.85,47.71,0,1251.98,1,0
120.4,71.11,146.59,0,713.52,0,1
198.67,22.91,125.73,0,586.02,1,0
86.21,62.91,239.58,0,723.12,1,0
151.13,84.38,59.98,0,727.76,0,0
150.2206197600939,86.44,115.76,0,609.04,0,0
172.87,21.58,57.3,0,757.74,0,1
119.78,148.84,218.6,1,1210.2,0,0
239.38,81.78,119.87336369400884,0,1141.68,0,0
184.61,83.61,218.55,1,984.24,1,0
46.73,27.58,222.75,1,528.93,0,0
60.77,12.25,141.38,0,306.04,1,0
72.39,116.71,120.35,1,838.34,1,0
256.68,75.57,137.45,0,1208.08,0,0
112.77,113.52,234.66,1,1049.22,1,0
129.36,72.87,59.22,0,646.76,0,0
120.9,137.06,140.39,1,1064.22,0,0
134.6,108.26,121.19,0,904.08,0,0
189.77,126.68,63.77,0,995.2,1,0
25.03,151.22609405554186,71.21,0,802.74,0,0
276.29,78.79,63.53,1,1310.35,1,0
97.23,41.25,20.87,1,585.91,0,0
150.2206197600939,66.9,68.39,0,1164.64,0,0
171.9,140.15,121.09,0,1113.71,0,0
51.06,38.32,171.27,1,530.22,0,0
190.0,94.46,204.63,0,1009.96,0,0
211.06,95.81,25.66,0,1158.33,0,0
82.6,109.97,120.93,0,828.45,0,0
133.78,83.14,98.87,0,783.67,0,0
282.57,42.89,105.36,0,1181.62,0,1
168.25,96.78,102.77,1,1036.05,0,0
49.19,116.76,238.08,0,959.96,0,0
214.89,77.5,105.79,0,1066.94,1,0
167.49,64.21,54.75,0,854.43,0,0
119.03,96.8,209.08,0,914.08,0,1
145.83,106.22,246.6,0,1061.39,1,0
123.16,75.66599493375894,119.86,0,581.19,0,0
104.5,66.95,104.1,0,649.43,0,1
199.74,95.47,226.7,0,1066.88,0,1
95.56,71.69,54.02,0,574.48,0,1
171.84,24.68,86.84,0,741.01,0,0
20.62,55.52,200.55,1,600.33,0,1
106.97,78.59,133.59,0,700.64,0,1
175.92,29.54,243.2,0,736.72,1,0
134.77,70.27,222.87,1,855.26,0,0
150.2206197600939,75.66599493375894,38.58,0,739.52,0,0
78.76,125.08,123.83,0,887.61,0,0
155.74,92.58,92.42,1,945.82,1,0
150.2206197600939,48.14,93.48,0,395.69,0,0
173.41,21.07,169.33,0,592.89,0,1
79.69,23.94,203.27,0,499.94,0,1
196.99,73.52,133.98,0,983.76,0,0
74.83,125.77,170.03,0,941.06,0,0
166.07,121.32,206.63,1,1128.38,0,0
80.49,76.19,134.23,0,666.91,1,0
128.8,41.41,31.08,0,625.7,0,0
62.13,80.2,53.12,0,530.07,1,0
37.96,55.47,220.97,1,624.36,0,1
64.24,141.39,136.71,1,1003.88,0,0
132.06,48.71,119.87336369400884,1,643.06,0,1
90.56,24.47,36.22,1,485.15,0,1
118.87,58.69,95.33,0,697.04,0,1
82.56,88.6,70.15,1,675.03,0,0
36.88,65.09,109.25,0,526.52,0,0
25.27,28.53,241.88,0,496.68,0,0
256.7,41.59,74.96,1,1090.75,0,0
130.54,56.36,128.97,0,663.13,0,0
123.23,89.36,60.78,0,788.29,1,0
32.77,62.85,82.2,0,498.61,0,1
244.26,20.25,18.86,0,975.3,0,0
142.63,37.55,90.73,1,686.98,0,0
56.23,75.66599493375894,135.46,0,432.96,0,0
122.61,12.78,102.24,0,529.4,0,0
232.81,55.83,139.42,0,1029.33,0,0
184.39,60.83,126.87,1,764.19,1,0
236.26,89.0,88.56,0,1186.89,0,1
91.82,43.93,148.26,0,555.07,0,0
106.58,20.37,142.83,0,485.79,0,1
192.68,75.66599493375894,17.07,0,1015.59,0,0
278.98,75.66599493375894,100.43,1,1201.5,0,0
51.54,42.99,119.87336369400884,1,432.06,0,0
134.7,63.23,11.62,0,730.34,0,1
150.2206197600939,75.66,147.32,0,777.52,0,0
54.11,94.48,66.6,0,585.59,0,0
136.02,112.38,145.19,1,958.14,0,0
150.2206197600939,109.51,87.79,0,780.3,1,0
139.72,24.85,98.43,1,511.64,1,0
137.81,36.28,182.61,0,621.89,0,0
97.39,26.63,147.72,0,447.8,1,0
120.0,87.45,119.87336369400884,1,789.48,0,0
184.64,76.97,186.16,0,911.09,0,0
100.13,56.28,59.69,1,647.26,0,0
164.03,60.52,58.64,1,657.13,0,1
153.87,58.84,248.7223,0,613.18,0,0
298.4938,117.35,155.87,0,963.39,0,1
123.51,58.46,224.32,0,767.17,0,0
183.11,99.57,55.17,0,1006.69,0,1
254.91,78.9,139.41,0,1228.24,0,1
146.22,60.94,115.36,1,698.55,0,0
234.98,17.64,124.82,0,901.12,0,0
107.72,98.32,121.93,0,782.04,0,0
143.46,80.29,119.87336369400884,1,876.54,0,0
290.6,62.12,57.79,0,1293.66,0,0
291.74,47.24,110.73,0,1239.93,0,0
181.45,74.45,66.24,0,948.83,0,0
71.34,94.62,139.25,0,627.14,0,0
147.05,29.1,192.84,1,625.86,0,1
129.12,17.37,50.01,0,569.1,0,1
104.13,61.94,119.87336369400884,0,645.81,0,0
177.4,120.74,152.84,0,1051.97,0,0
135.22,75.66599493375894,74.01,0,590.66,0,1
63.68,17.72,76.35,0,356.34,1,0
283.46,85.63,60.06,0,1350.13,0,0
103.79,69.62,177.89,0,741.73,1,0
150.2206197600939,29.58,91.58,1,443.41,0,0
41.36,42.03,247.38,0,584.66,0,0
121.61,40.82,119.5,0,630.68,0,0
53.34,28.56,76.77,0,318.06,0,0
69.59,45.95,119.87336369400884,0,427.85,0,0
190.35,92.96,112.08,0,891.7,0,0
154.07,30.07,106.5,0,691.45,0,0
150.2206197600939,90.71,195.04,1,832.78,0,0
266.19,66.22,34.0,0,1196.04,1,0
195.58,129.72,148.45,0,1125.58,0,0
166.26,75.66599493375894,157.39,0,573.5,0,0
55.15,98.26,101.31,0,695.39,0,0
183.06,48.29,174.02,0,751.47,0,1
153.06,37.17,42.29,0,743.17,0,1
142.91,144.26,97.55,0,1055.32,0,0
143.21,114.86,124.7,0,947.42,1,0
24.39,143.37,222.5,0,1030.02,0,0
151.14,91.54,248.49,1,1006.46,0,0
192.5,96.71,220.05,0,1028.13,0,1
154.48,56.38,13.7,0,773.01,0,1
180.76,57.99,194.49,0,808.66,0,0
248.32,64.94,78.51,0,1136.34,0,0
77.53,86.8,130.56,0,621.81,1,0
102.03,110.23,160.42,0,899.84,1,0
95.01,116.98,137.69,0,895.55,0,0
273.24,89.81,92.21,0,1317.6,0,0
92.11,21.75,51.54,0,336.05,0,0
107.68,75.66599493375894,225.93,0,846.15,0,0
52.3,128.67,221.0,0,983.39,0,1
232.05,97.41,46.01,0,1204.73,0,0
79.42,126.04,226.93,0,1029.34,1,0
201.32,78.96,123.26,1,1074.38,0,1
122.65,63.6,81.0,0,722.51,0,1
224.65,76.33,123.44,0,1111.83,0,1
298.4938,79.87,131.19,0,1161.25,0,1
230.06,91.92,49.33,0,1189.92,0,0
245.34,75.66599493375894,12.35,0,1033.37,0,0
273.84,77.3,61.38,0,1275.72,1,0
201.68,97.86,103.07,0,1104.54,1,0
94.73,88.41,122.49,0,692.7,0,1
101.39,17.0,143.75,0,442.33,0,1
160.03,82.98,129.36,0,844.96,0,0
73.42,23.37,26.37,0,370.33,0,1
104.88,24.35,88.2,0,504.38,1,0
80.12,95.71,23.75,0,622.82,1,0
104.13,59.54,164.67,0,681.09,0,0
28.51,75.66599493375894,119.87336369400884,0,851.65,0,0
207.09,63.86,93.33,0,994.2,1,0
150.2206197600939,49.59,115.42,0,442.66,1,0
224.37,59.79,63.17,0,1047.78,0,0
195.68,54.5,157.38,0,778.03,0,0
123.82,75.66599493375894,81.92,0,599.56,1,0
103.95,97.3,147.59,0,730.73,0,1
150.2206197600939,28.09,36.66,1,373.35,0,0
150.2206197600939,85.78,176.1,0,683.09,1,0
125.0,94.21,108.16,1,859.61,0,1
234.33,53.78,67.23,0,1069.99,1,0
199.34,130.32,119.87336369400884,1,1200.54,0,0
104.26,37.94,119.87336369400884,1,595.82,0,0
202.23,95.81,140.66,1,1120.82,0,0
168.44,135.83,119.87336369400884,0,1116.88,0,0
207.08,81.69,62.19,0,1073.2,0,0
124.58,81.81,11.28,0,759.38,0,0
285.54,75.66599493375894,97.77,1,1324.48,0,0
57.55,51.13,67.84,0,412.17,0,1
290.81,51.28,72.63,0,1236.48,0,1
176.45,93.48,105.84,1,1003.65,0,1
103.35,31.98,180.26,0,565.02,1,0
88.54,59.31,98.25,1,598.17,0,0
205.38,89.37,17.67,0,1064.16,0,0
130.13,30.87,225.78,0,649.26,0,0
59.53,28.45,98.85,1,400.63,0,0
129.8,70.69,72.94,0,648.61,1,0
109.6,72.24,103.63,0,672.31,1,0
181.44,82.35,132.79,1,985.24,0,1
150.2206197600939,67.6,142.33,0,645.56,0,0
298.4938,30.5,21.04,0,473.62,0,0
196.22,103.65,79.11,0,913.88,0,1
162.45,116.48,161.01,0,1034.03,0,0
101.61,95.47,145.79,0,726.72,0,1
298.4938,24.07,74.05,0,991.88,0,0
158.81,33.93,92.03,0,726.01,1,0
50.38,47.88,188.59,0,547.48,0,1
166.45,35.09,248.7223,0,761.11,0,0
120.73,88.18,193.61,0,852.66,0,0
141.53,61.61,245.76,1,848.28,0,0
132.86,91.43,179.67,0,881.0,0,1
189.57,41.69,78.79,1,881.83,0,0
122.68,76.06,238.79,1,887.61,0,0
107.29,145.27,115.64,0,1024.73,0,0
75.83,72.75,119.87336369400884,0,632.0,0,1
64.68,97.89,59.78,0,629.43,1,0
85.25,86.54,199.47,0,808.39,0,1
39.68,88.62,196.6,0,748.69,0,1
104.72,54.89,112.67,0,585.64,0,0
150.2206197600939,22.06,246.3,0,515.58,0,0
161.74,41.48,174.81,0,664.72,0,1
150.2206197600939,85.42,149.38,0,1252.2,0,0
150.2206197600939,15.32,11.27,0,1122.77,0,0
96.08,80.22,146.14,0,740.65,0,0
94.0,103.69,57.21,1,745.74,0,0
72.41,22.66,107.89,1,424.36,0,0
144.98,75.66599493375894,49.45,0,888.52,0,1
171.26,38.39,82.17,1,591.56,1,0
91.55,21.88,127.49,1,445.82,0,0
81.72,81.54,118.04,0,626.68,0,1
97.75,79.65,102.29,0,682.72,0,1
224.73,62.55,142.94,0,1084.94,1,0
33.72,48.78,70.59,0,397.7,0,0
159.94,58.34,48.31,1,862.11,0,1
150.2206197600939,91.47,132.26,0,1260.28,0,1
149.85,54.3,208.83,0,767.71,0,1
142.22,75.66599493375894,119.87336369400884,0,1127.86,0,0
162.84,53.8,75.86,0,810.75,0,0
113.49,95.95,125.57,0,788.59,1,0
159.54,71.36,35.05,1,897.85,0,0
222.33,45.03,74.81,1,1005.64,0,0
168.08,96.69,25.26,0,979.55,0,0
124.05,144.88,157.18,0,1101.1,0,0
150.2206197600939,64.9,90.13,0,581.71,0,0
26.23,70.91,216.27,1,679.79,0,1
130.38,92.91,31.29,0,802.05,1,0
190.84,58.61,28.06,0,917.72,0,0
79.46,74.23,119.87336369400884,0,601.0,0,1
130.03,49.11,143.76,0,699.2,0,0
238.18,29.38,133.15,0,978.87,0,0
215.09,61.71,119.72,0,1031.9,0,0
117.18,142.46,248.7223,0,1108.97,0,0
153.36,120.1,119.87336369400884,0,1028.74,0,1
61.96,77.64,92.81,0,595.75,0,1
177.55,117.84,107.26,0,985.49,0,1
188.25,65.05,115.49,0,957.67,0,0
53.21,62.8,86.44,0,442.73,0,0
102.51,66.73,144.64,0,661.56,1,0
150.2206197600939,33.92,149.37,1,579.4,1,0
53.74,66.69,139.85,0,601.61,0,1
98.29,22.82,128.29,1,488.55,0,1
147.54,58.81,128.53,1,725.13,0,0
120.44,55.49,47.98,1,680.14,0,1
103.54,21.82,42.52,0,479.9,1,0
150.2206197600939,35.46,192.71,1,714.12,1,0
148.57,49.69,100.17,0,754.16,1,0
88.05,132.62,105.77,0,921.54,0,0
191.76,74.47,11.76,0,979.73,0,0
117.67,80.69,23.19,1,782.68,0,1
197.61,36.81,163.6,1,721.45,0,0
128.96,142.76,130.62,1,1099.37,0,0
298.41,75.14,134.37,0,1381.2,0,0
38.72,79.59,220.79,0,731.54,0,0
175.86,22.43,88.94,1,517.77,1,0
174.67,85.6,121.18,0,941.9,1,0
50.24,86.25,87.36,0,617.98,0,0
253.05,71.97,22.31,0,1180.33,0,0
267.39,31.77,130.4,0,1064.15,0,0
191.1,140.76,50.3,0,1061.49,0,1
80.32,133.47,99.63,0,902.64,0,1
72.53,141.0,202.52,1,1073.68,0,0
198.02,29.47,194.22,0,701.56,0,0
89.39,44.06,149.19,0,550.43,0,0
259.52,95.26,89.31,0,1299.93,0,1
174.99,31.15,119.87336369400884,0,767.17,0,0
73.8,29.94,19.39,0,409.9,0,0
278.61,84.05,73.35,0,1337.78,1,0
186.56,137.34,240.09,0,1266.82,0,0
98.85,95.02,99.15,0,742.95,0,0
177.97,151.22609405554186,96.97,1,1036.46,0,1
98.64,29.2,99.4,0,510.22,0,0
97.14,75.29,162.65,0,724.53,0,0
49.73,109.02,213.93,0,885.0,0,1
76.86,33.27,61.79,0,459.29,0,1
150.2206197600939,77.82,128.07,0,805.62,1,0
95.75,38.19,131.17,1,546.62,0,0
283.02,91.91,29.98,0,1366.51,0,0
72.49,127.41,222.2,0,1019.49,0,1
108.68,123.91,107.52,1,953.13,1,0
177.39,88.21,182.03,0,945.33,0,0
143.04,19.19,119.87336369400884,0,630.36,0,1
41.35,68.14,181.7,0,651.59,0,0
68.71,41.92,75.54,0,448.98,0,0
220.59,75.66599493375894,100.59,0,927.47,0,0
180.35,146.43,119.87336369400884,0,1273.46,0,0
158.83,35.47,119.87336369400884,1,765.64,0,1
282.39,13.63,111.64,0,1101.31,0,0
149.68,45.99,141.37,0,750.44,0,1
270.16,49.78,119.87336369400884,0,1157.41,0,1
256.47,75.66599493375894,84.75,0,1287.71,0,0
100.7,106.73,104.37,0,833.34,0,1
126.03,64.24,245.0,0,824.49,0,0
174.34,23.67,166.77,0,608.4,0,0
58.87,75.66599493375894,149.42,0,472.36,0,0
141.3,70.8,39.09,0,786.94,0,0
28.49,79.82,169.22,0,667.79,1,0
166.5,105.85,98.86,0,894.64,0,0
143.83,54.81,112.54,0,636.71,0,0
132.75,78.98,16.28,0,786.76,0,0
181.37,71.23,110.37,0,943.9,0,0
141.92,45.24,65.65,0,692.56,0,0
222.2,40.69,52.51,1,990.28,0,0
191.89,75.66599493375894,128.65,1,1019.52,1,0
215.8,35.97,79.45,0,928.99,0,1
98.64,92.22,106.0,1,758.44,0,0
232.52,70.47,23.31,0,1093.37,0,0
172.57,122.76,134.43,0,1047.22,1,0
95.92,96.18,13.48,0,720.95,0,1
98.55,124.01,196.31,0,1001.34,1,0
133.92,72.57,142.53,0,771.69,0,0
152.89,46.5,68.36,0,741.99,1,0
179.85,90.47,126.87,0,988.55,0,1
162.06,106.16,123.34,0,933.6,0,0
70.71,128.6,125.79,0,898.63,0,1
150.96,39.53,92.44,0,694.45,1,0
70.34,69.83,150.84,1,690.37,0,0
178.79,58.95,65.09,0,890.33,0,0
140.73,90.15,115.46,0,801.76,0,0
42.58,101.12,153.48,0,768.39,0,0
152.82,97.04,99.8,0,941.77,0,1
205.23,30.77,24.92,0,863.0,0,0
146.63,75.66599493375894,158.79,0,989.07,0,1
108.71,87.7,248.7223,0,731.65,0,0
150.2206197600939,105.74,241.06,0,933.29,0,0
138.56,88.38,151.11,0,852.17,0,1
182.19,90.19,82.75,1,1011.51,0,0
199.71,44.29,15.82,0,920.16,0,0
168.51,69.32,144.61,0,891.92,0,0
105.64,31.2,70.76,0,524.0,0,1
116.14,138.21,231.34,1,1171.14,1,0
254.16,38.99,48.55,0,1107.48,0,0
169.67,137.28,162.33,0,1158.14,0,0
72.01,75.66599493375894,183.17,0,727.85,0,0
170.64,99.64,219.98,0,998.06,1,0
83.73,48.27,119.87336369400884,0,651.22,0,1
243.55,67.0,36.57,0,1135.17,0,0
123.32,124.9,100.62,0,936.75,0,0
150.2206197600939,50.93,147.37,1,645.68,0,0
205.52,16.63,27.99,0,855.76,0,0
150.2206197600939,99.16,33.79,0,861.76,0,0
44.5,120.9,203.34,0,908.89,1,0
111.15,140.47,244.35,0,1177.93,1,0
138.31,54.67,49.82,0,710.62,0,0
108.26,37.0,207.28,0,618.75,0,0
65.01,141.59,246.85,0,1113.9,0,1
179.48,14.57,140.33,0,721.89,0,0
260.56,73.62,106.39,0,1224.49,0,1
203.88,55.64,57.5,0,960.37,0,0
293.96,74.74,28.75,0,1350.63,0,0
178.92,145.77,195.15,0,1243.03,0,0
268.28,75.66599493375894,35.35,1,1283.9,0,0
256.25,22.75,13.22,0,1038.71,0,1
199.57,74.7,133.67,0,1011.16,0,1
150.2206197600939,46.6,112.15,1,736.91,1,0
155.66,43.77,90.75,1,610.62,0,0
36.8,25.89,245.19,1,512.45,0,0
189.04,52.34,160.18,1,794.02,0,0
285.53,98.25,62.67,0,1390.13,1,0
154.33,42.73,173.01,0,649.21,0,0
192.49,50.88,22.39,0,900.19,0,0
194.29,63.75,103.06,0,954.94,1,0
187.84,151.22609405554186,148.47,0,1059.07,1,0
186.52,79.73,125.03,0,998.74,0,0
124.04,142.19,196.73,1,1149.3,0,0
23.99,87.77,82.66,1,609.48,0,1
166.68,87.79,247.75,0,1009.05,0,0
82.09,71.51,106.59,1,611.85,0,1
80.14,31.84,76.5,0,415.93,1,0
105.52,35.34,159.01,0,543.35,0,0
68.0,75.66599493375894,89.7,1,692.81,0,1
179.3,14.33,64.85,0,764.68,1,0
188.69,81.67,70.02,0,988.15,0,0
34.98,28.37,224.22,0,488.36,0,0
107.48,57.83,236.15,1,776.55,0,1
90.95,50.28,121.84,1,582.91,0,0
105.13,127.92,207.98,1,1065.13,0,1
132.72,47.67,17.74,0,662.31,1,0
47.6,66.3,207.19,0,687.87,0,0
116.8,21.59,110.43,1,574.65,0,1
146.31,58.31,192.62,0,751.49,0,0
100.0,75.66599493375894,231.9,0,587.94,1,0
150.2206197600939,10.66,81.07,0,667.62,0,0
150.2206197600939,75.66599493375894,71.68,0,801.68,0,1
197.59,132.03,119.87336369400884,0,1118.2,1,0
213.02,11.91,74.4,0,850.83,0,0
157.83,34.53,138.35,0,715.1,0,1
178.73,31.67,123.03,0,767.15,0,1
69.27,48.7,66.59,0,462.22,1,0
89.59,92.85,178.36,0,824.18,1,0
218.91,86.96,59.45,0,1120.23,0,0
149.03,142.9,137.82,1,1129.86,0,1
298.4938,64.49,28.71,0,1317.68,1,0
270.44,50.67,125.71,0,1161.2,0,0
253.56,57.84,85.28,0,1145.68,0,0
194.27,48.46,21.39,0,912.74,1,0
117.93,145.0,119.87336369400884,0,1018.35,0,1
242.56,32.55,105.66,0,1007.56,0,0
69.41,93.7,81.04,1,695.3,0,0
97.97,88.99,59.23,0,663.91,0,0
42.11,119.75,200.05,0,892.3,0,0
73.52,54.96,119.87336369400884,0,576.21,0,0
78.41,93.17,74.67,0,657.43,1,0
149.89,52.84,184.31,0,722.26,0,0
275.11,75.21,102.15,0,1247.76,0,1
129.84,63.57,49.91,0,726.16,0,0
154.09,83.64,167.12,0,875.86,1,0
137.49,30.86,64.17,0,636.01,0,0
109.07,29.77,50.08,0,546.03,0,1
196.47,55.23,107.85,0,933.82,0,0
98.1,60.23,154.24,0,649.53,0,0
270.3,83.11,17.76,1,1330.84,0,0
28.39,34.15,104.74,0,357.94,0,1
134.43,125.36,154.45,0,1023.65,0,0
73.82,107.05,217.25,0,917.02,0,0
137.38,22.79,230.3,0,631.51,0,0
249.37,75.66599493375894,17.7,0,1006.08,0,0
76.75,78.06,176.51,0,739.63,0,1
61.12,130.21,61.34,1,847.06,0,1
185.5,97.05,125.06,0,928.08,0,0
20.11,111.04,155.3,1,790.29,0,0
149.9,79.99,33.84,0,859.36,0,0
263.33,42.9,120.01,0,1131.85,1,0
256.91,97.33,144.31,1,1302.88,0,0
64.8,40.96,143.38,0,434.81,0,0
150.2206197600939,139.76,89.68,1,857.5,0,1
168.56,91.5,168.09,1,936.57,0,0
41.95,118.79,122.14,0,813.45,1,0
138.68,80.58,82.05,1,844.2,0,0
192.29,88.68,185.87,0,967.23,0,1
195.71,83.56,15.07,0,1020.86,0,1
150.2206197600939,64.81,176.66,0,830.51,0,0
156.82,21.61,237.51,1,661.09,0,1
198.62,136.95,180.59,0,1206.89,0,0
244.21,82.96,117.91,1,1225.33,0,1
131.27,59.52,93.15,1,750.52,0,0
120.88,99.22,40.12,0,809.65,1,0
49.35,132.02,54.23,0,801.89,1,0
58.17,48.36,63.02,0,426.33,0,0
52.56,76.47,40.85,0,508.88,0,0
225.21,18.25,116.33,0,910.38,0,1
84.54,66.15,138.03,0,588.69,0,0
75.07,24.82,188.73,0,502.17,0,1
214.41,67.15,110.29,0,1040.36,1,0
98.74,75.66599493375894,40.27,0,676.92,1,0
169.97,135.64,166.49,0,1146.69,1,0
91.96,43.73,84.82,0,516.11,0,1
51.08,91.93,141.88,0,524.97,1,0
171.23,17.99,78.06,1,722.98,1,0
164.75,91.2,140.23,0,948.13,1,0
101.88,37.46,70.44,1,555.28,1,0
143.76,142.68,75.59,0,1012.87,0,0
115.39,79.28,88.88,0,738.75,1,0
259.97,69.25,19.26,0,1214.25,1,0
110.8,80.63,121.26,0,727.35,0,0
241.51,83.04,116.73,0,1197.62,0,0
132.77,16.73,103.92,0,567.69,0,1
174.26,76.86,100.39,0,925.94,0,0
29.86,143.7,230.99,1,1057.59,1,0
190.85,67.41,217.7,0,890.38,1,0
148.62,101.47,70.95,0,837.95,1,0
198.72,55.26,198.35,1,852.63,0,1
200.35,87.62,51.55,0,1055.11,1,0
115.17,77.2,175.61,0,772.02,0,0
172.9,63.51,168.24,1,808.28,0,0
152.51,41.84,32.73,0,725.76,0,1
124.09,101.44,205.11,0,954.78,0,0
150.2206197600939,20.67,25.33,0,371.58,1,0
162.1,54.62,96.28,0,805.88,1,0
181.52,64.24,85.53,1,725.1,1,0
192.6,47.9,122.77,0,693.4,0,0
104.56,68.6,209.18,1,789.27,0,0
72.56,100.51,119.87336369400884,0,897.74,0,1
72.03,79.17,77.2,0,614.36,0,0
89.23,71.0,119.87336369400884,1,693.74,1,0
215.39,59.12,36.94,0,1037.17,1,0
93.33,149.0,127.16,0,1047.13,1,0
282.87,61.06,129.72,0,1257.01,1,0
150.2206197600939,18.31,97.72,1,725.49,0,0
155.54,125.2,119.87336369400884,0,961.91,0,0
149.3,138.15,238.63,0,1189.56,0,0
86.42,74.61,26.49,0,611.35,0,1
187.37,64.8,63.08,0,929.38,0,0
131.64,42.02,126.71,0,667.55,1,0
279.96,54.44,52.65,1,1241.3,0,0
209.76,24.61,34.5,1,881.32,0,0
161.93,41.73,44.32,0,760.85,0,0
219.71,70.71,36.68,0,1057.8,0,1
79.96,84.88,86.68,0,646.39,0,1
61.25,109.52,115.83,0,788.4,1,0
269.02,11.73,32.27,0,1037.94,0,1
99.88,29.18,145.59,0,490.2,0,0
201.08,63.01,94.2,0,972.29,0,1
154.92,65.11,183.18,1,816.86,1,0
298.4938,15.68,29.27,0,564.93,0,0
136.16,61.9,180.43,0,723.47,0,1
150.2206197600939,99.28,72.54,0,824.43,0,1
162.09,24.65,246.55,0,690.96,0,0
114.71,37.06,124.78,0,588.35,1,0
284.17,64.87,46.02,0,1259.66,0,1
78.53,36.88,119.87336369400884,0,521.02,0,0
191.61,76.66,59.92,0,960.34,0,0
53.82,57.05,92.2,0,421.98,0,0
177.0,31.44,100.58,0,567.66,0,0
82.45,80.55,217.23,1,808.96,0,1
180.77,36.61,223.13,1,756.49,0,1
128.56,94.05,93.1,0,822.91,0,1
53.86,94.32,213.64,0,829.01,0,0
150.2206197600939,75.19,24.71,0,756.97,0,0
124.43,73.75,30.48,0,748.86,1,0
111.63,147.74,190.52,0,1136.0,0,0
112.32,104.41,102.76,1,840.2,0,1
271.22,38.31,119.87336369400884,1,1163.71,1,0
103.05,60.15,54.15,0,610.86,0,0
173.74,71.29,231.28,1,928.56,1,0
154.34,27.85,244.54,0,694.64,0,1
152.34,46.04,133.92,0,757.12,0,0
60.53,54.81,224.44,0,658.65,0,0
289.62,75.66599493375894,124.36,0,1303.52,0,1
90.2,85.01,43.05,0,653.68,0,0
173.28,58.73,74.67,0,854.36,0,1
59.93,76.61,72.89,0,569.74,0,0
35.15,43.52,217.84,0,563.37,0,0
21.54,20.2,242.43,1,465.87,0,0
224.0,62.05,140.17,0,1057.35,0,0
149.86,67.78,10.46,0,810.37,0,0
260.6,77.97,87.89,1,1262.22,0,1
296.71,90.46,146.93,0,1362.19,0,0
271.28,35.17,50.11,0,1120.97,0,1
165.47,79.89,108.52,0,904.55,1,0
260.37,31.28,58.42,0,1077.37,1,0
193.57,146.54,56.89,0,1087.41,0,0
174.15,94.62,144.2,0,997.69,1,0
178.32,25.52,159.61,0,626.21,1,0
289.21,81.89,43.06,0,1344.92,0,0
191.97,139.58,150.95,0,1171.93,0,0
157.73,92.09,127.93,0,926.12,0,1
34.56,122.76,207.29,0,912.68,1,0
77.3,127.94,69.82,1,848.43,0,1
142.66,143.88,97.33,0,1031.26,0,1
94.15,102.73,69.07,0,761.48,1,0
113.64,120.71,56.91,0,834.65,0,0
146.42,149.37,247.69,0,1269.39,1,0
58.44,85.75,131.61,1,692.79,0,0
31.19,78.0,163.91,1,680.64,1,0
26.71,89.81,59.82,1,592.96,0,0
55.86,140.68,87.95,0,898.57,0,1
167.64,140.01,174.03,0,1165.9,0,1
221.0,24.23,27.22,0,900.02,0,0
96.44,25.3,207.6,0,531.31,0,0
109.49,53.93,119.87336369400884,1,661.6,0,0
77.15,63.89,132.83,1,634.48,0,1
56.21,52.16,52.69,0,421.24,0,0
132.32,58.32,119.87336369400884,0,807.7,1,0
104.44,65.24,85.6,1,623.75,0,1
60.26,95.15,161.57,1,796.51,0,0
86.52,35.04,176.85,0,527.84,0,1
269.86,44.4,105.12,1,1178.94,1,0
187.12,87.3,135.22,0,1021.25,1,0
62.61,99.34,53.78,0,614.65,0,0
89.81,42.28,119.87336369400884,1,621.65,0,1
199.28,37.2,118.67,0,864.17,0,1
201.7,91.59,60.35,0,1084.95,0,1
156.19,122.92,185.27,0,1095.53,0,0
26.28,75.66599493375894,74.62,0,293.74,0,0
171.75,54.32,210.9,1,830.02,1,0
248.51,56.36,72.58,0,1093.52,1,0
277.71,52.97,71.31,0,1211.54,0,0
229.35,73.96,91.91,0,1128.41,1,0
239.56,90.2,73.49,0,1228.93,1,0
82.64,109.0,135.53,1,855.29,0,0
47.02,76.92,119.87336369400884,0,630.53,1,0
70.57,63.26,130.73,0,491.31,0,1
179.42,128.67,64.59,0,984.36,0,0
153.43,133.71,84.24,0,999.09,0,0
24.46,132.35,107.17,1,844.44,0,0
173.66,84.62,119.87336369400884,0,951.9,1,0
262.64,79.67,66.53,1,1272.69,1,0
226.92,35.61,144.15,1,984.82,0,1
52.69,69.6,93.35,0,566.19,0,0
272.37,64.75,121.02,0,1228.12,1,0
188.26,44.04,142.11,0,703.82,0,0
110.16,57.97,119.87336369400884,0,639.03,0,0
217.15,82.51,79.3,0,1116.75,0,0
111.21,151.22609405554186,87.05,0,407.48,0,0
49.93,140.65,182.76,0,1016.18,0,0
42.12,67.01,179.99,0,647.23,0,0
78.82,84.71,119.87336369400884,0,800.35,0,1
171.03,20.87,45.85,1,749.65,0,0
183.34,45.04,136.86,1,887.68,0,0
229.46,33.7,28.87,1,1000.48,1,0
74.98,132.91,90.55,1,915.66,0,0
195.01,26.99,88.66,1,861.86,1,0
147.96,86.17,28.55,0,869.62,0,0
47.89,42.78,150.41,0,490.49,0,0
212.54,93.04,14.12,0,1131.7,0,0
83.21,96.41,218.62,0,872.59,0,0
220.48,81.64,110.0,1,1129.09,0,1
284.08,45.48,103.15,0,1220.1,1,0
54.02,127.75,107.34,0,844.3,0,1
138.57,31.82,87.43,1,519.11,0,0
217.96,12.55,70.64,0,848.58,1,0
70.19,111.61,168.6,1,874.75,0,0
239.28,50.54,26.19,0,1047.31,1,0
82.85,100.25,122.59,0,784.9,0,0
294.03,89.26,83.31,0,1396.62,0,1
124.09,17.61,51.02,0,538.1,0,1
37.07,68.99,82.48,0,513.28,0,0
158.19,20.04,30.71,0,655.21,0,0
290.87,30.07,114.2,0,1155.75,0,0
199.77,103.26,61.5,0,895.44,0,1
169.33,75.66599493375894,139.96,0,769.7,0,1
298.4938,44.5,68.66,0,1050.81,0,0
209.98,33.99,23.51,0,919.2,0,1
107.35,75.66599493375894,138.49,1,998.83,0,0
107.2,151.22609405554186,240.39,0,975.98,1,0
68.47,10.83,39.58,0,331.56,1,0
96.77,83.77,109.63,0,709.24,0,1
74.38,33.38,110.62,0,418.25,0,0
178.94,44.43,117.55,0,830.61,0,0
44.82,75.66599493375894,110.25,0,876.76,1,0
298.48,17.78,136.3,0,1157.62,0,0
157.78,38.77,69.37,0,551.94,0,1
166.82,90.46,108.31,0,960.59,0,1
252.86,17.33,21.25,0,994.76,1,0
134.54,18.39,133.09,0,593.86,0,1
47.91,72.88,127.21,0,602.53,0,0
115.67,11.41,87.7,0,504.51,0,1
101.96,99.98,84.06,0,740.03,0,1
173.71,151.22609405554186,119.87336369400884,0,952.54,0,1
94.28,114.52,108.53,0,841.96,0,0
70.98,50.84,31.5,0,500.98,0,0
150.2206197600939,74.56,140.86,0,629.78,1,0
101.75,117.44,136.01,0,921.83,1,0
89.4,61.5,133.85,0,624.99,1,0
112.16,151.22609405554186,45.15,0,615.16,0,1
110.34,85.08,151.45,0,786.44,0,0
150.71,46.59,132.68,1,793.75,0,0
76.58,53.53,58.17,0,464.01,0,1
43.09,108.76,248.4,0,925.97,0,1
225.02,67.99,16.18,0,1051.88,0,1
165.3,148.82,71.88,1,1087.06,0,0
116.45,94.12,74.5,0,751.65,1,0
286.7,24.99,123.1,0,1116.23,0,0
82.15,18.0,119.87336369400884,0,397.66,1,0
177.4,42.73,172.76,0,712.6,0,0
192.37,10.13,118.44,0,746.16,0,0
39.89,89.46,194.72,0,759.15,0,1
91.73,75.66599493375894,119.87336369400884,0,602.42,0,1
129.7,93.48,104.89,1,861.51,0,1
229.7,54.49,114.33,0,1011.4,1,0
178.73,56.44,102.2,0,694.52,0,0
120.19,141.61,206.32,1,1145.88,0,0
236.11,52.09,103.02,0,1064.26,0,0
97.06,63.35,61.64,0,609.29,0,1
214.28,51.72,13.08,0,957.09,0,0
277.09,51.39,22.33,0,1199.12,0,0
38.79,129.7,93.4,0,825.83,0,1
180.26,123.5,69.73,1,1008.1,0,0
227.88,15.01,40.63,0,901.02,0,1
70.15,59.43,144.48,0,612.78,0,0
232.87,97.26,127.28,0,1195.03,0,0
150.2206197600939,75.66599493375894,67.83,0,614.72,0,0
185.89,121.94,148.58,0,1088.55,0,1
215.8,93.39,42.09,1,1150.55,0,0
174.78,56.22,221.18,0,820.06,1,0
198.72,98.03,14.0,0,1075.14,0,0
29.14,75.66599493375894,142.05,0,861.11,1,0
272.01,35.95,119.21,0,1168.42,0,0
196.38,107.75,177.75,0,1063.51,0,1
273.85,56.6,53.78,0,1198.57,0,1
279.78,69.72,50.3,0,1257.41,1,0
93.03,116.47,99.74,0,878.03,0,1
43.01,84.19,64.45,1,590.59,0,0
83.69,78.15,117.31,0,615.15,0,0
48.17,102.05,213.74,1,861.66,0,1
93.19,103.01,60.63,0,757.64,0,0
33.32,37.89,173.07,1,476.92,0,0
272.1,35.58,59.8,0,1154.86,0,0
52.3,80.63,139.07,1,545.11,0,0
128.42,75.94,42.71,1,779.85,0,1
50.79,75.66599493375894,237.26,1,860.13,1,0
101.72,27.19,123.44,1,477.75,0,1
171.6,89.71,88.54,1,852.06,1,0
58.21,146.39,195.38,1,1082.5,0,1
35.98,132.08,119.87336369400884,1,945.53,0,0
56.19,54.81,119.87336369400884,0,544.81,0,0
208.97,99.89,62.98,1,1143.64,0,1
73.38,65.47,115.88,0,545.08,1,0
150.2206197600939,69.27,109.93,0,662.07,0,0
35.8,71.3,145.43,0,607.43,1,0
70.91,31.21,102.06,0,385.13,0,0
108.01,71.33,145.07,0,659.05,0,0
256.77,86.51,81.13,0,1257.19,1,0
276.18,75.66599493375894,106.13,0,1179.25,0,1
284.44,76.99,20.29,0,1308.01,0,0
36.51,118.68,239.64,0,943.71,0,0
247.63,36.1,119.87336369400884,0,1033.73,0,0
138.29,89.94,131.82,0,825.35,0,1
130.16,115.94,66.3,0,871.25,0,1
213.2,48.68,125.41,0,952.48,0,0
139.06,73.84,21.84,0,772.9,0,1
59.62,21.94,162.99,1,433.83,0,0
144.0,121.84,248.7223,0,1122.42,0,0
98.77,127.67,176.07,0,1014.96,0,0
127.49,95.6,119.87336369400884,0,822.98,1,0
68.33,128.97,248.7223,0,922.31,0,0
269.92,81.41,78.55,0,1261.23,0,0
150.2206197600939,108.58,158.5,1,862.31,0,0
279.6,50.44,141.89,0,1213.92,0,0
118.2,97.88,138.18,0,838.03,0,1
93.31,40.07,248.7223,1,537.5,1,0
127.31,50.05,166.64,0,652.01,0,0
97.11,89.31,214.05,0,865.5,0,0
57.1,123.38,56.24,0,762.51,0,0
36.46,130.21,108.11,1,857.89,0,1
245.78,13.62,54.84,0,954.69,0,0
184.99,87.25,129.2,1,897.07,0,0
88.94,35.36,150.87,0,512.11,0,0
169.65,58.55,149.5,1,738.17,0,0
78.05,44.75,41.88,1,513.31,1,0
90.07,57.84,61.77,0,570.24,0,0
173.98,11.45,136.08,0,686.38,0,0
126.23,30.59,133.42,0,612.94,0,0
150.2206197600939,51.92,110.86,0,513.53,0,0
81.58,118.42,119.87336369400884,0,971.73,0,1
187.59,21.12,119.87336369400884,0,530.24,0,0
112.81,144.8,164.24,0,1077.25,0,0
68.65,73.25,133.25,0,532.99,1,0
58.18,64.8,58.04,0,469.25,1,0
34.62,69.65,208.66,0,666.53,0,0
191.01,33.3,32.86,0,837.75,0,0
71.37,147.08,75.93,0,929.42,0,0
199.38,55.3,123.35,0,731.08,0,1
69.81,75.66599493375894,208.5,1,1082.59,0,0
62.22,97.01,206.02,1,864.48,1,0
264.33,10.46,102.96,0,1014.3,0,1
190.7,87.28,57.88,0,1004.21,0,1
177.53,32.21,102.97,0,765.09,0,1
168.4,87.59,137.74,0,957.52,0,0
196.71,36.6,112.26,1,660.91,1,0
128.06,111.79,89.81,0,852.04,0,0
150.2206197600939,69.39,162.52,1,704.24,0,0
30.39,41.71,199.99,0,510.27,0,0
199.83,15.99,17.71,0,818.84,0,1
242.88,36.87,41.09,1,1054.37,0,1
150.2206197600939,100.01,133.02,0,696.16,0,0
145.17,21.45,141.65,1,677.24,1,0
159.01,128.36,108.69,0,1013.22,0,1
83.39,75.1,24.5,0,610.46,0,0
150.2206197600939,49.79,135.01,0,781.76,0,0
146.79,111.09,92.0,0,896.55,0,0
79.21,86.14,160.04,0,763.82,0,0
142.93,67.31,231.97,0,847.77,1,0
53.21,75.66599493375894,18.27,1,409.02,0,1
75.42,30.53,133.3,0,448.47,0,0
136.04,59.81,117.49,0,666.13,0,0
55.86,30.09,170.61,1,487.28,0,1
154.14,95.93,127.74,1,963.85,0,0
179.02,151.22609405554186,107.05,0,707.4,0,0
129.03,142.12,57.34,0,992.19,0,0
158.55,29.09,74.25,0,697.01,0,0
264.27,31.47,29.07,1,1101.8,0,0
258.79,64.61,41.49,0,1172.56,1,0
53.23,110.81,248.7223,1,973.9,0,0
38.38,90.05,99.66,0,630.4,0,0
150.2206197600939,39.14,177.6,0,616.14,0,0
95.38,37.85,119.87336369400884,0,594.18,0,1
94.42,60.38,128.83,0,618.59,1,0
150.2206197600939,75.66599493375894,45.72,0,403.4,1,0
128.33,32.04,119.87336369400884,0,532.34,0,1
94.48,75.66599493375894,51.92,0,573.24,0,1
123.76,148.79,94.5,1,1069.47,0,0
107.43,129.03,156.72,0,1010.62,0,1
78.41,97.53,137.13,1,770.63,1,0
133.26,50.11,142.37,0,643.11,0,1
150.42,15.5,93.76,0,594.26,0,0
88.41,28.83,169.05,0,496.71,0,0
217.75,81.11,64.63,0,1106.12,0,0
150.17,66.67,119.87336369400884,0,795.0,1,0
298.4938,49.82,55.54,0,619.62,0,0
187.66,113.38,202.7,0,1096.29,0,1
47.96,30.43,211.96,1,528.54,0,0
29.57,40.39,130.89,0,438.74,0,0
155.25,77.92,80.33,0,833.82,0,0
29.13,146.26,77.91,0,862.24,0,1
180.52,11.91,108.66,0,691.44,0,1
127.9,48.49,156.08,0,637.76,0,1
235.48,84.23,109.44,0,1187.4,0,0
243.62,75.66599493375894,42.72,0,1077.24,0,1
66.06,117.37,240.32,0,981.0,0,1
172.07,135.81,56.37,0,1013.08,0,0
80.65,29.13,181.12,0,504.17,0,0
150.2206197600939,18.77,53.04,0,441.26,0,1
73.22,65.6,17.84,1,575.94,1,0
83.54,27.98,110.34,0,422.55,1,0
69.99,51.03,248.7223,0,440.88,0,1
118.36,42.69,185.76,0,645.16,1,0
140.52,137.59,166.91,0,1096.46,0,0
107.92,35.58,80.48,1,559.61,0,0
154.29,15.51,57.01,0,644.0,0,0
107.41,54.43,198.18,1,706.58,0,0
66.76,74.79,199.01,0,725.41,1,0
212.08,27.32,72.83,0,864.16,1,0
150.2206197600939,53.4,73.53,0,895.04,0,1
21.87,102.03,133.48,0,704.62,1,0
268.66,88.47,94.63,1,1335.39,1,0
31.91,53.93,119.87336369400884,0,466.73,0,1
131.16,149.59,191.91,0,1184.95,0,1
238.75,41.79,147.21,0,1056.27,0,0
99.21,60.75,127.8,1,635.41,1,0
53.02,73.55,152.95,0,639.93,0,0
168.92,59.66,159.24,1,788.37,0,0
150.2206197600939,17.18,61.94,0,412.92,0,0
193.75,96.49,111.2,0,1073.28,1,0
99.85,78.23,158.92,0,728.37,1,0
79.43,56.96,61.05,1,532.09,0,0
143.27,46.18,113.66,1,625.51,0,0
238.99,67.55,142.61,0,1097.37,1,0
77.11,60.51,51.65,1,548.68,0,0
173.23,68.48,126.34,0,917.49,0,0
272.61,43.7,116.15,1,1194.25,0,1
245.63,61.92,130.4,0,1123.93,0,0
171.89,23.43,64.79,0,709.49,1,0
142.39,64.4,101.32,0,757.96,0,1
150.2206197600939,82.46,88.42,0,775.75,0,0
156.19,44.27,248.55,0,780.36,0,0
83.32,74.6,56.4,0,578.29,0,1
53.25,22.25,22.33,1,316.68,0,1
91.94,94.1,136.44,0,792.16,0,1
100.36,45.14,30.47,0,562.51,1,0
57.62,93.58,141.23,0,570.09,1,0
64.83,41.38,133.39,0,487.78,0,0
64.58,73.57,74.43,0,570.31,0,0
197.85,60.7,109.68,0,958.18,0,0
126.16,85.07,224.7,1,925.29,1,0
272.96,11.29,100.06,0,1023.8,0,0
108.32,151.22609405554186,124.76,0,741.86,0,1
26.2,75.66599493375894,203.89,1,770.45,0,1
169.12,62.6,192.7,0,819.0,1,0
94.25,125.0,169.49,1,1005.72,0,1
236.91,63.11,87.31,0,1119.46,0,0
150.2206197600939,143.25,137.09,0,1118.97,0,0
55.2,46.24,119.87336369400884,1,632.73,0,0
152.9,138.21,77.38,1,1014.1,0,0
235.28,72.51,119.87336369400884,0,1123.9,1,0
156.89,87.76,56.11,1,914.14,0,1
294.91,63.0,83.27,0,1318.22,0,0
57.9,124.4,192.3,0,954.63,1,0
115.88,27.02,209.23,0,579.34,0,0
102.35,75.73,47.67,0,682.43,0,0
200.53,37.67,14.3,0,878.82,0,0
81.78,59.88,150.2,0,610.27,0,0
153.25,46.94,176.15,0,693.45,1,0
235.03,99.22,56.1,0,1220.91,0,0
99.71,119.3,168.05,0,953.21,0,0
189.61,77.9,85.63,0,1007.14,0,0
142.2,47.51,42.62,0,700.42,0,1
92.01,54.22,164.53,0,619.85,0,0
73.61,86.87,248.7223,0,866.42,1,0
279.32,44.42,21.67,0,1202.23,0,0
122.65,103.04,179.83,0,931.05,1,0
82.22,149.12,77.03,0,956.77,0,1
135.95,26.02,86.22,0,634.38,0,0
199.01,43.4,114.75,0,681.6,1,0
120.63,81.7,76.09,0,679.45,1,0
73.88,84.04,167.42,0,741.01,1,0
114.2,38.25,168.73,1,628.91,1,0
