x1,x2,x3,group,target
,31.574425395658764,70.99033154879004,2.0,50.79375633822886
28.617356988288154,28.14358672098519,63.869505243691535,,38.2386774367076
36.47688538100692,28.2082174262176,50.89445554880261,0.0,58.0620396765056
45.23029856408026,39.57169225284936,40.295948334416394,2.0,97.70334425406541
27.65846625276664,22.208411176607992,60.47334970420385,1.0,34.77159059333581
27.658630430508193,,55.90228078132624,2.0,38.7565089751859
45.79212815507391,37.73852108333509,63.42789830041598,1.0,75.7084908191977
37.67434729152909,30.29521365844009,59.52757702522954,0.0,59.03054891169594
25.305256140650478,21.60651097544256,65.74329072979003,1.0,22.530464997071128
35.42560043585965,28.449860137658625,41.97147182659148,1.0,70.22829566724364
25.365823071875376,22.101863262653747,69.76091098451488,1.0,27.02337088679313
25.34270246429743,21.440820875754543,52.96399407038599,0.0,27.305000783823147
32.41962271566034,27.07878321457847,81.12891308937898,2.0,37.812041619482386
10.86719755342202,7.4219905963255215,39.66218272865648,2.0,4.434811873296388
12.750821674869673,,76.03945704747875,0.0,-12.679306985792811
24.377124707590273,22.23133845310324,52.96866175193972,1.0,40.46763381438416
19.87168879665576,17.892769852406158,40.22872994578327,2.0,25.23460485509298
33.142473325952736,26.21599183746272,42.741712489185176,0.0,58.065921463509945
20.91975924478789,,45.1947903770852,2.0,31.080575204135876
15.876962986647085,14.998192785393599,56.36248919602875,,10.944773671003608
44.65648768921554,34.619203973590466,57.84253232053249,1.0,80.68622853745066
27.742236995134643,24.667621830624316,41.394499940921314,2.0,49.29230894729617
30.67528204687924,24.74874222195566,49.634681116085254,0.0,46.43235127182509
15.752518137865433,14.530837754371936,82.13405537917795,2.0,-6.032250027628202
24.556172754748175,19.346228528450915,75.91314755151066,2.0,25.368856657640528
31.10922589709866,22.833077811204824,56.54485504511048,2.0,47.70471021248342
18.490064225776973,12.461469716144101,50.570052172523006,2.0,26.760169790426467
33.75698018345672,28.789603049260972,51.80046990077392,0.0,55.35028187883414
23.99361310081195,20.91401613913312,59.20276959095625,1.0,26.655829284465725
27.083062502067232,21.21196987654833,34.658111522023916,0.0,40.99056090894886
23.98293387770603,21.662678713604876,46.139351938649824,0.0,27.769521953901574
48.522781845089376,37.92132444378805,24.97123889183616,0.0,100.15091221344646
29.865027752620662,25.253113992432926,55.98834683907919,,46.960351048505245
19.422890710440996,14.087424704349932,59.707939095541114,,18.850022148303808
38.225449121031886,31.187959537272786,42.75220306550939,2.0,69.89888735396872
17.791563500289776,15.217626317879137,73.6098014493505,2.0,10.134950373306983
32.08863595004755,25.554513826972517,31.613515054964882,1.0,62.85825391464819
10.403298761202244,,28.034376796852698,2.0,14.75880731270065
16.718139511015693,16.223004202792218,53.36677727839958,1.0,22.122171048323192
31.968612358691235,26.019536765841252,65.70647453918232,2.0,50.12455787485409
37.38466579995411,,75.25891537186803,2.0,56.16644176385539
31.713682811899705,24.697216680799514,43.1167360569659,0.0,49.877313538298345
28.843517176117594,25.57659795553052,66.18021250146944,1.0,29.621879970790253
26.988963044107113,25.823755828806846,49.422372957489394,0.0,39.291476673855655
15.214780096325725,7.989274081622288,47.41059050088771,0.0,5.286075591002966
22.801557916052914,17.787533717704026,63.25489906230008,0.0,15.149927048844086
25.393612290402125,22.738714701202884,59.78484317620129,1.0,32.77741157971643
40.57122226218915,34.07944815077479,,1.0,91.19464035233109
33.43618289568462,29.163047208074538,72.14810524588844,2.0,47.24358462473402
12.36959844637266,9.30618830598512,70.70137031221176,0.0,-14.379985831763497
33.24083969394795,28.427893314801555,40.61655947735706,2.0,66.72329843388037
26.149177195836835,21.915446145677148,55.93705300156114,0.0,34.997951280956684
23.230779996940413,22.081727120718963,57.41045279424108,1.0,25.88109041682378
36.11676288840868,31.208090141749803,53.910106487358604,1.0,69.39511995328037
40.30999522495951,34.938701265365985,41.7454226923187,1.0,81.56121639922824
39.31280119116199,32.592127080242754,39.92564948092922,0.0,76.21596531953193
21.607824767773614,17.391438604462586,49.61668893512832,1.0,30.60922365795807
26.907876241487855,22.006578429625435,67.59093528889048,0.0,28.61840117306076
33.31263431403564,29.104643451686886,58.15400231891648,2.0,60.07706601608544
39.75545127122359,32.95016461889953,44.44078501870841,0.0,75.6989860947943
25.2082576215471,22.006568692107862,61.57548065972517,2.0,30.785737647285004
28.143410233361827,28.07270029564843,7.27186069054887,0.0,73.00646637262994
18.936650259939718,17.83840212781214,67.23148550558156,2.0,10.22673625029083
18.037933759193294,14.680196630978616,23.904293318328506,1.0,34.77212056653767
38.125258223941984,34.808897334678576,44.563385878953014,2.0,78.08252091435664
43.56240028570823,36.211889496808894,33.20495158060784,1.0,93.24758268394795
29.27989878419666,20.811664896211454,30.579777864186415,1.0,55.57229945387673
40.03532897892024,32.0138570102474,67.41240181067779,2.0,57.90122620288187
33.61636025047634,24.832322370853177,42.98448198032163,0.0,54.872949765468455
23.548802453948756,19.313455117773824,55.197558225960734,0.0,27.022798692092223
33.61395605508414,28.608699405200618,49.29619131681224,0.0,57.31466114173428
45.38036566465969,41.9261854395113,57.15561240834682,0.0,81.0141570832357
29.641739608900483,25.849333415093735,51.15232836590383,0.0,50.99096571352174
45.64643655814006,38.36127001680133,30.755116637171454,1.0,97.77095944461242
3.8025489591025554,4.89097777760415,64.94400229170711,0.0,-23.842104446688978
38.21902504375224,28.06390066917363,42.593651252580315,1.0,73.20434237694884
30.87047068238171,26.711129196241586,26.651271520103734,1.0,64.03119135346707
27.009926495341325,24.50016790881406,43.578272585511314,1.0,54.6222988286783
30.917607765355022,23.32279410899209,72.51139685951466,2.0,33.360823232997205
10.124310853991073,10.89317231230627,62.753326131702394,2.0,-0.9477643663218531
27.80328112162488,24.309781768369977,44.77021798388211,1.0,52.06490809230041
33.57112571511746,27.704881030048238,44.76113443522357,2.0,60.823257716814126
44.77894044741516,39.32766311251545,45.17547423173926,0.0,94.46156626782496
24.817297817263526,25.63608886028279,81.15121975341262,0.0,18.052698134885482
21.915063971068122,18.99153688552489,55.7290317834733,1.0,27.256853791930467
24.982429564154636,21.73150630213211,56.45062470786604,0.0,31.697641417762497
39.15402117702074,32.36219620138714,65.45425181047763,1.0,62.793428647717
33.287511096596845,26.594695693177734,53.581837385397705,1.0,57.94687675913479
24.702397962329613,22.65770990106866,46.11436781268945,0.0,40.36158943775029
35.13267433113356,28.15060552964579,47.05475226372533,2.0,58.34737952153369
30.970775493480403,26.46829164389713,48.92598110878904,0.0,55.43063067401134
39.68644990532889,32.77816752599932,49.44166645235238,0.0,64.62099277943727
22.979469061226474,20.490508353535287,60.9144431545547,1.0,30.386020753023228
26.723378534022316,23.382195964492862,203.11675314843797,1.0,46.18536530432839
26.078918468678424,24.242160586892457,60.98960115823369,1.0,30.802371356023365
15.364850518678814,12.040090143167498,48.78925129837126,1.0,10.576004131631521
32.96120277064576,27.477272484462155,51.17952785474136,2.0,53.929174836389755
,25.761442381964446,20.026989732018386,2.0,74.00841508264004
30.051134566424608,24.65487786130869,63.74491512053722,,41.802346085676824
27.654128666248532,24.260610352400956,55.19732713846989,1.0,44.612226762403644
15.846292579495858,14.983325925862182,64.97015164789478,1.0,11.26746397211008
25.79354677234641,20.0801841081392,6.556169327094658,1.0,69.14958353445186
26.572854834732304,24.32613844973378,81.32562057171091,2.0,23.68061885793879
21.97722730778381,21.39191892922614,47.90615557767239,1.0,32.231155348732834
28.38714288333991,24.955941257286323,66.62274225106275,0.0,26.849806202048082
34.040508568145384,32.68802390803971,34.401411093117034,0.0,66.82781001804246
48.8618590121053,39.98500176208236,59.191608575938545,1.0,95.28228919449037
31.74577812831839,24.494602002447795,34.198766552395156,0.0,65.13061379593195
32.57550390722764,24.131737823334937,40.64346558956292,0.0,51.03099623275376
29.255540842338327,27.859298338965942,78.71047030800179,2.0,33.1372027998657
10.812287847009586,10.499175982666262,47.1397639885498,1.0,3.5218950880513025
29.73486124550783,25.163462716860742,53.26149309769584,1.0,48.33361546374968
30.602302099410263,26.571894037138364,63.05101596033131,2.0,42.92982475647763
54.63242112485286,44.18657986152818,57.43522831958907,0.0,105.34138708621342
28.076390352188774,28.75643575859411,52.256283577153646,0.0,43.16916728209864
33.015473423336125,28.32159477378616,55.47441503699338,1.0,54.57482935270343
29.652882302947567,25.423739546715215,86.05123377857413,0.0,26.810950462219644
18.313219623804677,17.01776992803136,49.13571804449622,2.0,23.82404651062266
41.42822814515021,36.176012386851106,53.016485700724516,2.0,78.57378682689537
37.519330326867745,32.339198826395844,65.75981594011418,1.0,59.745744752346376
37.910319470430466,30.64282263897527,66.58288899436975,2.0,60.51393018840938
20.90612545205261,18.71314334851671,67.8054545834057,2.0,17.309537957787807
44.02794310936099,,59.580953330437765,1.0,82.53556192023493
15.981489372077192,16.27510605857557,32.854926309042746,2.0,35.09590921905018
,33.67465855058109,74.50147298451644,2.0,57.41341438498295
51.90455625809979,,32.804819104719684,2.0,116.35018584950139
20.094636748693116,15.101231595871987,54.5395319785855,0.0,19.825553014824038
24.33702270397228,20.43489545817714,38.68586224970963,1.0,40.65125147065972
30.996513650876413,26.458486427822336,49.03792480110511,1.0,57.87610602630114
24.965243458838007,23.4088399769542,54.93143615455221,1.0,37.525101281228245
14.493365689338674,8.934431576508235,54.8203582317541,0.0,0.807623144597652
30.685629748060272,,56.32881131352927,0.0,49.45541179392725
19.37696286273895,16.15440263617013,74.20566903587971,1.0,1.6105894956814062
34.73592430635182,28.671773520504207,56.803014522709695,0.0,49.74038133062203
20.80575765766197,,,1.0,21.96669020845427
45.499344050175395,35.36472909891755,64.46130752432536,0.0,75.62206334380112
22.167467076637628,20.48868818306581,67.8420573338696,2.0,29.566085700325566
26.779384837943244,22.909113046628562,31.585882772945112,2.0,63.79476537126701
38.135172173696695,29.834974548160083,58.96100104774787,1.0,65.67039078311242
17.69135683566045,12.44749576618415,60.517591134663476,0.0,8.74001171273429
32.27459934604129,26.76184004555484,45.53654744960012,0.0,47.65377545750266
43.07142754282428,39.94875646197942,70.6356021996743,2.0,73.93039387412453
13.925167654387725,11.317209803502355,,2.0,8.450155876709815
31.846338585323043,24.063101891288373,51.88364680207313,0.0,45.36662268149268
32.598827942484235,27.21751762293971,47.40392263574196,0.0,54.05872730133303
37.8182287177731,31.600047270611793,50.23368571372201,0.0,64.4842804965205
17.63049289121918,9.59214567165316,33.55587369657197,0.0,12.317094849236039
16.795433869157236,14.167529055748027,28.399236761085586,0.0,28.934656082475037
35.21941565616898,29.47463424732627,73.91757594837458,0.0,41.28060133171385
,29.41678245210892,37.29557977522508,1.0,67.40046791640492
,31.32710141783064,35.129114758155396,0.0,73.92212440638001
33.46448209496975,30.697939839819803,,2.0,78.56718628287112
23.199752784215093,19.18201248547317,40.41557378465747,1.0,27.652871886733223
32.322536971610035,25.26110460838519,30.153653098887524,0.0,61.67935194959178
32.93072473298681,33.13783562953851,74.63022740204553,2.0,53.725058684727884
,19.54644981480485,,1.0,30.47851532164841
48.65774511144757,41.38694192855632,39.67774482233414,2.0,101.10734366509615
34.73832920911788,29.47932965353019,83.78653708016463,0.0,40.77526390943667
18.086965027973513,15.770089795313195,64.72648230487391,0.0,6.052486656089645
36.5655360863383,30.791984849539666,45.12752924737066,0.0,66.03044035435569
20.253183297726785,16.067881789307297,12.508914276896405,0.0,53.98884836821508
37.87084603742452,31.096501249330057,84.36413858886112,1.0,42.5240095248639
41.58595579007404,35.28255588113093,29.15641299854606,1.0,93.13013156200176
21.793176816482895,17.43735075174293,25.319018795646624,2.0,46.60069535591161
39.63376129244322,32.263005533222405,65.3385564801446,0.0,65.51748671796858
34.12780926936498,29.221498334344027,86.59628609508908,2.0,41.163566142596714
38.2206015999449,31.97755692511145,70.76409227765777,,59.350630903922884
48.967929826539475,44.63072632972393,233.83454720314157,0.0,91.66815103436419
27.546118839971296,18.112261397189577,58.92131512497929,0.0,31.60776785941182
22.462638356425103,21.27625630680626,62.80123338170462,1.0,23.527870586678407
21.104855703744768,20.43129773317831,61.38392884680148,1.0,25.032838477944384
21.841897150345616,14.418832112977473,54.21787135954064,1.0,21.283199612402925
29.22898290585896,24.159260281819417,51.56301655927814,1.0,47.92609512422546
33.41151974816644,27.65691005394989,49.06110308150716,1.0,58.478241491610284
32.766907993300194,25.036848404869524,38.690531166999854,0.0,62.80348025521169
38.27183249036024,30.975424241624452,45.78987384699839,,72.08768109755746
30.13001891877907,23.38936439003055,24.605647787069216,0.0,53.42894345976076
44.53534077157317,41.359580542684434,48.52490559807875,0.0,93.3199785212564
27.35343166762044,25.121773703772295,35.17113339273624,1.0,50.12016409601964
57.20169166589619,51.16454810600008,33.44616024176344,1.0,129.32837679435988
36.25667347765006,32.26151658408902,52.698412267302174,0.0,60.29568464889498
21.428424435837172,15.956057228027138,70.880034295169,1.0,18.90134728531321
19.291075019388877,15.348373233920999,63.774749090034696,1.0,4.729924635493278
34.824724152431855,30.57976465202291,26.442490945652345,1.0,89.89179122844654
27.76537214674149,21.156310706946375,35.15557795144494,2.0,57.14922996578367
37.14000494092092,32.99500106012756,64.11156781982324,,58.97352481239516
34.73237624573545,29.041869012558866,35.26268909692536,2.0,72.27876989300644
29.27171087343127,24.131312627317385,46.63050275004463,1.0,50.57117558616578
21.53206281931595,19.72417333282554,58.25078148536828,2.0,28.643489896608084
14.851527753141355,13.512325213142232,35.47483317704547,1.0,23.18980508505539
25.53485047932979,20.98269057579216,51.580632592189396,2.0,41.12119068970672
38.56398794323472,35.09804935847801,29.989617576226934,1.0,86.36797489973756
32.14093744130204,25.15767016990694,40.9794853407318,2.0,60.11854566159153
17.54261221288012,16.143091594836626,54.79672901213806,2.0,17.6223538766403
31.73180925851182,28.158240385671814,26.105093997024962,2.0,71.01698349280021
33.85317379728837,28.156104849067134,56.607121069405984,0.0,56.84701494510416
21.16142563798867,18.639477836774606,49.70543301609978,2.0,32.41706328094033
31.53725105945528,24.304436247766382,,0.0,31.907080401597803
30.58208718446,27.842828145204802,53.358712010969924,1.0,53.714678162249406
18.57029702169377,15.414948195553723,70.46210644960766,2.0,10.801668924157637
33.577873603482836,27.495746521922328,51.87836753971861,,56.98448880638444
35.60784526368234,32.36468692580377,43.558916883121206,1.0,68.53291576562336
,33.29724818590433,207.33785018193703,2.0,81.85821909712237
40.53802052034903,31.640394849569557,58.14947043554582,0.0,70.3452158884048
16.22330632042909,10.676552025316917,50.732901054885566,2.0,10.279596895331807
20.621749600848773,18.740507063412736,50.608875368058236,1.0,28.248489566262453
35.1503526720866,,39.47012468289867,1.0,63.28718002150446
35.13785950912209,33.3767689467225,40.05648623673578,2.0,68.73487476727283
35.150476863060476,25.71404651783396,28.960920923004597,0.0,66.53007876739682
68.52731490654722,61.64113040714521,76.24365114780409,0.0,136.52956739906426
35.70890510693167,30.77460427529715,31.342051469130723,1.0,79.98044234027034
41.35565640180599,34.9588817177943,39.60642203306139,1.0,87.191663529818
39.54001763493203,32.51917681607432,39.22389101646204,0.0,79.80533941485932
36.51391251305798,31.835097864803426,63.42386565416662,2.0,63.38702435778732
26.847307553596544,22.744942015707366,45.57575482561958,1.0,41.88422213434686
37.589692204932675,34.15784213822582,68.716131090106,0.0,58.901515417914226
22.27174785462428,19.159440973754716,39.897640636341976,1.0,39.595696733808495
27.63181393259991,23.78764536563368,54.18491243335703,2.0,46.652363766990234
25.146364521708964,20.647185419024908,37.46979420110364,0.0,46.11969998143494
30.818741393863224,26.082038937341608,82.17723691660083,1.0,35.474442791405004
53.146585666735085,45.79020135450894,32.18602371455731,,123.96921402061314
11.327348074082519,6.20790907765689,54.64731065340541,1.0,0.4685592644622023
36.86260190374514,28.63684077397194,59.50665321398148,2.0,61.31576315793087
13.872841288103483,13.27844328293339,56.20698646177247,2.0,4.67002279125197
25.280681342105666,,47.220685116834375,,36.167826505255654
40.889505969673664,34.38811340151726,48.05268950399861,2.0,77.73918852515317
30.642800190954627,26.08324802844222,50.657172079686646,1.0,48.53694722160681
19.222552220706937,17.03433279832424,47.79496997557267,2.0,25.67643684755863
22.846962907400318,18.340399110671548,64.45818675192365,2.0,20.786300697770933
36.79597748934676,29.71997141514012,83.15784502387027,0.0,41.85418062157196
22.696333682828634,19.683574140599703,41.637623224882496,2.0,31.011584752886634
32.16458589581975,25.38315245621672,29.452955306313832,2.0,68.92249346877404
30.455718399038137,26.703866150611358,48.67576927473118,1.0,52.65313299042906
23.48399652394183,16.556229836874873,88.69564006481477,0.0,0.6860620331210576
51.439440893253256,45.781836033916555,37.944881480454036,0.0,113.66469982383796
,31.83350665452918,74.58675208166102,0.0,53.05892769231009
9.74857413342393,8.798347482038091,75.1655122111466,2.0,-21.063600610166507
31.864543147694278,29.050243643431163,41.69617637438008,0.0,55.43279200604483
23.38213535231612,23.205763938393854,58.534746187779135,2.0,29.77561406690682
38.52433334796224,34.77442347580416,74.42594934692806,2.0,57.225599141963485
22.074792615672994,15.081825260658754,44.313083885187694,1.0,33.03831847941864
28.85263558533101,21.965586314059955,46.946294598464576,1.0,45.76069042207982
35.049872789804574,28.54275471594253,41.274786290770344,1.0,65.95531912629185
38.657551941701215,32.9111012508677,34.778649039607,1.0,73.3209457394519
17.997035929442237,16.33279858096415,40.26083682400989,1.0,28.47935342229474
26.654987641590516,21.205251869045007,31.64089599856615,2.0,48.122133258449864
25.25054688839044,21.836498384086028,50.51125202388839,2.0,40.0368122515125
23.46670767426288,18.435935658416803,38.450401534120374,0.0,36.87168273760885
47.65454240281097,39.28332543640543,53.50678867686121,2.0,99.47173039506251
34.049817109609556,26.12902234947168,26.66156530694559,2.0,68.57357013117792
17.391160456649548,12.936019895930308,54.96320348321686,1.0,0.8905360150930548
39.17861947054776,30.598457338732928,62.50293442413387,,66.29376417638007
,41.586581168652714,20.093965361428168,1.0,127.77240010720136
40.32465260551147,36.38323830790042,55.61084854771358,0.0,76.91856545016063
14.806300340459867,10.686557511727,,0.0,-3.9411408977790705
25.157659271337486,26.648774510311643,31.855384719631918,2.0,53.18790817338061
42.669111491866225,37.25538056984807,75.08858580256555,0.0,68.5095821032324
22.923305343812192,19.85448178963011,56.28528514049068,2.0,26.465627346416767
34.43819428146229,27.555749578880516,39.424822163623865,0.0,65.03946210687515
37.74634053429337,33.48500921296734,49.16346383513441,1.0,73.60372358898454
20.73069528421917,16.469815339110745,58.374903687825835,1.0,24.353982734094195
29.404746439382,25.23805410276542,,1.0,58.99738391630908
-2.4126734006907284,3.0693966859504704,58.08133988669554,1.0,-31.85949516719014
19.756123586657104,16.600585249209235,36.1898961038095,2.0,31.751757015155402
27.474318486068398,25.65171736572949,52.54041236054117,0.0,40.91377423898698
17.522168180351507,13.487490103047005,28.794282546425297,2.0,24.32577066996337
,39.305519102424974,48.33160907976949,1.0,89.98055269073397
15.698586220393674,16.88539955860564,36.44138537802815,2.0,24.952353820184385
25.59955513303016,20.5056877475001,38.9670508611535,0.0,39.05773410377391
31.307405772860914,30.236192022925632,68.54139762815656,2.0,48.050484123023665
44.412732890661154,39.16632682797293,66.36965180891403,0.0,72.08114253348849
15.641378488205607,12.17023816318623,59.137071813607655,2.0,13.109575206770995
41.63163752154959,36.651707371428195,33.61530852991132,0.0,87.75512731480065
30.10233061019587,27.532089917919947,45.25387325457797,0.0,51.77355078717929
20.18491348952049,18.400796390526807,68.19646549968775,1.0,13.664102866746699
34.62103474263271,26.28743009145689,52.12575370459857,0.0,55.32186013172685
31.990596955734702,25.73773306072476,84.7899430997254,1.0,36.17346147381004
23.997831228412053,19.903119273047235,55.89976759091558,1.0,27.100522139491265
30.69802084990019,25.944450864215067,52.880736747350475,1.0,47.24553530290259
26.1468640313824,23.466178621776393,45.363253036962476,2.0,44.75106007880293
31.13517345251248,26.820299436502115,52.00311357173423,2.0,48.596229870440965
36.62130674521047,28.457422016008696,47.712952454291845,,64.62522904432558
45.86016816145352,,,2.0,85.03782588156308
17.62184501173151,16.19973975053943,64.35053475191876,0.0,11.186322668301862
51.330333746562665,44.75036458044034,38.21015809238076,0.0,110.79407932678836
10.479122004774982,11.068815155167979,30.031505696633328,2.0,16.579809475736333
28.482149049644168,25.87767100129535,22.456919403450552,0.0,64.48721239712688
35.883172064845766,31.419056413575774,57.619869903688155,0.0,57.7454513931301
32.809918677350325,,33.449500907391894,1.0,68.52330198205844
23.773004801794063,16.88513221449297,17.706641105712755,1.0,49.95115596111534
27.918777496427246,,55.82867906796446,1.0,42.94921902959439
25.069990653411672,21.724867429726142,87.39499276149186,1.0,12.9103335755531
24.106352430557884,21.03355724036495,49.9089363269016,0.0,22.621005462085975
38.496020970210246,30.16812067303809,62.577361616774624,2.0,63.36061273330273
33.57015485965047,26.372518549886376,51.22744037821347,0.0,59.116073759740274
23.07090404739346,21.716574146950247,48.51665520213286,0.0,35.667412505250105
38.995998754332504,33.06748863346932,63.786147244816526,0.0,65.54343911939567
33.072995208766095,29.47504732219643,45.64588183717023,1.0,66.6159277506785
38.1286211883896,32.46596476239208,54.010884711078546,1.0,68.79898596245278
36.29628841923612,30.911357435342193,54.8254670929402,1.0,64.04752342029126
,20.33011001911438,39.978643195354266,2.0,35.91739532165569
24.398189598030307,19.706371701891012,64.88063524304785,0.0,21.45980323821956
37.472936051232615,32.04423719742969,47.37560364956887,2.0,75.32882077924867
36.10370265433465,29.763596678774366,38.66382260760733,1.0,76.39114597281016
29.790984060358518,24.453343996440108,58.047647653556055,2.0,45.2454072105838
31.17327383308782,25.878938511187364,36.52298027313444,0.0,55.68839233634039
42.77664895788425,36.80441915746904,50.42271736053692,0.0,79.87042678501801
24.084286111641703,19.51414595156849,49.86321505033695,1.0,36.40134432288101
35.470973811700375,32.66183999109236,66.28843348747367,1.0,50.69492949602544
27.97807347566106,21.992147849872893,57.12047349319929,2.0,31.69645741260699
27.823187967727797,23.27596648424591,49.624595618822845,1.0,42.053203408471326
40.9877685198719,33.96014112534276,62.266494488004305,1.0,65.0993639521187
38.2541634898803,35.40999473510572,70.8531132352597,0.0,56.18206081163462
38.135096360006386,32.80794145902858,58.36715459527793,1.0,65.55890672870058
43.05478807154329,38.66025893974907,50.15528929765071,1.0,83.3866843598696
30.210038416327592,22.70741190780451,30.322456514747607,0.0,62.43113609544815
36.81952971294964,,34.02329505386941,0.0,75.81578621836813
26.89733243406544,,45.421629434679986,2.0,49.54191290313537
33.24166352488442,28.41998197470261,40.85731696761076,1.0,66.38741651763146
28.698569456323153,26.52474478800538,47.19543045521831,0.0,42.65710458633245
30.969959649927183,25.28988880223736,50.849748873456605,2.0,57.153425117489675
35.95157025436914,33.37752959658493,57.94539131535096,2.0,64.68231115943847
21.817793167665275,23.142920439753986,48.94251832911363,1.0,36.417067569072756
50.92387275685461,42.559614722447094,57.297524657393026,1.0,94.30068048594426
19.93982618500298,,50.9671162221518,2.0,18.548444828655917
17.85811387212268,18.08616574553968,20.368001504691932,0.0,39.4729118700915
41.581108735000676,38.503086716211996,35.90996909271868,2.0,94.45843041635088
37.91662693962936,31.183412844378417,47.83868666417577,1.0,67.00358183533793
36.24119817052155,29.9646448107516,31.854578857383387,0.0,69.61093739708642
36.2834550926428,30.277367611025362,58.998930949943066,0.0,61.6622305843731
29.877532271530853,22.707001408732673,72.96126248515546,2.0,30.681454294052358
21.027456285141685,16.036033949402036,68.28142777545975,1.0,20.883687015464876
30.758045581937264,24.13605721114254,46.79835693604688,2.0,50.40543643729576
23.228382884878883,18.20853032193879,72.36089205274928,2.0,22.33579895331087
39.75119733417751,33.71914795927732,52.23001185803167,2.0,74.24690734705416
28.529426184978615,24.718441722304863,44.94371043322941,,49.04608814742761
21.745028032074885,21.584274812891806,40.7989600468859,0.0,31.911065752749106
26.786141583470066,20.771512264471973,,1.0,41.98047144237488
34.12931454275624,30.978562158295972,44.17734772188157,1.0,65.97074018788156
24.36275447196025,20.280363612715195,52.55624333563232,2.0,31.562789476466854
21.777796044335687,18.41219921838047,209.63443886299189,2.0,32.28914372857838
32.436872114919126,28.920980282014465,50.04569030230122,2.0,57.334983613400375
32.44966571108723,25.336771811299545,56.55407254619525,1.0,49.36564972104938
24.9305682462887,21.955802501713496,67.85969412179512,0.0,19.942031123350684
25.28961694381677,21.829078818670364,64.24331203161985,0.0,16.37215958152037
32.32049937357636,28.457326995556205,27.726530473251447,2.0,71.3884638340865
15.519156585026758,13.76962038508838,11.691182976470678,2.0,47.96289210019696
15.925362256234447,18.447158197621068,64.01479866858911,2.0,14.997632389519604
22.81555778747564,18.11774415085166,29.496819523768682,2.0,44.59884052002386
27.865528482881526,22.62370530044566,46.62851897160975,1.0,44.49061133978893
33.10907565598005,26.896433254733513,32.448304609109606,0.0,64.42400691580667
44.753562169495524,36.92957360575068,22.970293436299706,2.0,107.19932854918858
,31.515332542604128,58.12194092307182,1.0,61.20525669090161
28.40061470036573,26.51855555752597,61.387327404539704,2.0,47.61269679838335
29.809837920973113,28.179370728806855,41.35234398909921,2.0,62.069260781983225
19.97470635362191,,11.134365617826354,0.0,46.39990200042707
29.8148686400761,23.677927197856228,41.806333276212754,2.0,56.647001019718836
27.113413610798617,23.98923268195163,55.877060081038195,0.0,36.94668449534703
33.227185603380896,27.138661674311816,27.81632646838807,0.0,70.2353786558007
21.72769056447677,19.734400615316275,52.750398796687335,0.0,27.587820826795948
35.193465142411725,30.320291412752564,49.77035226240507,1.0,62.35812532661127
45.32738913002578,35.49679253052744,58.689372494016325,1.0,79.02838312352371
28.912398515431423,27.67054914077683,51.7937055262123,0.0,46.27701341979628
34.01711722098941,32.50630498403204,35.40396588677667,2.0,80.44018655732454
36.90143991711113,30.140646548575685,67.94857252496737,0.0,47.82360192692213
25.987795281141636,21.314222869098423,47.62205640459545,2.0,36.51749718247649
32.24092481810417,27.97651687683835,49.590431907351025,0.0,54.11731408227747
30.12592400781795,26.275948986619305,144.00392245560823,2.0,61.47797974111253
30.97676098548832,27.647335383010734,43.35076623212734,1.0,58.32367853679388
22.269902161445337,22.949825914761234,36.727959289596484,2.0,44.67970443176283
30.245101742589426,25.354442026212915,47.405809101148655,0.0,47.92388648102419
34.979982912454496,28.136390986509415,75.67562720213516,1.0,51.840798563403794
44.51143607795042,35.076082210228805,29.421482856029655,2.0,92.63255330199283
39.59270826085207,32.19194194184042,25.796579031848882,2.0,86.44768709895978
51.531824575115564,43.73579694310063,,2.0,93.46594949595995
22.326524371119504,22.566661442487153,46.86014484272201,2.0,30.80889701600368
38.723206367206785,31.879502814053424,39.963908920101254,2.0,78.71156102383125
31.833420057383517,27.505982952053788,65.59857031094114,1.0,52.34227923648613
51.89802933217672,44.08047914020471,40.91576690394704,1.0,111.62296983491795
21.917017146448487,21.006251121377378,77.39014570320404,1.0,15.844973073799233
21.60278157819224,23.416229193210647,60.16888807008904,1.0,21.817621211891872
24.00607354555978,19.34342496788517,42.68132887781446,0.0,32.545771894257676
8.76104275690193,6.468007458330196,82.35962319898255,1.0,-26.325475765764626
,23.119404069851676,40.914276154949924,2.0,44.52444719261793
22.40867338446302,20.41115535604619,61.13143058013961,,32.15336874440633
31.503937864762076,30.471761836519832,54.48938870609738,1.0,56.668804828681665
33.41755975777159,29.572782164757783,69.52611934098198,2.0,45.60560807993356
48.761708392158866,40.72886795176092,73.42266795090279,1.0,84.35947460565714
39.5042383818605,34.759912285966045,50.4800622359865,2.0,79.09639979711359
,22.81372608803539,38.69873194480725,0.0,45.489444664509314
21.01585328651642,19.504439655933687,56.89958214408675,0.0,27.56494506589132
34.919191715065054,,39.834269453718406,1.0,65.51988156559247
16.797667929793576,16.41136711950285,80.20080871289935,1.0,-3.357882591399963
48.31458765854354,43.405990690653354,52.04802996624106,1.0,92.7725199915633
41.79440120721287,38.289559008206,44.52017673031837,2.0,87.04233980574962
25.308243478952953,22.809426732289296,52.77020458797362,1.0,39.286633066176854
12.868654709091224,10.604120342093832,29.793105657054554,0.0,18.78076145637233
43.538723741654124,37.30134255327265,35.42578942234023,2.0,95.38163328494856
28.85460154747382,26.93942924836946,68.00620861916639,1.0,37.10065384446619
42.378163119734616,34.387567309799955,40.14658581542906,2.0,88.7485846740798
14.055723412056329,12.684711517993682,34.296335259770906,2.0,17.798169745513075
24.006249770462272,19.61863468023821,58.049791287909294,1.0,37.39630091308
30.052436997181832,25.60206109347419,67.78556231994496,2.0,35.034260078614864
30.469805937647422,28.456238772214903,60.784299659976,0.0,44.72464810235607
25.499345285207564,22.056641628466238,64.94071528708724,0.0,34.87979468365944
36.228499323474985,30.887097521266032,38.64807367145809,2.0,74.84804172675952
19.323795706174057,13.705514068288108,28.672839998872345,1.0,32.15393479324321
28.576205149787064,25.782281509373448,72.5200047793323,2.0,34.69943806921173
31.20295631711899,27.81348123183329,45.15980241736796,0.0,53.38000630199373
35.14438834058749,34.199239536110284,46.23750475317429,2.0,76.78810564235829
37.1161487808889,30.933169993849564,69.92291212773587,2.0,48.84772587810508
18.753579081621307,16.378842874705988,58.343450141009896,0.0,19.62506565473311
14.658858292643778,12.958796916168723,56.83831658122411,2.0,3.2500435927756026
42.77676821898509,,82.47503517351626,2.0,67.0101959642236
33.323140119795916,28.13407803705262,40.347226544297854,1.0,62.377008841206646
22.515134634434464,19.695907490809972,63.917601921218555,1.0,25.257211010062758
45.51151975522523,39.90058481137452,50.855196873456265,0.0,80.92564635803375
31.156746342928585,26.856452637802015,54.02888418294886,0.0,49.68431094585173
,34.63115883544147,72.92702639618798,0.0,70.73641492048083
30.67518481410109,26.46208707778254,57.61753634434436,,42.007993210408394
50.60747924881987,45.16362086121643,58.07444118574449,0.0,97.65488138196545
47.55340842443204,38.36736656194512,66.08761005964703,0.0,77.82627032275363
27.510358515209266,23.649744086221627,44.52570905685672,0.0,45.791538395634255
39.71570950954356,32.358111453233676,37.4118549899149,1.0,81.2400555408028
36.45375949585147,33.37578882932344,34.327862089684494,2.0,77.49231214893581
43.68631557532349,34.08699442945742,20.504651159359973,0.0,98.96236146596227
20.350765394198955,16.180306890525937,80.84310694910484,2.0,14.905182180715538
36.86051459998439,32.08586116011577,33.451874514174754,0.0,74.39146144866206
40.58424486849588,37.627656196690175,46.68119564621342,2.0,86.78684572117841
12.412605135768857,10.419213843257552,45.84780050166619,1.0,2.03820957083137
18.16741487334225,14.331903588954514,54.61110046713651,1.0,12.007654214521171
9.607678222398995,11.928840627920327,62.23605818808945,0.0,-7.422232435885677
27.305931655554424,20.314014106388772,62.90710232539618,2.0,40.62549239465401
37.17542255795962,27.201497261025516,41.25383842146592,1.0,71.06725848151336
45.02357052096028,39.1500638429229,47.49317429320383,0.0,86.5293476983442
30.740947804197752,25.12569718486287,54.2386992573245,0.0,45.40077958123127
46.286155455712915,37.30076650309455,46.2696331072468,1.0,87.1223588728414
16.198985417851084,15.185850499772128,74.1101836402999,1.0,3.777390323168404
12.966175606448452,11.508850693023582,57.36462427457377,0.0,2.8076393998778126
29.444523011033812,23.89968729790528,61.02316679074726,2.0,41.08759858219494
33.840654489393074,26.203947518642323,59.94321903001119,2.0,51.65063083864091
29.67305251905907,26.967009297760498,270.40843144911946,2.0,43.18405110353105
9.325578999601234,9.227144505578371,52.7153233805556,,-8.285600718192988
29.108799604872114,24.54412793658253,30.547520780662303,1.0,58.89251150479342
16.95530499495147,18.10528323780408,55.99531927628962,0.0,21.61599949582861
36.69672548830039,29.052047132403025,40.22964659312257,,70.0750575392459
33.66598246096848,25.565034749973726,42.07074977375365,2.0,61.931489232382546
20.60120213672645,16.127205676454995,58.7954602813264,2.0,18.729205563580635
24.861330826633065,,68.57424607150453,1.0,28.51947898397095
19.407864781110483,16.983363962589294,50.319073651040924,1.0,22.30284328883227
29.37320902726828,24.484755557465377,54.63249518898446,0.0,39.53106698412537
39.551423205012384,34.32282051728912,75.53322416952857,2.0,67.04838186195741
20.142739536644562,14.61824975776699,53.61129769232853,,22.924989350607934
35.040465155178445,32.6719245900482,89.02524671270592,0.0,36.66072711978622
24.69742381627559,20.828507887049113,58.482644684473165,0.0,20.645273351513907
22.071271677376558,20.995172588946332,23.588558612662734,2.0,53.50086394107956
28.92969640045442,25.275692633141666,61.30012431656799,0.0,35.30298299766466
19.647576775806257,17.613946697742886,55.71737577324167,0.0,20.95026715712594
24.463506946528177,21.933515465013357,69.34629131124119,0.0,14.286286364670682
18.021221074111516,,60.097720269049375,0.0,14.542064654894824
49.64725132916389,43.48560914952439,47.92316024024339,0.0,94.9035167657978
30.352635519717285,28.458045252024554,31.635526455659512,0.0,64.18872526518362
23.002744920074143,19.94537552146596,46.86465114070962,2.0,36.29408041237278
32.13979910734222,,37.2421931868605,,57.55371788428924
28.876719503091703,24.365740189053493,41.29214825292916,,50.50382707224859
27.79030400466777,26.50199283486655,58.82867606630914,0.0,41.322408947823206
36.14166700043425,29.367632346250574,75.0485675652711,0.0,46.88030698570544
37.57507710047305,35.54069640122373,55.920072947344714,2.0,73.40737369543595
24.694988523894725,20.91042434402183,32.06175406947224,2.0,56.93907114900875
24.2418175935532,17.743994750284124,56.66904002330211,1.0,22.346476482826002
27.24948302848356,23.418269404032603,67.94947229968477,1.0,38.82467883496339
6.980788352644151,4.571566784797766,40.85325643520927,2.0,-2.4147009699552444
14.848089378014478,14.302163069289755,47.989742499906235,2.0,12.20952594955059
43.66874267444525,35.81318331467368,50.22032292093795,0.0,75.38215354168904
46.449677135012834,38.58985869833135,38.2265253037664,2.0,99.64789492615336
27.509639604436217,19.604112201879722,59.72420650765788,1.0,38.01312881278005
35.765569630557664,29.49612154747586,48.18577777088328,0.0,61.50287158369197
33.112501545435364,23.297867660362147,56.292986658605415,1.0,55.839411401935735
60.78880808455238,48.502681224898076,36.6876173329685,0.0,125.25499449461519
41.195749114345766,36.537216059482496,43.438125495148846,2.0,85.92461177088309
28.720824085192334,25.98430078971515,60.83572036741657,1.0,36.57234806598741
20.444595593995743,18.22882137846631,44.4075027186235,0.0,28.016237209137792
13.935536797424277,9.911253991552208,75.90445776850108,0.0,-7.99103027295075
32.03463635867223,27.134018192587437,44.005457215780964,2.0,58.996640314745925
22.436492547156966,19.063813586902285,53.37027088627829,2.0,20.104100854819084
15.777462904023258,11.094114090034683,63.98886247809635,2.0,5.786611008601248
,23.010927087472826,28.724514006004526,1.0,50.58376826569139
19.18451996385605,18.061566550428985,23.587867820288363,0.0,38.252004158000744
46.871416350725646,39.39877555045747,27.11515528144858,2.0,113.50148302513736
38.816397569494505,33.04770961205939,68.93876155140774,1.0,56.96498262650274
29.920273586833826,25.848998164703858,41.7221278116133,1.0,57.80817853936818
44.79944138890026,33.99605544371664,88.37298928502378,1.0,65.98168087826308
30.773683076476182,25.66327584996356,41.53628602013917,2.0,51.45345585451477
21.387157986717362,16.81511579271416,52.768269547955555,2.0,28.248134164436575
45.23124077269657,36.44331463700226,73.13164928851813,0.0,68.31950766701429
35.38910043684659,29.518534785547693,80.09139332238684,0.0,41.8861354074781
19.627538456735437,20.278780741924166,80.92255364954596,2.0,11.417645634281307
28.096613219163917,25.16380695882335,68.12549345889714,1.0,33.39711972564357
21.24381746615243,16.91488686666397,65.36093788717193,1.0,14.542874570122347
16.17200269035664,14.891367849515458,58.88790423801775,1.0,10.315703034347314
