x1,x2,x3,x4,x5,x6,x7,x8,x9,x10,y
0.2903481666479147,0.22187759952917768,0.14199125844982033,-0.05493486620291775,-0.4519509798535085,-0.44606937845883377,-0.25961403134577454,-0.5736696908584189,0.968245592371294,0.2532045102953498,-0.5309649326863973
-1.024242018507939,-1.0746808071171154,-0.9846051086863506,1.1326898205195888,-0.6658777111204364,0.980190871671822,0.9698044873917454,1.1634958143064738,2.417805536116446,0.8952184022261802,-8.248149641390201
0.8160934738398508,0.7404970283961629,0.7174287471732701,1.2645398093380364,0.43400982345010697,0.28117316564347944,0.8742776789190644,-0.30620207897154783,-1.3895233522181258,0.2733212565368742,0.15481038360586574
0.9090654226132481,0.9238788833208662,0.8362685740909829,-1.4217636493445729,0.25185441529500513,-0.697557206596308,-0.9819098459508032,1.1044950252055679,1.4581708074791095,2.238831666414424,9.341360250187693
-1.9093418081952673,-1.7504969402927393,-1.8209880318290121,-0.3123554416558699,-1.4047915476103274,-0.8659398838322859,-0.8555264529085758,0.4289653911271988,0.07013551836612739,1.4297874524704182,-11.609980416418987
-1.3234466102155484,-1.1490721594918354,-1.2393828023485371,1.3581210958672605,1.1226782545637386,-1.6474962990474387,0.10870215281340967,-0.34284465290983673,0.8061002168001363,-0.3075277647170156,-7.508647019913477
0.11843702978103494,0.11087009048642732,0.04382265640928597,0.5080791051990653,-0.09419457535083331,0.2907331778668224,1.7261323746695099,0.47969053059753036,-1.647777141104471,-0.31802743380706927,-1.4897784872691415
-0.24988106898165635,-0.39996693303527264,-0.3725692959751183,0.19526303147977275,-1.1109310952157205,-0.3545875472513581,-1.9155651644689942,0.3204495138460378,1.4680818226652972,0.4696967194853532,-4.6007908887238935
-0.17624598718862125,-0.04148962738994618,0.21304224597374627,-0.21768469343465674,1.188784114353874,-2.3721955280635143,0.27833293957050426,1.020882821002474,0.7865167513318304,-0.8380191804256851,-0.7048340941687032
-0.956761713819561,-0.7930132356100591,-0.7379884276976666,-0.38380092570774543,0.625675571596154,-0.5357148727694001,-1.3760433315731482,-0.5483455378650185,-0.038910034786217525,1.1662883065324867,-3.9521742297404705
0.7608231430674028,0.8192614164885347,0.8801340828170195,0.2882190630903242,-1.2645419919479142,-0.901034029254952,-0.6343309935255456,0.041206066781619685,0.6451126876611214,0.3616005218435837,-0.6202646732368795
0.591102645841084,0.6926708100112884,0.6511049950741611,-0.25237412498448336,1.7771828402577243,1.5756775921706603,-0.3644284180642414,-0.061515679604637406,-0.7654953010422492,0.2564589108585328,9.76582211877919
0.011769542348801905,0.08295994788074716,0.04083196008648955,-0.04257862104444418,0.6587973683661927,-1.7027786118933097,-0.4205083434368909,0.7041481416397848,-0.5794400855816993,0.6869536677708163,0.1633413991636099
1.1871959189462522,1.0305625273067824,0.9431616881341941,0.07859870611503737,-0.010196115625046132,-1.4413507997340538,-0.5337959396592085,-1.0251791944441757,-0.46344461362539624,1.722829883369059,1.42303660182233
0.4447186169414396,0.3938885884414134,0.15558757453492084,-0.6780715284934992,1.5902188056217794,1.1099696431056998,0.007207060376370152,1.016977048237856,-1.852727861690278,0.17095535218750518,9.255777274063536
-0.84346925632789,-0.7914116129948011,-0.9111641442797012,0.5321293738814383,0.15929778382964058,1.3567631574639631,-0.5352555666305784,0.4663287721704166,0.8617584942033671,-0.11304037087138435,-3.5770987830938545
0.45588818381936225,0.3181538384680375,0.15081383767620948,2.9142446484154196,-0.02808307510403198,-0.7449829387256415,-1.4624573848541527,-1.3169250736329463,1.1915936141825663,1.5087196233225784,-6.6236651265012805
-0.8526677102475836,-0.8914101196692807,-1.0879727185412598,-1.7769866393260751,-0.660300116021989,-0.6320858228089109,0.7798696125227764,1.2082628254805003,-0.7013441497638416,0.9675504159911353,-0.3048987303396373
0.8729192665291814,0.8563841080700786,0.671069373746735,0.3240125241899799,0.5818504393070786,0.6162353965533128,0.7528721671488805,2.2340930807977313,0.3482030159448188,-0.3209798403837223,5.339082918661517
0.05836096017929889,-0.13858393552426623,0.08756224805053547,-0.7601900886189056,0.4766029673239799,-2.32709979694531,0.843174310022669,1.0018339695494078,-0.2655404746292363,0.005186448659020086,1.844692805991871
-0.17749223087053181,-0.21411853527723052,-0.17081974396116995,0.57740257751925,0.014680139889711287,-1.8611936845055561,-1.5407344962640819,1.4269847672264693,0.3282739620810305,0.19538091593879858,-3.8096572767951047
-0.7479214023101384,-0.5318609119904274,-0.4837802137314299,0.04655747332786092,-0.789986353867603,-0.28073340085071186,0.29891815258415083,0.0853713816025881,-0.6275772412110292,0.36181294460498287,-4.609012971805669
1.1749893104981315,1.0684479107215856,1.1413854624967148,0.7618547740424635,0.12992985416607386,1.549890566129126,0.6759788558069234,-1.66150491973851,-0.8834251560876358,-1.356599850939114,3.3579805880290543
-0.27297240307400344,-0.31613536388300456,-0.06082065129040602,1.1755065765087795,-0.06979878576213788,-0.4357300881667396,-1.031202068439585,-1.8441204511675249,1.0520748860237426,-1.5424846078015602,-6.281316381897827
-0.4993785304617994,-0.5558590433143528,-0.47558473947725405,0.19242111776818133,-1.333474318734201,0.10093679173515462,0.009173248182129144,0.25508204386775846,-0.06387058512449259,-0.8873900220024538,-6.961723847598136
-0.3807748855341839,-0.3321980772376846,-0.26452510002013957,1.1320522884141782,-1.4718123513241856,1.133789272564012,-0.11626664531036575,-0.59197880772998,2.0221089508534758,-0.9647384430113423,-6.025062944492758
0.5965959871036368,0.5081671085182972,0.5519496904054485,-2.3442978937886774,0.5651533788097695,2.106884733278146,1.8421506585682637,-0.9145762783273513,0.046309964794139964,-0.6438240139725026,14.197270506822283
0.503105650857357,0.3377629927118647,0.2712349287043012,1.5904522979160232,-2.601888315051689,-0.5768484731483126,1.924496037012573,-0.06274668396867535,-0.9260780403504922,0.6347106420900043,-11.797542708027045
0.3021580903658252,0.4892311673304691,0.42741338749800617,0.3750621518923401,0.20541052696125997,-0.016836723733426057,-1.6643563933302008,0.6155852878612882,1.2269408764359389,-0.16892915632473834,0.34522408197581816
0.46224720046867623,0.19545319820925355,0.4443576785645778,1.0778433557451819,-0.4780830577538245,1.8220552213428425,2.4939270057279894,-1.4527575467621472,0.6308001641460198,0.19639460501018827,-1.6396008805936724
2.0584040857378585,2.0662399307814043,1.872527578670407,-1.2198757448415216,1.3082466068799101,-1.5221992751914284,-0.9152257211533239,-0.4488776202803848,0.7268728636964236,-1.2243034100422616,12.81677339620492
-0.36843924930755945,-0.2611792094210989,-0.47805035797325357,-0.8307698816053357,-0.49346820915387574,1.0275810705538218,0.9806732943274258,1.5098706831203152,1.1906006788679186,-0.46164220292094515,-0.6601932742528089
-0.5227296611265555,-0.5768530538092975,-0.5794312893542108,0.14593829414477413,0.659484214251896,-1.0183155323612583,0.9704979808637308,-1.0752883802213746,-0.6527962938457945,0.5872576617448404,-1.7729032977911563
-0.9602451943156801,-0.8034686127786754,-0.7237449012309437,-0.017037889337463016,-0.3969138412377916,0.10247236710315673,-0.9956902268418067,0.8697611871649563,-0.12725330898528756,0.5949524581768018,-4.1748880104491874
0.6902431819009744,0.5249490980684312,0.5870824671968776,0.2830685880099896,0.11374815348614345,-0.24261904740027426,0.493267793839099,-0.4847307615489939,-0.17144983148779322,-0.7245738281879079,4.121746968205134
1.080572235696193,1.0009759943986447,0.9368224804030111,1.0845151609299661,0.7368365309200512,-0.9580116007012293,-0.10753374426606396,0.5457937598499527,-1.2907465369156184,0.1616623863795536,2.491265333639969
-0.15665947672475944,-0.1343510451739745,-0.09989417775677771,-1.7652203153028492,-0.46255571632458015,-0.9831019276582751,0.5543300046323907,1.0973275072028672,-0.2635901501582435,2.198847853482332,1.5304837497236434
-0.9257366698657032,-0.6839498304196413,-0.6990871256524267,0.9738190717173091,0.996554884498404,0.2764143642537545,0.2306723023806257,0.7412817669850216,1.3363794578768242,-0.017597929255638137,-2.736711025058715
-0.876823877826244,-0.6362662208676759,-0.6802140226555855,0.008281909957927018,-0.9936978771064832,0.9955393281626821,1.196339485370247,0.9091596022138765,0.237338103793847,-0.6931869461424454,-6.200273598835157
0.6848240230802944,0.5911880104302542,0.7407215210544799,-0.20378186112454774,0.2945928425583791,-0.1297362031885032,0.07539954314606226,-1.1515935334079561,-1.3460613278449878,-0.17376238936216024,2.737552352890712
0.7281146239285299,0.8584962797684278,0.7966268373029024,-1.4711152343848903,0.9226397227878528,0.07011315873321637,-0.16787406942631122,1.1136597067412988,-1.555839411664935,0.09217710752683304,10.137344282428378
0.5694472284877935,0.5188426730487052,0.38870969819902107,0.503048668376865,0.6600374917903349,0.5711740662910472,1.0960642330571804,-0.8526931146348199,1.6647760587482714,-0.1511683806905494,0.6855981424354742
-0.6365559589743868,-0.4919389397881731,-0.4306001156060226,-2.414107851031037,1.9164448767354103,-0.9716187730129598,0.5803959648586033,0.2595417655715384,-0.09031901025512999,-0.03135470067650179,7.985190807593992
0.33781425550897315,0.21308936494110442,0.15584754030447634,0.6483940112387127,-0.7634393173106605,0.739692508412923,0.7318133943208879,0.2582461869972269,-0.6474102057016173,-1.4434467969368396,-2.6173004928796164
0.08926291707157788,0.12133614476738336,0.20950450947209817,-1.492105835472992,-1.379149251348588,0.819343097059747,-0.6645866722585968,0.48512255886958094,-0.2739917648970031,-0.9626304750859512,2.736079158107355
0.1005399713813544,0.23699212470398906,0.20361839966122056,0.053457912617474034,-0.9943351084951194,2.60362629875041,-1.045262781398474,0.33695667606019053,-1.477307754317332,-0.14933523707149754,0.36810419490409596
0.9568065712739485,1.0821656334001832,0.7430709623076741,-0.11916883732792043,0.660442566548437,-0.3761041905595823,-0.5677221432527015,-0.8438099785247232,1.4230951495116198,-0.1652679700224367,5.780780692557501
0.1970764950069019,0.2805186173235312,0.02046630791972076,1.1695381472938837,0.4979229342693786,-0.4580818016681276,-0.6208213856805886,-1.3498674122957162,-0.3930529375860296,-0.5661892748600006,-2.1394309202819204
0.768080958638085,0.588386722522183,0.5938657557430707,-0.17865516901389017,0.10225665964741577,0.7689658715737455,0.7861992686529143,0.8723486799617686,1.367401527738422,-0.17701358607643694,6.697818898330765
0.09824923854348909,0.14171994563651552,-0.0951171609905586,-0.6941385611456656,-1.12295704910713,0.8191041689121383,0.9759840502940518,0.18583457751891555,0.05165171444731515,0.06101485541420536,0.9047577091332824
0.27862839627371655,0.24571682578873763,0.35693738240526296,-0.506602695971203,0.7668672933290608,-0.535087153376712,-0.15513028953240038,1.1493768409578178,1.4295319745684398,0.8894134565245253,2.8264878103123
0.659190297362244,0.5605437999145166,0.7198386689686112,1.2728827687546636,-1.2247047776505404,-0.40316267693004887,1.4309190188243524,-0.04473293418786798,0.2566944990430854,-0.09921173522605088,-5.1446561033291776
-1.3010748150455624,-1.3116099200715141,-1.3911313367997689,0.5362969691808936,1.1589495823768998,0.5411308382180404,1.3684693937651298,-1.4051643606769604,0.853232662869076,0.3991032052982532,-4.717203630875698
-0.1535127740330011,-0.30120080851774406,-0.2575070204696441,-0.3856299815231613,2.857438423139865,-0.8275842407346614,0.24339891640053923,0.9661296810041061,0.7190930460883368,-0.541600301433921,6.932423250831678
-0.4648221634821732,-0.42456794841721124,-0.4958745410643135,-0.23644641996451343,0.3664511465715505,-0.4105339880150149,-0.82189177154304,-0.370370609661107,0.6232910662519707,0.5720957235984819,-0.14180221405047178
-0.6260626007779759,-0.6058151380819514,-0.6378385364326866,-1.567177090585447,0.5831081356577431,0.08959276736843465,1.5753766494355401,0.3420034574210212,0.3479344771827106,0.3757302976123567,6.7524756028728286
-0.18904303862937288,-0.23445848853691473,-0.1701785557174782,0.388474200851541,-0.4928597688955594,0.9959386848222581,-0.06101735102840823,-0.6474594284795192,-0.2328507161155849,0.8658170031798195,-2.4060393408029115
1.427288428613008,1.454191517467568,1.3415933539266152,-1.7598157076954657,-1.8102133210868163,-0.6045986161795408,0.1261651964309746,1.6443017102336905,1.9154346915728602,0.7134604624444878,5.234816122141858
-0.8391854858837828,-0.9774969145250143,-0.6052831999308177,0.7517964658354561,-0.6027193630302223,-1.842384462030672,-0.33960502560656863,-0.8765648241831969,-0.9069369850959007,0.5887356228811461,-10.573416670988923
0.9662093267551723,0.9731902503506694,0.8232272712620406,0.12862159249126584,-1.0928952410987494,-1.916597467518211,-0.8897903262971976,-0.33742975410617465,0.004307642343159692,-0.09841740865778026,-1.873625333119829
-1.6577571146992005,-1.6772878366214385,-1.4146491612067753,2.3869517995739225,-1.4470045764150157,-1.2594130667061334,-1.4686394303152919,0.10744870269731638,0.01488587520759545,0.24493922704446816,-18.840486257239775
-0.4015545344617273,-0.433524709331239,-0.2916551856914192,-1.1001355537243058,1.7223599419956492,-1.3131677181999373,0.6328683235572881,-1.0921823270869582,0.4024407533435215,1.0635089284515264,3.9662869877010127
0.03558766564028806,0.1499425123410607,0.22605555956892837,-0.10266209104063294,0.272862518025773,-0.15461075861990903,-0.7834010538966204,0.33051952858759515,-0.4294726458945011,-0.6520745694027944,2.2041681930652586
0.4203836564799748,0.5636296950564705,0.4828843324903556,1.7982877009230627,0.37968758061398367,-1.188880153597605,3.0595312289968235,1.6119104774674902,0.31474630558958777,-0.6284077786968656,-5.28780516021647
0.6218358507536863,0.6201847576374298,0.6351480380584111,1.1913896402914144,-0.30902236519624954,-0.7027549598212041,-1.086073582612479,-0.49046216069371046,-0.16884258520296613,0.18143139795036198,-1.730105013113073
0.7566532124047786,0.8201624220533669,0.7024626237500393,-0.6962120515798997,-0.17287108244343635,-0.7740858849820498,-1.25738247498137,0.3951428190317255,-1.5819525174378992,0.41527969026545347,4.168139895146448
-0.3721803991803385,-0.4386628319456882,-0.39745827650817256,0.22396742837344774,0.9645506822393334,-0.4405078608479934,0.5101387156134412,-2.7494353860385554,0.009552286256846456,-0.8241064992640045,-0.4244448713940898
-0.30737329967020577,-0.47178970293314354,-0.3499084599399352,0.001999356415087233,-0.03233711869521544,1.3225043315231224,1.5293134789672953,-0.03892920048484066,-1.1005653330301517,-0.07476256341330836,0.2894984637119859
0.9464553508497378,0.7682871563996561,0.8372031936892749,0.2819558673941572,0.5306939380247327,0.6619475894305167,0.06458965694322165,-0.31304228592620537,-1.734385762448901,-0.09399877422878479,8.171611340901729
-0.2682716141889451,-0.1854660902646813,-0.11281842290289673,-0.6986804359848298,-0.19600429784501586,0.016129415276003874,0.5722424201872743,-0.8184976024103849,0.13687332068938496,-2.2152801156034707,-0.4232721513903204
-1.2478696471418453,-1.1895928643992466,-0.9944211256123653,-0.08932040270073452,-0.3421528907320472,-0.4610262805808381,-1.8435474174587096,1.081450469628532,0.48788334201956646,-0.21959398925875973,-5.912919215804456
-1.1658534729115066,-1.1572542892731903,-0.8750240124795023,-1.5980523752767137,-1.406914165601862,-0.4332326566230212,-0.6775115456917667,-0.32624368162382816,0.5266980421045764,-0.1573178328484663,-4.9366540490456305
-0.942201393044819,-0.8155370575050325,-0.8650015263863637,0.13512345186808206,-1.977749062367128,0.3277464699519495,-1.073615729137567,-0.17747748709358746,0.5671707070196942,-0.16029294282301915,-6.484183980427851
0.5119867960069946,0.4773428963178518,0.48474990149180547,0.45002067342183205,-0.2615619010664018,0.5841690733522902,-1.895045849947881,-0.37719287478907115,-1.9325890209406105,1.4159142745772682,1.984425615683957
0.1919594254285967,-0.016051250997915878,0.06582309353768745,-0.227419412643884,0.05649669199323269,-0.9076175061006004,0.11698023402388695,-1.9168158717650765,-1.3610169279074695,-1.2157982985088753,-0.5841084441311528
0.663344675357047,0.4992737711326173,0.6237723502724469,-1.6150508905847878,-1.286130036708791,0.03648075561423148,-2.2428276216104335,-1.131986440076961,1.9735214368136709,-0.8246225712046127,4.953041406949397
-0.3421445237177856,-0.40687555745405246,-0.44450232661476735,0.9885318628514624,-0.03447486503463288,-2.031619568663027,-1.3221959660874487,0.9610934861202163,-1.0472087600770361,-2.612195798319334,-7.158555333474785
0.0671846329853219,0.13293532109997017,0.30469275288264797,0.3645250379928023,0.053752562990502024,0.21171378417059702,-0.537193794013418,-2.109950646879972,0.6108410311366891,-0.4809166661741407,-0.9928342126746552
0.6260975189563182,0.5860372651829993,0.5994011696048993,-0.7260150977009768,-2.156008006059379,0.762149241958686,-0.8312858359510763,-0.7663153496157056,-0.686937621665846,-0.39564355412600094,1.3454362773915929
-0.1015326415925718,-0.2961178092566439,-0.3002147985586568,-0.28060044683806395,-0.9151246594795012,-0.2800686268808754,0.3964085022070677,-0.3997200562897638,0.07967273926756446,-0.5099771763342562,-1.8050773455508695
0.47462161696743344,0.45198126284035534,0.530459570987308,-1.5006694027818388,0.4072638937354685,1.8165269961401054,0.30558019190248,1.7436218672915653,-0.6332542022735941,1.10767733948376,10.402283361427223
-0.5472687805381574,-0.5530176752254546,-0.8127948879395273,-1.0254101277779044,0.3870587293957439,-0.8812384474360504,0.8937987459354568,0.768603765496369,0.5615411546196448,0.8606175223369632,0.48264076002557293
-0.35573223231121515,-0.4337895463102228,-0.5281587213950936,-0.5378113463571395,-1.1536749163997606,0.21744041530326128,0.7523837327126781,-0.5571705270530996,0.13677411731669906,0.07785672426730414,-1.8502561670983704
-0.33527572637194536,-0.45640872673047617,-0.2639802390765188,1.2284208122801512,0.15844805049973495,-0.035824746665955476,1.1408127893613809,1.304513697115551,-0.4482897736442336,-0.37061305353986224,-4.40871714228688
-1.200382301140455,-1.2235135719405783,-1.070208836218399,-0.6395033908874757,1.0224072253604721,-0.10029766744340833,-0.0019184000090541567,-0.7405158205011196,-1.0501721196807103,1.0261896681068639,-0.4065354700333048
0.47333987429244545,0.4857371901197992,0.46331986273309966,0.6402136593287587,0.7770729589908982,-0.11432216800474763,0.3034669008166697,1.0090998037340055,0.2677741974925111,-0.01975785983585163,0.9746985654685537
-0.5317609319407575,-0.346336432900872,-0.5551017165143064,-0.5383162028615798,-0.09528578701393456,0.10710503000947168,0.5115137019191913,-1.3588772459230156,-1.21271879904259,-0.8182700389184578,1.4428674472160714
0.04691822744429169,-0.022637742267857783,0.008921335769882067,0.24794756085187486,-0.4679763133242924,0.8479587434636998,0.1416566973910257,1.0732578317891572,0.4274810421208385,-1.7162486774845516,-1.7146763729118955
0.4126236837710475,0.25657333842784114,0.6330229340554523,-0.14139550214380217,-0.6293444843345044,1.3777362362747443,-0.3971943099170739,-0.4061336454709856,2.6264849090369,-0.44131449389568267,3.0810878477471464
0.4997779949350184,0.28788518821961684,0.48429802040653597,0.8730566000927434,0.4678197829096571,-0.0022502445041573905,-0.3324425343397702,-1.0285042409412697,1.350170051262012,0.7546436171726086,0.1618273792180306
0.7522080693284591,0.565472915700466,0.6158172525897889,-0.5348113382185579,0.19510397314288802,0.8153160721716332,-0.8175583983299655,-0.21714361307631405,0.7183478868941628,2.2765386895430897,8.435457056423338
-0.06916297193044521,-0.1381795212835696,-0.132542327068975,-1.572528250002441,0.6294040061022004,-0.7017669462667825,0.4216168299098296,0.27734417972021486,-0.08560729774114767,0.06161034618947592,3.87761341347226
-0.4461982107286091,-0.4348044866223242,-0.4204257660266778,-1.3819490313636327,0.13187381312115198,0.765955452726233,-0.09401517408515554,-0.49474843052571216,-1.9387526270035254,-0.7653555151203043,2.957356048956293
-0.043400964561703365,-0.07264581052260573,-0.28466617873576094,-0.5318774939427574,0.8187639503474419,-0.7619915238269903,-0.6631737506367649,0.5539535059953238,-1.3222863959001843,-1.184965208284214,1.1621695377953876
-1.7120282784017429,-1.627907418725924,-1.4928369484701107,-1.2490599706780527,0.09459253295770016,1.0906599360881322,-0.6622448193245927,-0.5829938836640675,1.2827928561027135,0.5519548963055988,-0.8403039039056321
-1.3722687023858753,-1.2908096799584603,-1.2178529143325931,0.4102120156795513,0.7846887161316864,2.2106408773932396,-1.2103987277827886,0.6203723939313579,-0.7897560801247798,-1.7646160523842684,-3.08968854164545
-1.4692120990916122,-1.3106460161911917,-1.347991583836024,-0.4657681648580778,0.8708227703666389,-0.12208388797139179,0.9788413412371997,0.44222206203659953,-0.6992520981640467,0.5503451014048882,-3.0598470015420256
-1.0240954170509735,-1.016369922979451,-0.9636638340720153,2.3746065500264315,-0.8045266302248135,-2.1925434908074086,0.07861766953178756,-0.06092305470793503,-0.16565047568402144,0.8177116062629123,-19.103172117481478
0.24050926711351678,0.4180955584689017,0.24405034082775073,-1.737714595137132,-1.808144046870746,-0.548072933244823,-0.8628000195732701,-0.4413823123659498,-1.0620462588465547,0.43627945323286405,1.1212169617750722
-1.0250839217782373,-0.9830564681861473,-0.911466269304931,0.20363317870980122,1.5434928560145533,1.2318751342893033,0.8085477496020183,0.15154079576526616,-1.2267687345516363,-0.21966167193855743,0.3950517877204701
-0.26905357565427696,-0.32807908991182005,-0.3349981359532607,-1.127953023505669,0.2566587307122617,0.5530767870252449,-0.560448809794373,0.5502537430336992,-0.050474072781421825,0.5649406535468146,1.993238682500197
1.3708430963438003,1.2424711375948634,0.9608652525086114,-0.4934013403826786,-1.7144858954961215,0.24891359867502955,-1.4065006270122327,2.0617991527316084,-0.8915294546720363,0.17093837112829996,4.353463349364348
-0.41382238972420915,-0.35024617170180805,-0.25921053011957695,0.14141947334054417,-0.7138194972187111,1.008668355954839,1.021222289219133,0.939420421798181,-0.7410185797788948,-0.7781238418605918,-3.9202944660949153
0.6173152919838147,0.8277018786156732,0.7391495186137461,-2.325371374874287,0.7718742923698284,0.484453439248422,-0.5370969895661131,0.9759899498158413,-0.781191026147006,1.8504123223750257,13.058073610389181
-1.170779987037209,-0.9367133916329605,-0.8653661708125805,0.23682611678802748,-0.279676831132893,1.2177251874511363,-0.4088990902087895,3.0885121948602836,0.5223602138344686,-0.3516793796105163,-5.107451583953812
-0.24891719850224078,-0.030341826332322214,-0.4329646530793212,1.9029074622741677,-0.5120614193191271,0.9194236766469855,0.04118002034917748,0.5159584767678441,-0.23212569049535728,0.7757523004499094,-4.683523560684293
-0.756388853930789,-0.9205554681033,-0.9546617120197621,-0.45343829836859284,1.4008818603129667,1.5217004527369589,1.1425892227901149,0.4846435113117023,-0.17857196789385368,-2.4186142826957147,5.0189754559818525
-0.3042423341834707,-0.4242427377031526,-0.1818395749002366,0.2598078568055095,-1.0472871463838105,0.35879608390625434,0.020037290866311695,0.7040150743216541,0.5969458973088833,1.276470882780929,-5.2860740922993905
0.7955423545734364,0.8038862970641116,0.4784778956387988,1.0249216931253993,-0.7981533577548339,0.9052594014939547,-1.1991171261452302,-1.0089659775882531,-0.14203960823294015,1.4687637446545818,-1.6305890158809726
-1.6901140064323241,-1.7270540180582326,-1.5893407220924658,-0.16395350002699655,0.21138647504826755,-0.3071270730857854,0.5438770041121802,-0.4439016364187562,-0.27825376845717287,0.029833787126638218,-5.474189701387143
0.30954697530630193,0.3525619935434844,0.27298120134454573,-0.5809601885314832,0.39045493205388226,-0.6014608115590059,-0.48498972426172404,-0.506169266692334,0.47045035557017084,0.5587710347377585,2.740160822763654
0.21394973331646705,0.2576114862169033,0.2944190722575337,-2.2757364037217522,0.4963430343407315,1.7067676404189733,1.8879239715294662,0.6476139772195617,0.668197843557631,0.5585151816075627,11.280806182485774
-0.5861917578555353,-0.5199958908199447,-0.6022463553414611,0.6409907193949733,0.9112380445689469,0.21620467632268803,-0.0011197219978901704,-0.17417456222119868,-0.14707349950860418,-0.6427835696407243,-0.13865042957414442
-1.4529459065341384,-1.4235283776893726,-1.2610566668760481,-0.11316840972889723,0.19857862068151685,0.804880565862379,-2.235035497898666,0.1382234254743028,0.0806077756205216,0.5471223054393403,-4.666937644496449
0.13539399744907596,0.1475154439318881,0.12146259885939187,-1.0126838513881617,0.48938393893840915,0.12374001441139017,0.357364972155674,1.0874546201484645,-0.781790229733328,-0.8086304698725554,5.098249939534443
-0.5019210909649182,-0.4104174529689215,-0.29292085418442015,0.12659671027769356,-0.2592092593150832,-0.5865156509199643,1.9445977922602284,0.8631507387041388,-0.8606830431645255,-0.6087569236453261,-2.7697177669776405
0.2861422928033437,0.335946541312032,0.18911439585169654,-0.5836803568061814,0.06269830323671424,0.010982892582401323,1.5759202885453896,-0.16172100304124704,0.7691475019668077,1.1269431432122987,4.039771324660027
-0.03321763705501787,0.0631126108173285,0.057271367933359726,-0.5284261311155256,0.10753418005363442,1.4359940177677142,1.8309542887565653,-0.6699950968782225,0.4449420625446217,0.9746576907002027,3.6836991208873555
1.6736041239937594,1.6307642437217256,1.2930954542760804,0.6062911561087082,0.21509813581903608,0.555240074279424,-1.0197601853814635,1.1352747316531886,0.4552984384165761,-0.7063755021157926,5.8994614215924495
-0.10904067166310497,-0.37785172033729764,-0.09637870839634743,-1.3383824113238445,0.7725398075827608,-1.711473159730459,0.9121523959767788,0.7738911809098658,0.28085434872552223,-0.7335763435010406,0.8565457716552096
-1.1011094541939779,-0.9977551418810487,-0.997198628166815,1.0473152860737585,0.555145681944831,-0.2152444565761547,-0.7219945397367117,-1.6062568182953822,0.04620327581495357,-0.6455966024576721,-7.7488801461975765
0.10825998249915138,0.10095143270262624,0.10527265505191,-1.3976861631184037,0.0442170029001831,1.782293792704712,0.2242893994169245,-0.3131539389082808,0.6964118908227692,0.7326395664654908,7.7921126875490225
0.3268594308773838,0.21853491866336827,0.19577223608966757,-0.6627014083552638,-0.8091259849410398,-0.21379686184995605,-1.2729524287397325,0.1655154620167624,0.9351087610227838,-0.9999847808103971,0.7865730667171096
1.3438800563048316,1.2455122589426757,1.0669803831824078,1.9229461940665773,0.06767125806270954,-1.8004786917341806,-0.6444557648827163,0.7788297171210313,0.9112280051906476,0.3567126390359526,-2.8349457551454305
0.947416957279903,0.780063056262871,0.7744771242160146,1.1273547616424222,-0.028017784895743934,1.8930488854225436,-0.6762466973636153,0.9101014949397712,-0.10077791594598683,0.7468468106342946,4.4242367416476736
0.32146820219813466,0.48960149660835783,0.41793058052705945,0.09760399249544019,0.19318157981319836,0.6823925098127926,0.8985552801426162,0.2839060011754735,1.386992729908838,-0.08824545029310012,1.0748158146836737
1.5797065373212187,1.3765601629449533,1.3462659844473348,-0.9405302155012165,2.206525307140402,-0.0700128588128004,0.8007191216696554,0.585247531358856,0.22846068173232117,1.0100636968649277,14.26829441274115
-1.1782441889784148,-1.0962215162314912,-1.2287765053084385,-0.5292723066998932,-0.5237727785412354,-0.37141773608206863,0.2768197293308208,0.06413680237815363,0.6323761925657985,-0.30431016948979245,-4.76526523019671
-0.6190932268839321,-0.6263455025061991,-0.588157308907739,0.0732753145856964,0.42228901912535954,1.0823519297917354,-1.3504214180553855,-0.6738516881805606,0.28208789083487973,-0.2138556009939144,-0.8619403338812345
-0.8013984996719326,-0.8741900812987019,-0.7597154569670234,0.03752323233959842,1.0684620672442982,-0.5419834002261925,-0.31163943394972,-0.261264391041254,0.2470067074841741,-0.9772462311318565,0.25778890877783156
-0.41875144135130166,-0.3698379785630938,-0.538627699436782,-0.09087092962596285,0.09800191409938289,1.1482564245159883,-0.746116482942726,0.018991186640108272,-0.7357519902503197,1.0171773476202053,1.6553006074308985
-1.4519759152303056,-1.2719859149006405,-1.3464941341824495,-0.03083251408418433,2.337845119172165,0.542195285724256,0.869675756694491,-0.034679250018589874,0.701350838344826,-0.7665204469788703,1.2906596003546342
0.599265810172136,0.6966180023174582,0.6592902125411159,-0.2143751097051141,-0.3780392917314767,0.24468192548734993,1.1781848528171845,-1.8855729044434706,2.845294394907639,0.3497718177150592,4.615191363900523
-0.18603598104732227,-0.07932004243556834,-0.17299088396916737,-1.4419787356400129,0.32408922232004705,0.14551480533559535,1.056385586030883,-0.3974833349294312,-0.3747950747900833,-0.07131606712593476,2.8116132110020904
-1.596067020277099,-1.3724963732247915,-1.2825285068397168,-0.5165107421608328,-0.798805744892982,-0.17496803671417813,-0.7552194194170205,0.05620565308915186,0.07099471542494816,-1.0527830631116626,-7.103473809256437
-0.9645814089954519,-0.9176363762643163,-0.7280716923244562,0.9146240539868465,-0.35152473514329313,1.0456401202092658,-2.739533122289479,-0.281369991905701,-0.4462052643472624,-0.6091031438233208,-5.4729450927658085
0.2704121420407758,0.20576899434284016,0.329017740555796,-1.3683342975511175,0.2489339103966579,-0.8653428321018342,-1.7669618981300543,-0.24682379551158573,-0.48801990156193453,1.382872239040734,3.413505932502644
0.9299515807530662,0.7891901001064123,0.820102712148261,-0.18955551153927852,0.8463040623077297,-1.6219251268302093,1.4216269780822084,0.4879913708045874,1.5444494781186728,0.20165754263448052,4.332202773335385
1.8051900672997487,1.9721175042978842,2.0681323552444404,-0.819753928770844,0.3190948340235742,0.6144401228924746,-0.4012549393198239,-1.0789571870486339,-0.6729710177274647,-1.009150341366842,10.071520332363722
2.850937203998996,2.8374468337803354,2.601095763597548,0.11135042939811132,1.259114849334736,0.6312383280671477,-0.7507246182651125,-1.6280422139512112,-0.4740804733663613,0.30532828734869183,15.993010925168313
0.27949198117726826,0.4106177402358006,0.2931802135865472,-0.38863318106681816,-0.09496531059267174,0.4802411525117667,1.642660293436234,-0.3481697908366748,-1.5874928237313013,-0.1461140315945451,4.036217641950186
-1.0556364773409803,-0.8691496972648347,-0.8478046682039644,1.477393664974669,-0.33216852983900536,0.4077283696180388,1.2651599454883269,0.7641144055017897,-0.7576117245422473,3.4540464022441815,-8.546755593104388
-2.1122330086425936,-1.9861826299752379,-1.8749425497192889,0.5065831541902538,2.7039851072793866,-0.32054037833754784,0.02444872191978665,1.6875530394866385,-1.7083998929533477,0.2851238413422724,-5.912886674526925
0.2533733323078554,0.35035038988738976,0.1882687769148314,-1.3118031657772113,0.39423764944203077,0.7874827043855253,-0.2934030910639739,0.78212823909474,0.6318046992119288,-0.3806248470663645,5.955568781347179
-0.8332113008261672,-0.7491453079882407,-0.8348866877347783,0.6712280116136986,-0.7194815459785476,-0.04555812675454088,-0.13210121281312523,-1.4682637598688473,2.7996972218373095,1.4200279177871042,-6.535918289368152
-0.4280920498900902,-0.4230452624163838,-0.142837091952709,-0.774651856262063,-0.6942637622480688,-0.4871135608151781,0.22716279838746606,-0.23236723937677117,-0.36667879365052214,-1.8410361672928455,-1.829304005402272
-0.5958257398102126,-0.5546246585521757,-0.518202772115025,-0.5769963713775336,-0.9426799145313405,-0.3118913122553999,1.600047281319608,0.2566343810815294,-1.6667579329902373,0.09432015638109745,-6.709653741050686
-0.2214737697718339,-0.3681988921637881,-0.1999403359149543,0.3138190201071218,0.9365693558567879,2.020639698775832,0.4224674242372267,0.1775911169235922,0.8999996644297332,1.9944284946810726,5.036427259038905
1.1225282020595677,1.0433120781590652,1.0509752379368391,-0.49174741973013475,-0.36437729289324183,-1.7349760820454327,0.7260290330391413,0.539304552942874,-0.7269249589301569,-0.11619928435975406,2.6159355196320204
0.21006184507618333,-0.1426768869441053,0.13042919554467672,0.8928558163229553,0.12736247565648562,0.49978810429579884,1.1692701090701714,-0.9170489464607607,1.2993469305535403,-1.7333010446480788,-1.7531213198792743
-0.12783180202620023,-0.2885801677791873,-0.1680594979666026,-0.7745100615133954,-0.06350867443826871,-1.6791104276237172,-1.169676001024419,0.06494308755074261,-0.2820290477899447,-0.39591796441059773,0.32871236598413445
-0.9911310774057106,-0.9477295771092422,-0.8758610903517812,-0.6189465525913632,0.7314924079409346,-0.10823333832297323,0.7548618924740429,0.420322829776129,-0.6318156890827807,1.4545180409590368,-1.2543516549691547
-1.6509695046396642,-1.5527464504877952,-1.6364028770570902,-0.6563708935481088,-0.8467440928840201,-0.4336274851541877,-0.29456875466161137,0.8256709533036595,-0.17795755574568647,0.37606959632077114,-8.228209338980719
-0.32350204485484546,-0.5549868160308588,-0.40241439777428056,-0.5656387483550389,-1.0755722861430155,-2.085028296679878,-2.516095195772766,-0.805718166612792,0.7577767609361872,-0.8388561095125178,-4.9835419135147765
-0.060750084502521284,-0.10806158662771957,0.1428911850366868,1.099191555547813,0.22429730718159427,0.389037590433763,-2.128169541985812,-0.345156867242898,-0.22742063075565644,-0.685242807179024,-0.2590291999581402
1.7433632561131167,1.7891766969900194,1.6377546884416259,0.6287962936103031,0.600959284699897,-0.3800380621921959,-1.0181176115186856,-2.7038176800733402,-0.49672470279370545,-0.5597002711498134,7.96770987565047
0.06999231504429562,0.08503838487342746,0.07962585894725081,1.709943954012071,0.33253231309764075,-2.099206342561244,0.5312232285925814,-0.6214619675777742,-0.1988316029788718,0.36119788405399617,-6.735687534271867
0.9001584973768306,1.1130361604641434,0.8337550318779277,2.2676442038992546,-0.8094537290973276,0.8395680907742521,0.11379956534029644,-0.524414892971043,-1.271855184500885,1.3381961329386531,-3.411718018151998
-0.5988533415472381,-0.47448440686630217,-0.4904000360197478,-1.0307170319323398,0.6774848420913938,1.435006177988935,0.184366707175664,-1.019584508167443,0.39703160229398016,1.052423012799171,5.492757820321743
-1.256047551475498,-1.0930536839456721,-1.0918456575801003,0.07041912732728889,-0.7438609270956342,1.490124342296572,1.950943482686692,0.1656121502326517,-1.7867265938449102,0.45601218210912847,-6.368293802621305
-0.9707711927645376,-0.7875109722408646,-0.9063857392849619,-1.176200316643433,-0.5215386447863833,0.35895644065147114,-1.2690896148598123,-0.05594543204526823,-0.44412145436551537,-1.3316447600574832,-0.3469177675342242
-0.698482454255936,-0.678482592013492,-0.5610723139747212,-0.7776059277482671,-0.9439535247220022,0.04605813857711549,-0.027433354183723595,-2.2592138775776114,0.7593852088307432,-1.3279325139934413,-3.6327967994905084
2.1325610971193374,1.941858727358142,1.7423018488707498,-0.6300825102556694,1.3011583486520308,1.328156620895797,0.3044355228138156,0.21550796930175647,0.3030482829327168,0.5332520212137634,16.047796402374026
-0.8826295014187632,-0.78909554139871,-0.6530480062607341,-1.0571548741382744,0.6334215410273492,1.6823835853400984,-0.7362731165383355,-0.9283241307890274,0.5903205729863903,-1.3454710979328943,3.4751146941894864
0.910503968857942,0.7937158846543204,0.7166716308484544,-1.0518872728984137,0.6049933756788733,1.133568702875625,0.028326745082940964,0.48568895919051513,-0.06504567271880911,-0.22556702106860427,10.611964180174686
-0.8437741643029506,-0.9669601513588002,-0.7749396817087866,-0.14428437852025486,1.2472114211424503,-0.9415376022298011,-1.599949334084345,-1.2818512477286654,1.1697461809855167,0.304150446186177,-1.0947972141318614
0.9188011482804828,0.864527796523266,0.7257169205667333,-1.216718418386407,2.8126492482387233,0.2013448532149219,1.4099062172750279,0.03000653853094012,0.924699196769792,-1.1375939953626888,10.971363923714785
0.3327176745326862,0.30632805028077503,0.47931897618022046,0.8421269591376328,-1.7092261039101555,0.4395161442914286,-0.6816145525304338,-0.2831633288865059,0.44614100424767456,-1.0242623343588635,-4.594631168574183
-0.11276366399170645,-0.07485738220019116,-0.016410611875094072,-0.9177535374175142,-0.7383765808771081,-1.8096169689172292,2.031400164778503,0.30310188495033036,0.927545777313543,-0.09412106456781866,-1.4875774065237821
-0.025724639136545668,-0.03595544989384187,0.05927277905311674,2.809568970096392,-0.6161750841745238,0.4693606596207741,-0.03247432391745505,0.12469727765134685,0.7504235544035768,0.5036502875240538,-8.832888169834362
-0.7706378761825943,-0.6446719705897265,-0.7407844034658053,-0.45138445096439517,-0.8508196223826928,2.272991825979389,1.0280535653991831,-0.25516417502145444,-0.43946351334689027,1.0615187704137568,-0.5690626042751357
0.4406337810033282,0.4152740369581704,0.4843770884404778,0.07201764191705222,-1.0775832476037126,0.6399361658007914,-0.05330286899115438,-1.5362723140442447,-1.3438989116913336,0.6070534347705518,1.7830223582705491
-0.4340206153748295,-0.4143845448512477,-0.36899962354313115,-1.2953411844660352,-0.2996530640553656,1.4734130814417563,-0.03074383226052982,-1.4772079634610316,0.42036212584262383,0.07365659499219453,3.9845758088690015
-1.2975813466862685,-1.1149803396037032,-1.26357231210378,1.7060917581276394,-1.216603715289405,0.18291473012870507,-0.5840293332220078,-0.583886939092219,0.5460892308314287,-0.7461947535570493,-12.550529893926718
-1.2627501028926238,-1.2940176738971887,-1.152573555264739,1.1195006808029162,0.3350423675374132,-0.07321832398382148,0.11912392936627762,-0.00827988392958697,1.0904719911385654,-1.0709069958445192,-6.428333748250759
0.056202118901496345,0.08063151122631175,0.19178257485323377,0.29691587073611253,0.051698321428614635,0.3812713900809755,0.31799869441404743,-0.608247947199117,-0.9363212750452935,-0.5108770883291476,0.47032535172656625
1.6859861444114086,1.5885110308221155,1.4767896581517066,-1.3468025487795656,0.4810286647636553,-0.8158266479844326,-0.7842585089151799,0.6252119305794656,-0.9064310592771633,0.40993558498056715,9.685562609819776
0.2598276123781928,0.11900508311838787,0.16171858891097998,0.21066687772462028,0.5077284516382525,-0.9637751872343886,-0.1250444158598842,-0.2792209192116837,0.45990026630777037,0.33662370662734287,-2.695036731952588
-0.13883971285411975,-0.22605377721213837,-0.07765135181415635,-1.121431046017255,0.6030068534266765,1.2663045571693656,-0.6100988660571137,-0.9650127247795103,-0.07116698885308664,-2.0999019857251224,5.643363173534327
0.31490248662966874,0.3070398493730641,0.40460466486759816,1.4623552634733608,-0.3734089368238823,1.3723423428665182,2.2996640696148387,-0.27809629298790933,-1.8857616105711281,-0.785677028267503,-1.0893300406039954
1.1132079844428349,1.2777712391040985,1.2980049585272104,0.8091947318531727,2.1211434026336673,-0.9911063155873504,-0.08973076991161853,0.22585983631655238,0.37510816375419076,1.2045075516061559,5.417731177713597
0.1268746885426297,0.08595615571512699,-0.08926124415080361,0.09543903848773612,0.23443111648209775,0.9679988045538644,1.5452321516965593,0.3248847188245844,-1.8524229149889546,0.07921504780413943,3.2206716834814264
-0.43442954444590753,-0.37202233205496177,-0.40157836323413165,-2.4363756632473224,-1.862484752624795,-0.08695997560602091,-0.19562233080768832,1.8783791319931293,-0.9452565518733762,-1.417008913102986,0.9632307780916454
1.02051806834574,1.1098209219511643,0.9791947362995048,-0.9834159786590306,-1.0023757457662175,0.33980857449043056,0.25928764153490796,-0.6689093400034194,1.3516813728601071,2.3558211815981513,6.581772990994775
0.4859081570720662,0.4372695326750338,0.21067093734275505,0.6877611315998724,-1.7405029890278156,0.4602186394350634,-1.3213640716452693,-0.07347866159040038,1.8248790178071153,-0.028941732314764643,-4.13484032847309
1.6955397144558315,1.509526711097104,1.391598698619624,1.2128836917231558,0.01733462915130733,0.9943504681243184,-0.44707259186786463,0.4261239468194264,-1.2156563684719617,0.38433395931340797,5.23950784959983
0.08910525966756197,0.06173118751355089,0.2897867707407662,1.1091698114921316,-0.12180522405333363,0.08271820186318887,0.21053467078924676,-0.023422959200815323,-0.3293915374126943,0.3995247560451345,-2.544462075702266
-1.2914661040473157,-1.1367623677347796,-1.2106789145075092,-1.5920130022414554,-0.4684256978994578,1.410161995301936,1.5860038309598667,-0.5006181459886532,0.04262252307870598,-0.36759546616018607,2.3562755858967943
-1.3493233297808707,-1.3239608200410173,-1.1977031854521114,0.30155230681290407,2.010926112400514,0.30941283975992473,0.22198277767627117,-1.5492571763442435,1.781226927581568,-0.7275736818213943,-2.858480466522155
1.7798172241112193,1.5297583229217155,1.3942527912784808,1.0155152164829295,0.5489828740769108,0.6241842724695326,1.3837203611929991,-0.5108345590530156,-0.49286894782440155,2.1216749850659404,5.831366911428876
1.6258757757801048,1.7071268834977102,1.4841079463369997,-1.6583355655822452,0.7260983614463344,-0.8332625915372465,0.6407291102029202,-1.073702412717801,-0.4768840230332781,1.0032058696177506,13.062081142643326
-0.15959632349804528,-0.05220129176453221,-0.013827928537337053,-0.007904515373236347,-0.9310734879421032,2.158659010704834,1.6274013394646858,-1.7266066811237784,1.5487255584628619,0.8219372011086765,2.150708824063898
-0.23748341307093904,-0.22047835071115962,-0.39912437103357146,0.27384239830845625,-0.9991448913310123,0.4698249232049664,-0.059042217305055426,-0.7956788416705864,-0.374789152718258,0.5762891917182107,-3.27649987555871
1.329303560387861,1.4935567073505644,1.3615211119190445,-0.3007645848467349,0.03680549909695475,0.7129974253450992,2.390222710651804,-1.0470917207664545,0.7222017089664575,-1.0033173903616845,7.0297728845459
-1.2095312185911546,-1.0604721324717281,-1.1834629254452378,-1.8521618554012016,0.17300713965222583,-1.6081858112115415,-0.485396202914123,0.5837865452929482,-1.4771429651124275,1.2775301917402737,-0.35285813343842753
-0.9286155474726935,-0.8217730549659276,-0.6190225609207557,-0.3256981100737287,-1.856311567114457,-0.822702023079101,-0.766461834197669,0.6010918374142937,-0.17123274409232622,-0.8431326580117493,-7.569756601796362
0.6016797216606116,0.6725062846973316,0.6392593598507899,-0.327305430255024,-0.18030702284953407,1.2378836879187305,-1.2100528496890341,-0.9038792895808748,-1.6595968383264046,0.2832867981506457,4.36309913776101
-0.329597019839298,-0.3651806307726531,-0.37339459483865683,-0.1480724045477542,0.014072082873504806,0.2868911182926047,2.3310246715580702,-0.2602286305631211,-1.0554337809557044,-1.6393899054645689,-0.012285206478204858
0.014210910865595748,0.005595361648855818,0.05294497095192531,-0.5634714254250696,-0.21514916577112894,-1.913779734828926,0.8194475726178976,-1.8582426621125354,0.8392013551522634,-2.0408588506475196,-0.24465188203925647
-0.30543986329588285,-0.08937050304819237,-0.2880805515668423,-0.4430121532414673,-0.8133904123466764,1.038289928983819,-0.33412073338030845,-0.4943399501826941,-0.04990539108671263,0.3182912026531147,1.8997866610792502
0.3788073810309984,0.3159532096769123,0.4220701680943059,-0.0397062823469779,-0.53953518192114,-0.5437828043527234,1.249022696873495,0.3989819007023456,-0.31910574055297464,-0.8090992671949081,0.3609621609153423
1.3612787503252648,1.278764813338138,1.234335197632702,0.4424546049697111,-0.17685919357279603,1.411316985876712,0.687692185117782,0.8249378896141027,-0.7487496239809176,-1.9891675712972732,5.845545357273716
0.19254068425704468,0.05289781628978958,0.061119464706727515,-0.3044267628566672,0.09080002361004777,-0.08783567860369966,1.9661274713755903,-0.7130470816913138,-0.22065607324128275,0.5406095029470755,1.7137993554722604
0.5937317903619043,0.6624546838317144,0.5303793524526236,-0.4096489283680019,0.604791582550568,0.20470668602052994,-1.5478328327399113,1.0518548605275198,0.30111316710069364,2.120080771050789,6.091788800591185
-2.1011013236792015,-1.9474240326834749,-1.9032200312024787,0.09235403825445808,1.0808562049508712,1.1789545785916484,-0.26536010831425455,-1.5156919215134717,0.9829162064617618,1.3895602585800617,-4.34970244019087
-0.0054278730657554355,-0.01906568368414502,0.02562049942573471,-1.9209159258951816,-0.2943477235272498,-0.8974929708546623,-0.46252138394282544,-1.2476277991437925,-2.6251466840968023,-0.2573178852656725,3.886496119149271
-0.7821961517059162,-0.7474624174020523,-0.7333165582531618,0.4770351272264581,-0.45615619611535785,-0.9928468078339396,-1.9736826764086015,0.7096618656378763,-0.8317611742628097,0.00884530669694572,-8.459002207979392
-1.1829651113087318,-1.1878597244342555,-1.0317569402409614,-0.0005630971229588082,0.43765567353430623,-0.19649842039810733,1.060327204779694,1.6711212285632473,0.15909624218900573,0.8877062567839132,-2.374310964838056
-1.0130001523195353,-0.7737448954919287,-0.7912165991844329,0.039693526597561826,0.6108449164108543,0.8271727996212221,-0.2703965558033584,0.4934319881836954,-0.09886311596228586,1.1221280198349068,-2.771431371190272
-0.291080685506552,-0.2871098603890999,-0.24939111552301277,0.960734307594464,-0.4342004332588856,-1.3308772526134907,0.7396312049865622,-0.040342386534012425,0.403376242526725,-0.3435357188256987,-7.646876739420666
0.8331578982220612,0.7713223682852941,0.7824274137279079,-1.9528155300482481,0.7903934769661722,-1.6680345998890966,2.3597719343296117,-2.1951837465222086,0.26754028612655384,0.034177715724574294,8.782121888636953
-1.3075706288125029,-1.1446886985576863,-0.9707802618246528,-1.9738338698589637,0.9795853411559731,0.8237209270437923,-0.3532436918276083,-2.0224470560434793,-0.30486786299340723,0.30061480676453645,6.764948093648868
-0.08326726223750737,-0.010959661535856719,-0.12922469830807415,0.27380384532351953,1.291686465658673,-0.6029783125670037,-0.4211529826571552,0.12940953689586895,-0.5268531959871771,0.5538763202788318,0.6630485285527957
-0.4484636615301334,-0.5923685891217143,-0.3096587576439222,-0.007116855128515773,1.7783209067198225,-0.3922260129202831,0.11866416972399602,-0.35806266957117455,-0.2455014897355009,-0.13307644201126692,1.2857401899316696
-0.39220100670655067,-0.394892936410767,-0.15811503985366768,0.17017694319193222,-0.8664161386594389,-1.8568104019401659,0.9872473529834096,-1.105835182152118,1.1487423498227427,-0.12008524506874427,-7.691571106761398
0.9001470532837623,0.8709363211851081,0.8172661621775843,-0.46212707517244556,0.01389820933251119,-0.6789793143519821,-0.5667130253101499,0.06553258083005072,-0.7320079329057144,1.3798323297543882,5.993922591589265
0.5952210479225181,0.5153835306463324,0.7072312543591308,0.6643536742399312,0.011277696618660139,-0.007567296631150636,-0.6309615971321306,0.11513136750780958,-0.06280672314395548,1.2095207024428862,-2.9701499266370224
1.3567296691768838,1.2486201616269075,1.303207324993001,0.93263884299112,-0.0980735685325076,0.9303778576228922,1.0571892702413659,0.9444158685402726,0.18334221399842102,0.4774105734360883,2.5760993982589397
-0.20362382336133222,-0.17372695269865288,-0.041941210642619256,0.48398229395152703,-0.6492629196101362,-0.7712301662346388,0.37863932383803556,0.13660228301270078,1.560350929874458,1.7191090700229286,-1.768898272685747
-0.5798483037490179,-0.6115693238485695,-0.6235461318010451,-0.26082845840458313,-1.4855620032310715,1.6573761202324966,-2.0447282630048207,1.2283943683343845,-0.30030825823631324,-0.386445762226417,-2.055690179321292
-0.25911101060607894,-0.18547584714105825,-0.2231955510143172,-2.107689387614403,0.0926794460290038,-0.6845560241798007,-1.2253917994691081,0.007994029548813363,0.9588066560109609,1.6229734486293805,3.164306760014637
0.24506540518889636,0.2556557813592034,0.19730622944013865,0.7692362080371281,-0.7683556595479125,-0.6830918015851747,1.5012358638272103,-0.11533499480733611,1.2319794032650222,0.5425154435355505,-4.323275433213067
0.1980864342679991,0.20053096711732088,0.19796908224029164,1.2217286662175928,0.085993480747625,1.5373575518978022,0.4019282830788125,1.0643121862471823,-0.06375426499064825,3.2710261222145895,-0.27087475258358207
-1.1339613469636556,-0.9808778951815191,-0.8358306375066402,0.64455841198398,-0.7940435416988534,0.21146015236391716,-0.762195931037249,-0.9784408800414345,-0.2107189790767625,-1.1924819267824778,-7.122088954421092
0.12818068509986857,-0.08267097479571495,0.09957222525122876,-0.8796424273675065,-1.0996583458443414,-0.5520247290115766,-0.17040965723498214,2.8144474532661614,-0.3290536720482161,-0.6893452522173416,1.781869467760852
0.1855521423657272,0.18766185345080297,0.1142611348112856,0.6737943936677578,0.2342983603768977,-0.15513313118059344,0.013236672801670204,0.3752574781667358,-0.25582313424258235,0.4187978282005477,-0.45986638983395206
2.484542971756624,2.2171835304980663,2.348169340019026,0.8605297079614455,0.15092152680649595,1.3530735775420593,0.7357333602801638,0.3808292528376731,0.8542398605768328,0.3972340529789919,9.115750982855936
1.9858560224659374,1.7858871748614102,1.7812752247929824,1.5588162477990857,0.579281971320933,1.4662028196256818,-1.3582633948587894,0.5250959739725976,0.2310099772555139,1.9501389841750185,7.858985834725193
-0.9364902347598147,-0.8109518208088267,-0.7024530626581594,-0.8761099242279576,2.1858637664176253,-0.816793179270256,-0.8409491386704581,1.8771364753316424,0.2352897091698694,-0.6683746832995339,2.2839352445478593
-0.4804057880235353,-0.18937161148854287,-0.1840951347417602,-0.22645458454413847,0.2772895312108468,-0.042433810079108215,0.27295575486338886,0.7925074116726066,-1.125223510379835,0.9049185186938843,-1.8526912807401061
-1.3345670422360516,-1.2952591503274633,-1.3441906146690836,0.7472720511434552,0.4850817670641296,0.09015682766757308,-0.09983458049545033,-1.6050559790039236,-0.9674900773752345,1.1624630046819957,-8.344035309560622
-0.38676077775492623,-0.5449496594051227,-0.6245352292801958,0.05741007143815779,-1.0775613288673254,-0.9862401105165975,0.5718591826367099,1.4034703847675043,2.14344682477698,0.7046478322206475,-7.770690886677869
0.28318346235439396,0.25979586721907144,0.1972251601672285,-1.1173276020512748,-1.2869074405363745,-0.05568505264999431,-1.2295073973595978,-0.3408965794450173,-0.1778257252886896,-0.96099634192432,0.10818628790634643
1.0509065776386186,1.1843738288474808,0.9217219339536245,0.414616285026703,1.5828294467733337,0.005322860451700487,0.3571286762713211,0.10715507283932346,-0.7747719955783602,1.407758805254198,5.511487641844205
-0.753922555839284,-0.7348630568423732,-0.6324805928146527,0.5786616338151667,-0.9234797799333037,1.1402094789367356,1.0915836193774722,-1.2792539721752665,1.4310991655892973,1.2293249313154138,-4.974176523381131
-0.6770442760550501,-0.6215505301798746,-0.5970766743836763,0.08796289633100199,-1.043944071468642,1.207425028311201,0.4868185471492834,0.5262020181238957,0.2818085486835521,0.5995845197903774,-5.210070620406853
-2.1624829370204353,-1.9610336728948607,-1.9765588972177603,0.21958492717994416,-0.03909892121655298,-0.32920939835900803,0.13911173976159188,-0.6513742900675522,0.5781549168645216,0.20434768720895413,-13.67264749263116
-0.2517369638986555,-0.19915433219681616,-0.4419612109249239,-0.25870590168573016,-0.09019241337738836,-0.21395314386081168,-0.09588360256597088,0.10016963799347375,-0.1380470752815336,0.22610801004437128,-2.029935029279479
-1.0160495204614448,-0.9448394001271848,-1.0809047176430238,1.4782789357160593,-0.9025065064432917,0.6642923020556356,-0.8348511527715018,-0.284099005360783,-0.31867309057680415,-0.07873579223937772,-10.325094279284437
-0.48747883734318687,-0.4487753465023858,-0.3644114194891497,-0.9006921837126766,-0.3049732187131,-0.5851884489270115,-0.07199859243978847,1.9250128017358519,-0.16958637249729036,0.6407851342526418,-1.6145939038543433
-0.9964132277531328,-0.9094010846296745,-0.8556373003571425,-0.5873207627637789,1.2293757176501043,0.5886401517374027,1.259705852880406,1.9822603001455896,-1.3827381702986268,0.031134852944977556,3.556138514181191
-0.03832681571696596,-0.011637896282537058,-0.04877713106161714,0.010985513527525621,-0.8059936088317976,-0.08790648736921473,-0.11902850660012523,0.046513170214741384,-0.08792740941989748,-0.8485249753526413,-3.069358627730737
-1.59351359280096,-1.6139566641590792,-1.7210240952184939,0.8789540277008926,-1.3936724843661716,-0.9693985777386207,-0.8898039893484101,0.06397771136885474,0.29603307704261733,-1.048591644827592,-12.89208737599084
-1.4532884187960258,-1.3855389121316284,-1.1764701726159685,-1.4973731700945367,0.9425936208997923,-0.9568367128796466,-0.4922470887653863,-0.37344296634951507,1.8504632338437539,-0.7520362536522921,-0.4225843015875165
2.1022610990628174,1.9617988797846708,1.9019196348200005,-1.3102967497654392,0.4922969119380367,1.447058696031102,0.20085029727593015,1.1060062915027862,0.0859990650052155,0.22213224254945177,15.690499298632213
-1.2987828384266327,-1.291787933696375,-1.1296762834982743,-2.037728507734718,-0.6205186206486616,-0.1564214791432986,-0.37351399718084694,-0.32891987033337716,-2.334177042210305,-0.026955836435207322,-1.8703309474566234
-1.0475650370971548,-1.0849593056841493,-0.7545290414210072,0.03269522525327079,-1.582167016126918,1.640354093898311,0.4853032830631407,-0.4213372746456993,-0.09398543278462142,0.21534379328874922,-5.853771405515181
1.6984597998807365,1.788475408968605,1.8048661855481232,-1.1183058172065439,-0.7446233564385631,-0.5136362607149101,0.5228437607490304,0.9785928636649645,2.739504133108306,0.500813133546111,6.5986285166969045
2.918218425478591,2.6833637973862747,2.5839038901876603,-0.3845501100179167,-0.05470443684927131,0.2912052011314934,0.8889831804046482,-0.5382990953166494,0.8663662349850397,-0.6273209259168789,13.33059991864766
-1.2028037447823665,-1.077987317494485,-1.1137319844298434,0.661378189891708,1.165672089883819,2.3926767230182415,1.4235594722650329,-0.03775503444853058,-0.8108889438085887,1.4656601683453478,-0.5756537987161058
-0.2204229557515469,-0.4491769512589004,-0.3639785622611807,-0.6415427207828466,-1.036581974869657,-1.0573867446632792,0.9958587243723608,-1.5813107815109928,0.5911065144305567,-0.2677108270474744,-4.26815223465663
0.3276217322361129,0.3081522866383761,0.3583898206941122,0.23128202274336457,-0.08451988151147344,-1.8978144998997766,-0.9342390641479599,0.7041903451231669,-0.7420134248897403,-0.433426984781509,-1.2511073852732761
1.862128653295154,1.6510345825512334,1.545305466539946,-0.29933790775172203,0.675144659894898,1.2865901312872332,-0.9035344465762722,1.9408669391818687,-1.3538075195468575,0.4823862373324524,12.476483759129586
-1.075156334250798,-0.7419038129021122,-0.9276957850857609,0.6721143150964368,-2.3812673401219207,-0.8268091053930736,-0.07577147645982442,0.7212253727997919,-0.3483693632340722,-1.8365102023750728,-14.048025571657611
-0.19829711259788638,-0.3431992060866336,-0.07403193627699453,0.4751280673480088,1.0337861679388998,-0.020706364106233777,-0.4511753572394145,1.461799167547305,0.09152643923886121,-0.7905344497229193,0.5094248776946988
0.8028895971650424,0.8562318625778674,0.688182829277786,-0.69193369617461,-1.1824505722064373,-0.5859182104515849,-1.1383267269609427,-0.8461021361773309,-1.8721555024333958,0.981072798691833,1.3517687051881724
0.36524229463743607,0.42501516386227006,0.6212483763236887,-0.16865175340045263,0.3319954934569346,0.2681627809553161,-0.44169179417299426,0.2363242820282007,-1.1491592905386359,-1.7374219290621107,2.1580482191104844
-0.361964382059144,-0.32445451422731725,-0.329466207731872,1.0437433977204944,0.24668314961074406,-0.9505362071857422,-0.474512933619039,-0.9431599243693896,0.010335563182354726,1.1175741969331559,-5.303588683324415
-0.036821457569513105,-0.11766398321918273,0.05809117135803572,0.393376870254097,1.084586391463845,-0.1799400878833061,-0.6718477397612058,-0.22776554558134285,-0.40817317598895414,1.5111365663591347,0.36892530002546053
-1.4007991447129098,-1.270572872495864,-1.2016742852619209,-1.3969620577511315,0.5509243808935403,0.4498153265565342,-0.3157894861550056,0.7722114773525048,0.39481127114609077,-0.36945533782374834,-0.4941970662737114
-0.3735307559082463,-0.23855986512489336,-0.11806031225225394,0.6556180611713827,-2.377290491729981,-1.008308886274262,1.178450850318331,0.10182061310329862,-1.2146683273085614,0.29181276742631007,-12.863987562203308
-0.26779251612715077,-0.13674410099191067,-0.31220984615983205,-1.0846106224362382,-0.7847792471559913,-0.7000840296458889,0.19923804124923924,-1.4126410226012216,0.7141137485533007,1.1190870848510266,-1.2597411838050572
0.15997604204285493,0.18404370360696534,0.12357697840488918,1.412513069961006,0.13820512935328008,-0.3473828335985318,2.4718090760554694,-1.3150291055377534,-1.183759097060195,-0.4667891880435197,-3.0928316772257274
-0.5827144939121266,-0.43698209210372535,-0.4538239014356157,1.024098839841025,-0.19497988611978695,-1.4288154342262782,0.17050818601964934,-1.3811639314907738,1.64273430193763,0.8677755205261815,-8.867418585865098
0.46501150097032934,0.3964122268008402,0.5232399945371566,0.2898854759184008,0.47761072975677044,-0.4225609827987464,-0.29006577393725175,0.4914525899395903,-1.7157582843783166,-0.6711487951306716,4.575425356909485
0.8762636405385872,0.9572598792167342,0.915469886237892,0.1572328434361934,0.7893665556697054,0.11879653990290184,0.004132882654866092,2.0638945356566682,-1.0925542703834126,-0.47760229333317933,6.247790015257664
0.026176660522811784,0.061900857101825205,0.011247061393249713,-0.20903225602742,0.6084517364296791,-0.39954894158842846,0.25649197844354,1.3624582440002129,0.4173708030318292,-0.7993364643249737,3.2188054980576357
0.39032175524124546,0.37057048560704486,0.18055493093035038,0.6785239514000281,-0.21427494255446522,-0.27137649293172456,0.43525395717106363,-1.8959851991460643,1.6642332514976381,0.3426471991948034,-0.46274531453034173
0.011337851884292934,0.1661076567530967,-0.0948738273985435,-0.37077816946206166,-1.8463370111204804,-0.019901670906585355,2.0767113258590237,1.421075938069784,0.31504303611617074,1.1579690525655495,-1.2645711483114348
-0.2050951542542312,-0.006108320948824855,-0.17668625751166533,0.23556987063989387,-0.4554812488548173,-0.655743462432314,-0.8453204649775686,0.9364004170146472,0.5628579201823911,-0.18411293211716429,-4.593810924889171
-0.6587705106141966,-0.7012309877620178,-0.6384536942438539,0.8719343665194511,0.4163681481389552,0.6910625658668772,0.8590460581777356,-1.5452999455287577,0.01753690167305848,-1.2712491599124032,-6.246255785657781
0.3382838420952472,0.21150019154420846,0.39734922767677977,-0.5618065435255897,-1.0904472525504776,1.4359781248017758,0.20775059761412384,-0.3032016167104975,-1.0263984541151934,-1.0827068222868157,1.931053324760768
-0.15439658433640818,-0.11076568077699964,-0.08889951726462139,-0.6161927399906946,0.6312747301215763,-0.46438039219544847,-1.5710977425706176,1.0955224114958095,-0.4901383482393793,0.3945994213705404,2.7824704102942643
1.9878218920459354,1.8610863527063428,1.65781000230375,-1.194365480724459,0.9083932972673044,0.4851982314777071,0.7706987820947633,0.5504335109347853,-1.2119097199812767,1.8441164133942693,14.714984966839515
1.6402195341803893,1.421656918413974,1.3969433661942634,-1.0644727461261723,0.12686697629584257,-0.23961715543464693,1.2676235608039048,-1.3090950523879856,-1.2787099677768716,0.39372499931439753,10.042605215849049
0.41379460236133514,0.3846971086174066,0.33098199763759,-1.8283953114415024,-3.063779866312396,0.3654873450385047,-0.8571764037774298,0.6107421557961942,0.40174891931974643,-0.38689655065125267,1.614237698750462
-0.5724490270800416,-0.6193832933907174,-0.47715161370274684,0.7298287890155296,-1.2780883627118034,1.5657795312032543,-0.008933867891970693,-2.1375005960805877,-1.1231779820879617,0.7661839668502841,-4.8673649959863825
-1.0787963840854229,-0.8320540294858867,-1.146884116077032,1.8089145420827708,1.8861891585560817,0.5086595430180988,-1.7253542620077036,-0.22282217575721136,0.3195540067233614,-0.23949863558674636,-3.304771438563426
1.2221592043898262,1.0846589986287498,1.032960897520059,1.4253289434703056,-0.546537793028378,-1.7734145388096807,-1.2588064596843365,1.1379567694000488,-1.3018227522210977,-0.3782852173642064,-4.541291593860389
0.24939499073845328,0.3644357764214168,0.4070595706868811,-1.6260844886265164,-1.984143223128996,0.4539956314469589,1.0480295776172526,0.018394215571319834,0.29638302011675466,-0.9584591056952636,0.281996391122066
0.5454854727676741,0.47563643165416214,0.47712689718710455,0.7248546715562,1.2352473883102724,1.2328637433090093,-0.4664165060074345,-0.4989375499619459,-0.4886825689629625,1.4084488442463559,6.881728669770677
-1.6945791708743403,-1.669456499365193,-1.513796080925131,1.4221063499235564,0.013355591543672855,-0.2215961699981027,-1.1088029749380393,0.8893462537723492,1.4066155336506445,-2.5392079174956637,-11.222559167229521
1.0275764822433964,0.9156741136183638,0.8461530771047505,-0.456809980738664,1.1049404889577255,0.9956348061178324,0.22946036445842968,0.9747518150865815,0.32371889557906497,0.7978592002792693,8.988664282625278
0.41271450472338017,0.43665263999804155,0.4419726582586531,0.10144743065004946,0.2769586752193653,-0.690115541151946,-0.5224124314310232,1.3100396928669502,1.2357828929941415,-0.4637449377975369,0.2580657110073249
-1.145263282249995,-1.0460774921447764,-0.9216266629451767,-2.0078930508046704,0.4585591362121688,-1.4855391595222738,-0.4708216577755361,0.8743424284463873,-0.7556467164251925,-0.4103407314516127,-0.4182326213048664
-0.5098530611229074,-0.48061522010358504,-0.5053209585942307,0.2667361679766415,0.3630092477145166,0.14116901883264016,0.7393260256749032,1.0813747939371465,0.056143340244167284,1.6923151561178125,-2.5710949261413125
0.32698134205083873,0.13868257135478554,0.3251513418116876,-1.0635597294347174,0.697488311921,-1.7564767207463141,-1.1617333589343466,0.7329085574375346,-0.9810871581162783,-0.7141310922000513,2.0678328920661437
0.17233675357998218,-0.07364655776333509,-0.09008018316793465,0.19963501791151453,2.2774304485560983,-0.23977101289359176,-0.9053652126818322,0.26552864911647195,-0.4136052427444181,-0.6800691540284102,3.6238570799706324
-0.32887842525549904,-0.2253030358508791,-0.23011726994004572,-1.5612029221888803,0.9710063359591881,1.286842262645503,0.15407999214886864,0.08950899976381409,-0.2621042227446291,-0.13039423891953036,7.491869046225567
-0.13747016628940817,-0.12044986186951988,-0.07526534493073206,0.5428582244775959,-1.580339317845535,-1.9097629057462808,0.9694097907482053,-0.237259719097402,-0.7258582206871392,0.41384738581223823,-9.705459036208158
-0.22685120029730144,-0.2870656212690344,-0.2884089492054076,1.0245126754266898,0.4466615152789034,-1.2794967959138979,1.2381603014898497,-1.2123682930597257,-1.215502858845695,-0.4418557822928694,-3.454943090610909
0.13290159210143646,0.14561483663519742,0.13503773335965705,-0.7831798617151676,1.1414807681032177,-1.0320322451615775,-0.665061720361623,-0.9553115088198088,-1.4135173236526528,-1.5738589305358854,4.538491489987227
1.5476562652443482,1.4615119545767494,1.262088760427286,-1.1369225814104345,1.202700806536146,-0.06331985971095996,0.9373769669196479,-0.28201448193520967,-2.339748115707397,-0.8656981808817654,12.8315462480762
-2.746800624180821,-2.4238964034426207,-2.4171627295243425,-2.156023042549981,-0.42660498305909955,-0.36571678564620924,-0.7841422934704089,0.2414521596024293,-1.0563464635034578,1.2813338564645194,-7.025965494255743
-0.30298666826303583,-0.2774921462154774,-0.24852671222008027,-0.26641353407517704,1.1649444451881277,1.3991363816960873,1.8262093469068,1.4408125980042632,0.6274938966718445,0.07477678913551145,4.453125515751867
0.1139191146555313,0.2657902367557406,0.04846231569803611,-0.5815939342816051,0.9277423995512052,0.9543483290916974,-1.1337710254197284,-0.04179722787551253,-1.598498532013283,0.45108728370382206,6.384538078340228
0.1103655086962079,0.40752913044127503,0.29867433712771435,-1.5510194123480547,2.57251743696973,0.49527294606859795,1.328478810791731,1.003476290877664,-1.368122846253305,-0.2614212071730376,13.128158171011428
-0.4490056568707942,-0.3137543198293971,-0.4497316726043972,0.45301875631217164,-0.7500017362485115,0.14563031434388482,-0.6564861068187239,1.0793156564321207,1.790898571232915,-0.6594976961732696,-4.924307957347183
-1.8299342717462568,-1.5909926124471263,-1.5098519019316192,-0.44997038186464916,-0.5074005764004252,0.3932297769848273,2.0132464547946003,-0.231446797688791,-0.636496049848254,1.677569449875411,-5.353534181725851
0.3119071113526032,0.410952509273509,0.17704802854981666,-1.0757359586452324,-0.3061190484599539,-0.861982355313375,0.5913207288524843,0.5946902113701839,0.3210460091648358,-0.18819185705108066,2.426152337915694
1.8163874854970061,1.7313906487683368,1.4979857011896658,-0.5545724056404471,-0.4902221500387753,0.8572103535566122,-1.016016529408222,-0.2435280417248615,0.6423171465004947,-0.44336987952712686,9.94094385636856
-1.5534662570113937,-1.408040400501321,-1.4429356052460418,1.0713045389296156,-0.890020749763603,-1.112044254359201,-0.5222384795425068,1.3221358940784769,0.6625261297812802,1.0961423663553396,-13.908719551089213
0.781362916076496,0.8685043767792695,0.9099598852158534,0.6029369437552222,-2.762675505673743,0.8353769939022309,0.7811812052237417,0.6358433382659322,-1.5223142306080597,-0.7223603588673853,-6.512088480173063
-0.3330815864199762,-0.270526116099029,-0.26264370624894534,-0.13002606149848983,-0.4346994737231341,1.186142502118831,1.0526444176155614,-1.1904837546883553,-0.23105967989949022,-0.5947273437739967,0.07224769330820285
0.02260954388646065,-0.1460451425011684,-0.076365291500402,0.6191050184648526,0.36935805969990443,0.2108646020880872,-0.07071559172446261,0.16152465215384673,-1.6182272695183921,0.010246684016898003,0.34320404830912743
-1.1309752159931414,-0.9441957326199847,-0.8977367155265817,-1.160911956386739,-0.4932218455059107,-0.17621305896197587,0.044658280963466405,1.6481121618238797,2.4463178589103234,0.00027010408817970173,-1.8481223988510065
-0.40730216306959255,-0.42619848142820715,-0.5117297898532578,0.03237010072703053,1.9353811835291097,0.4003099083096733,0.7583530326440655,-0.18123103454670117,-1.5948752640156,0.2596113479032144,4.219222860552751
1.3447285114408964,1.171474408554006,1.165726776264972,0.14732233048647056,0.013375812715862578,-2.861518370100673,0.13179842701081995,0.44771503009506813,-1.0478402188698202,2.091669089395488,0.2598046717968361
0.564932352729243,0.6578076853129686,0.7241411355694125,-0.4698365084987269,1.2910290551841355,0.30225821848546125,-1.2935048593383758,0.5458788377391453,-1.0406008548415047,0.33624824635237044,6.382103400366972
1.784110380666702,1.7129136381549825,1.5723150955092169,0.43545833595741784,0.26142041272996835,-0.11335399783980703,-0.8129740246401806,-1.0366228991646005,-1.4966604767228804,-2.3780539627508004,6.975660472712301
1.17632014563407,1.2375331577036779,1.066462016996858,-0.7804334546444512,0.826407309893258,-0.05062811305699102,0.23511994315166507,0.5107079492135139,1.3525939097565454,0.3262989434315609,9.548393951055221
0.49521977077674156,0.39539839428811396,0.4499908490008382,0.5098207077761179,0.27924155393356226,0.7065325128978275,1.2154824164976936,-1.3938351520346257,2.422447901083496,0.03787999448959883,1.5362407049466678
1.6611282770445408,1.564557892557261,1.6591015978824475,0.5518587715312919,1.3687846319035628,-0.07476892156472781,1.6159824241620477,-0.6256241064013961,-0.4757491193126174,0.04345002435145766,9.63005401802657
0.43802638667523736,0.39780852503575637,0.19534717357548287,-2.917159880697066,0.05593935013240072,-1.140206856651158,0.7795294207714503,1.075722967494192,-1.32042314684441,0.2459473093961707,7.873684661689293
0.8111329756480063,0.794751271736452,0.5769567109382504,1.1903057035101177,0.4961207080887857,-0.14140267082537805,0.28729076103636375,0.356756290308358,-2.236925498726021,-0.028678287674799376,0.0015845014963211668
-0.3938422274630388,-0.2754233085507722,-0.24588472907262288,-3.047632565352754,0.3663329336500437,0.06755548408082447,0.748813885982477,-0.304477807746527,-0.24410871852210148,-0.052612093055389005,10.548404601262451
-0.05853241997029024,0.1539129633667807,-0.011596421916466627,-0.6160490255561253,-0.2882854581273188,0.11493391158101274,-0.6667508502068556,0.44646102124518744,-0.31636542316144384,0.6130442097707861,2.1080029441211323
-0.6425639004783039,-0.6914542661355386,-0.49647891474825767,1.025348034257755,0.4049823189246768,0.16191936728506806,-0.15323096025821417,-0.060092247755131445,-0.6512961263601446,-0.542080797194501,-4.820576023516415
0.9615077440174148,0.9682674956093443,0.8591081021468453,-0.31728672525244067,2.234386246197682,1.0393690449185533,-0.8241307213394766,0.012578502351833248,0.2213752539762284,-0.9476863356391756,12.287767186271276
-1.260086045646652,-1.1984786139138908,-1.253926334374691,-1.466185982469542,-0.270396942095442,-1.0860345530341475,-1.2487426107077115,0.6568185267201376,0.3951731428154863,3.023781452622391,-2.761079726539202
0.7746560274637947,0.7792582075402833,0.5773139164914954,-1.0937370617166706,0.4194648928532483,0.17570045616484992,0.33354901163620493,-0.7273677406591319,0.32308325793790066,-0.7158574437812334,4.397311573412733
-0.10040954891721525,-0.18086982061505052,-0.446553553717701,1.0269057463206197,1.2577789508694428,1.289929698618241,0.1855133065847436,0.040336405554690695,-0.3161248719684872,0.10014291246007646,0.5092177511021905
0.9887880658375655,1.052699671731192,1.0307098303922964,-1.9215045305486382,1.1402532809442802,-1.7346114969371953,0.6876524845090128,-0.3122681946066529,-1.101621829574262,-1.4956602508753674,9.907365871419945
0.6311378935389937,0.6944591903207086,0.6569436771316955,1.1289911009620173,0.011716417719365251,0.17964668078005355,0.5461118308924472,-1.5856033746002556,0.6658330978067158,0.11646841505142191,-0.9915944351327506
1.7468152422951801,1.7148797900432438,1.5961352709039316,-0.05510209904228934,-2.3833887029573617,-0.5853785019730434,0.24264427132386202,-0.9204557562492998,0.012513759421530454,-0.9332255506893351,0.6125508337511241
0.8476690004762711,0.6726235462347449,0.7655851259277542,-1.1923953304424335,0.5167028186484662,-0.37071038447310495,0.5566166656775543,1.5682064470638322,0.8883575248346502,-0.44247294285001093,9.058932238681397
-1.549433297019697,-1.351730943489164,-1.2949842464362473,-0.5831150723026911,-2.2194742586230527,-0.904807503214422,-0.04268309622747663,0.38472331458523407,0.7900755494722314,1.0450646657711238,-11.740127814134691
-0.005567793661302688,-0.07148119443792117,-0.07729669794399188,-1.0172243411016413,1.469937230941231,-0.16955071570044408,0.4128913952224006,-1.3235883014013892,-1.4217620690471156,0.47200956837807373,5.180733097114688
-1.2632200661249144,-1.132918521779262,-1.26827584008302,0.8662252008585286,0.16947387119326057,1.8412556144269043,-0.7261444026863596,-1.5403543758484106,-1.4342222074576032,0.5684095245748191,-4.076165777238482
-0.6078427123879168,-0.6601619268567722,-0.40472370008042136,0.7324278097628383,0.999674019871989,-1.2644303611772136,0.3697059256391301,-0.11216390011058394,-0.7555407187405284,-1.7712048383918628,-4.418062771207395
1.5470535306145385,1.3641304234545273,1.415641612799907,-1.7191611338760466,-0.9021111381810512,-1.1696100024788274,0.6684176852860094,1.5611865331764823,-1.056265408290668,1.8368951698290128,7.148728473929141
0.6421957573725318,0.5846112463963029,0.6047195868236209,-0.4035921185193341,-1.5525074733000543,-1.3019345701635046,-0.6696814280722031,-0.18675813480435263,0.7552517759761007,-1.191881310941875,-2.4047396164309576
-0.6550313230696162,-0.7188521212439404,-0.5308894107900601,-0.8631856623442771,0.2607543841411672,1.727418286628101,0.05183209899284673,1.306999553404016,0.35130967598791774,1.528560814293865,5.902650445062619
-1.028731045714675,-0.8524948906481551,-1.028828439442463,1.2935099684593703,-0.03360343995614198,-0.46233970552128695,-0.6236025096293596,0.3519307708186574,1.0991839937853107,1.0215438659814862,-11.461817359606629
0.05503359099263095,0.01794796620075026,0.2303794222071486,-1.350099118126421,-0.4915408261571657,-0.025639060347674214,-0.5265066965161149,0.47125045784589364,0.3964868174109183,0.5773327417846801,2.5371203786761867
-1.203910622588719,-1.0526566019666113,-1.1908469097572019,1.604229104685014,0.08466128073276377,-0.4027829411062397,-1.1249293551021546,-1.3357205093045694,0.20864958187336902,-0.8549847809083815,-10.02527784501544
-0.6089188862697871,-0.6326468928027226,-0.5291039569368375,-0.033294739516937566,2.76743589203226,-0.9444228784030915,1.2657749251665555,0.9375229217497576,1.1997297803441704,0.15158984481952292,2.228793095208343
0.3765701341068015,0.29938722488740777,0.1120737549547843,-1.1619344063800876,0.8345255473690577,-0.2351506466144354,1.0656851747200478,-0.3349320372736072,0.4697273397350485,-0.4709214106448598,7.805462652622401
1.0257222765553546,1.0904427184843613,0.9467543637690217,-0.6772741840092779,1.049498605863319,2.45824360573656,0.5374338542273371,0.8630924536109083,0.0681009634377188,0.029039571505291815,13.421732795975956
0.4289799877971713,0.5786270987429345,0.6995221896745294,-0.8016188407684506,0.8439368915533556,1.392070920974255,1.972195951943814,-0.814169981986113,1.4804530339306854,-0.24987225908555988,8.261419541652558
-2.2111498767859796,-2.039221432924206,-2.0882505400383753,-1.274618402015506,1.4794621438521929,-0.8529378177922723,-0.18924569656839169,0.1770493475099125,0.11518088315279006,-2.0386105065724083,-2.926304174567759
0.39938473649121475,0.10357953443864934,0.3579223166405136,0.09482685973037566,-0.1900716729007449,0.6475741030616857,3.0317624151106344,0.3520029539376315,-0.30434060491792164,1.121784150984588,1.674892138036422
-0.00961626832848908,-0.09169176498414529,0.08852575478124475,-1.2279155506918433,-2.0547613076752937,-0.8315227726663764,-0.22752941536322038,-0.15403331657586652,-0.8378232587776496,-0.08110715654936117,-2.8646498338035986
0.2651034528490428,0.3497421046195693,0.3620054412354065,-2.1803662087381888,-0.1885861330060098,-1.7763676388462208,0.25519335175601643,0.4045451930861567,0.7030254590454112,-0.484800399502237,4.371448013075466
1.6241324673317834,1.5365614281236522,1.5909737459793556,-0.3796764708481731,0.8117357099965018,1.0195109176646295,-0.39777791394020817,-0.26639707519250877,1.2370505418424689,-0.5603272328297677,10.968566011539691
-1.9887712186967004,-1.9048680089833845,-1.8805803315894587,-1.8028561964178826,-0.9698003951150737,1.1600928466435507,0.372325560060305,-0.6490597530412794,-0.05058740143343007,0.3584595763667682,-2.9279388258446404
-0.4472958633963604,-0.5237012780893523,-0.7100668934283422,-0.7521608680675204,-0.17636595048933035,1.0460522510478993,0.8356149278862445,1.6054833827939645,1.3079156237798386,-0.8937563382944722,2.4993171287590803
0.6322101285614707,0.5306213336232413,0.4514916813188487,-0.9091028886033559,-0.6917697430023131,-0.46986524921957273,-0.11391639305308393,1.0489528663614422,-1.970015031971576,-2.2551755584740434,1.3456147716025164
-1.6113317351807979,-1.4209911840219043,-1.3683157866383786,-0.8712160720258142,1.5020292518431304,-0.16677573400198623,1.7767198471176207,-0.7608647450481768,-0.0554533748079148,0.40712980320827613,-1.5875658751206807
1.40449859832672,1.484567227903052,1.3679050538844089,2.0009631015901537,0.7494570154065637,0.7497655536581233,0.23914928463346072,0.5684443055946129,-0.04009491210443619,0.5191029979568217,0.5151743221597851
0.3692727160343107,0.3646634085673507,0.17481512640704874,0.05641156716957076,0.651540620643959,0.3914960373481072,0.2704853861101991,-0.742678854701153,-0.726994372407347,-0.1996318246776329,4.563628650689708
0.8226428095325835,0.881267392350181,0.6894913353182435,0.24537100899533215,0.6216013131209713,-0.3936374712970443,-0.9089976945137175,-1.1846846436623242,2.383861037981873,-1.1479028751900089,3.8183932388297555
-0.6521490939800998,-0.5205848573711345,-0.5720214302898398,-1.7763982963422946,-0.037249252552126945,-1.6190718201181646,0.4184990745503845,1.0338094413989762,-0.06619263268876116,0.08893554088928533,0.8051886706682444
0.9776641420352734,0.7281568633252693,0.695840361558167,-0.6539631336369219,0.1975562825275035,0.11387519414201226,-0.1340272208093656,-1.7040996256474057,-0.4077307716044333,-1.4645323683135887,4.821851580547475
1.2112850281548089,1.0708733253095866,0.8240330415299794,0.21530262994151197,-1.1851845805323176,1.0790096392361133,-0.6082397293372869,0.9268559135765412,0.02596211343350502,-1.0272305966876594,4.996722977774241
0.32376191482160266,0.23008316893660416,0.14675310731150365,-1.0245289129130064,-2.1864419787505676,-1.1975882890341571,-0.7764744081483639,-0.2527223125730585,-2.0028137385258296,-0.7506979365041612,-3.624474072176654
0.1607328608739657,0.22278803580412007,0.13809975490287357,0.9080628435179854,0.15008113034502407,0.638759381675977,2.671763379756685,-0.21154660308052864,-0.7598679253449151,0.8439390708915561,-0.5460682201480603
0.3387447852255082,0.37466236309280554,0.3204622413297452,-1.2026965859010301,0.3239902562721444,0.33154169513369264,-0.2634772501790354,0.4097512196232897,0.9832399694454041,-0.3626109504369171,7.295618674800068
-0.8121751519795495,-1.0162477717856195,-0.6960986071664191,-0.2863661358651756,1.2092645684253776,0.7501482632323336,-1.4569854207812678,0.5811988119942524,-0.6289453549327747,-0.4478664117764606,0.5744059086339866
-0.11212503030402869,-0.2535669798411009,-0.14735685802519924,-0.5860516399755586,1.5713358160823676,0.8719754997190072,-0.6982214597325725,-0.8263431768289082,-0.8288751628002715,1.9546925154112462,5.890368358279791
-0.05254931108885663,-0.23986203993969046,-0.1764742587941961,0.16432065938191598,1.5699984849989468,-0.694465241925353,-0.051567839476213594,0.7177256087500634,1.3095256365144003,0.3524624971887139,2.395145256629212
0.4342235557823973,0.3351633193303159,0.35904690912205695,-0.640490071855426,-0.9980235932938778,-1.616959400164946,0.546667032616485,0.1133705380252234,1.340254400951829,0.33899451047482604,2.1668340457714006
1.0590253858146415,0.9294643809834975,0.8181843114737076,-0.27089362707093734,-0.3522650349497693,-0.5335195256828793,0.5547965217253135,-1.2560547928680381,0.5169904721611418,-0.3697007452087749,3.7291902399950656
-1.0075835793086325,-1.1261953297013325,-1.0673656819973125,-0.23613009177798555,0.48033429588137955,0.8891273175270074,0.6766145517765254,-0.1698744835797392,-0.4551173340386673,-0.5963716676367777,1.140216054850248
-0.09774571767940916,-0.19757122138846483,-0.20653024818019156,-0.734387757391301,2.5319046777421774,-0.542003903525971,-0.6448603066373296,1.3812790155589258,-0.23947106511632352,-2.1864064400171506,8.775744014753101
1.3387666572818386,1.338515435994139,1.2698286764959303,0.48509386849711267,1.480099203713916,-0.6940433238576419,0.34044044350154545,1.6765947982456966,-0.804149961574959,0.9687405319235582,7.000580090927766
-0.7368985426197195,-0.5098148900058646,-0.7855767859105349,0.23838837483742528,1.1193971619983802,-1.8213503419246384,-0.8760594641105784,0.7173484576086773,-0.9947731190286448,0.44830970575637913,-4.783326828838975
-0.8667453739982504,-0.6369981606060326,-0.7238190596550008,-0.0886139452531673,-0.3877879555492906,1.752647554550939,-0.6196429830140117,-1.19034348816837,-1.0444164883084324,-0.17916599321341334,-0.26993388429843557
0.09991891521999194,0.15925092882486197,0.2550471400264451,-0.4304583334619581,-0.8831996311551246,0.8257136414253099,-0.9177089745002595,0.4906069024558882,-0.6180544067852075,-0.13722670183625574,-1.0761103644616605
0.9789305200293861,0.7730792677365101,0.601236841356964,0.796544030519997,0.7889078833832395,0.7698959812747644,-1.1883888545982695,0.8508609038591928,-1.034720990684745,0.7361442622610551,6.574253817340309
0.14974568283151563,-0.08108156699243717,0.012796321126196733,-0.23583424381418136,-1.10066126423436,0.9677253867794737,1.0642094888580087,0.7257079833187221,-1.563705118543149,-1.554710073079853,0.246426752213823
1.4376982384606383,1.1098621278571184,1.1740709518666568,-0.3066972878259372,-0.23843635098030264,0.5767083615434017,0.6886117009788877,0.7849542886879182,0.21940266975390574,-0.5898813315538055,3.7595882254268984
0.8772110559149968,0.8046038685255185,0.8052654528635544,0.10469002988812601,-0.11477794900192263,-0.24432885517952907,0.9766653699781299,0.3632630792475308,0.23459558089343707,-1.1363028628925305,2.1327286646833024
0.9498700765662744,0.7199009048860366,0.7563441833906969,1.6965866829708507,1.592912089122808,-0.16376410412220166,0.03931306602429631,-0.0724123388305437,1.7007927584283167,1.7715092824867462,3.231091709083791
0.5550807557722394,0.5196226337249278,0.35334492319852084,-1.340356208021204,-0.35469730295967755,-0.4275643645921248,0.7768076988651466,-0.6083674959040184,-0.6683383683547026,0.8756555318533007,4.428873195217468
2.3438768824979075,2.0832539774053025,1.9686488604257601,0.7698568930553547,-2.4392496385726155,2.634740754415,-1.761289404642545,-1.8979355185014963,0.29610058962327057,-2.2026926411353642,5.777930859208816
-0.2926393985030028,-0.2558615610875626,-0.1817031624209425,-1.893171161238105,0.5044446476624683,0.5559120312994426,0.8630875180453551,0.33964176671335083,0.31271257927480167,-1.5137616266399756,5.583906554552883
-1.9717629877066067,-1.8914560098389617,-1.7002919708853117,0.21727315822862395,-0.6990218531039264,-0.46380044135143456,0.1771198300050302,0.18605284365218855,-0.2538375611255331,-0.1323456733574863,-12.549305567644396
1.6090852357910943,1.5533384112639987,1.2224101882611265,1.5750828276087308,0.042631024437746814,0.4654967741662798,0.6271096001491656,0.5575758428248162,0.7443335887496761,-0.4724402120724247,2.4301806990248456
-0.5619116003035828,-0.40141670270962315,-0.37735682988098507,0.48866852446730713,-0.08670470084212364,-1.0108689178563175,0.38002329904861315,-1.3375436932928941,0.7752291868507144,-1.3243822080768883,-5.408838302758141
0.10378467539770529,-0.0031526966066816042,0.21605460043749408,0.1706250785397928,-0.2737039958177683,1.504506718589227,-0.9870551545368866,0.6450166893150603,0.32741109519753997,1.9447622376504894,1.057702333036077
1.3031723197519822,1.3124480090283455,1.163293028753853,-0.5604494688030756,0.7903405817847039,-0.6610690958071401,-1.4980397753910466,2.054545094620777,-0.25563970504779554,0.3125399139825792,9.351034872138836
-1.4584546477273541,-1.586163499734127,-1.3870133373503886,0.03104720048855424,-1.5328648783527072,0.5010854326224657,-0.7120541661829632,0.07845013077791134,-0.35753010855453504,0.4748163228630915,-10.027743089490016
-1.1801101478250666,-1.1384362202322478,-1.1967894007853057,-0.2520628154033563,-0.5170142249543602,1.0659776297431345,0.5649172812729122,-0.06166531920654083,-1.3677538987970592,-0.6920149492322138,-3.2820225340625773
-1.6003623019915365,-1.5220651343923663,-1.453086763334656,-0.7859766079313554,0.6840379131173813,0.3847685442049928,0.6900914151753954,0.309002356085701,-0.8059177786176916,0.7222741471780024,-1.6747078196747875
-0.7742333052413373,-0.8645404754503885,-0.8768140128536966,-0.28987561547486984,-0.6140847753443682,0.09446999181963821,-1.3679422773818628,2.032337024710338,-0.6220075239016879,-0.3804327609820118,-5.4888724677355025
0.44317359626532943,0.3923589593496488,0.1612386145734068,0.19838116062643954,-1.6088067092699718,0.010802084856015158,-0.9810993674682146,-1.023647761699891,-1.123971762429434,-0.2833431737074994,-4.411098963111122
0.5079547240291271,0.5272075500372339,0.5660456386540214,-0.7672170685306403,0.6685553432567358,-0.056441096887107134,-0.7232356859408393,0.20320693339390494,0.43992396668766426,0.6110019598252598,5.934490034017966
0.18968000353749082,0.311497700800094,0.1501472686232542,-0.8062818206846841,1.123094630441539,-0.5766984889275022,-0.3573050602668157,-0.7996574222976441,1.19662786898701,-1.6289975650602997,7.497694317340967
-1.4248500341009207,-1.3534066214933016,-1.317042080003473,-1.3602434375921744,-0.04499520764300634,-0.44948342976970423,-1.3620508308526522,-0.547004720844995,-0.9080624323291501,1.5970278598509826,-1.7102592131106589
-2.369791297164845,-2.0720559535529275,-2.217737318296399,0.3907250260888961,-1.9608455984695325,1.479590373650935,-1.4220517661401326,-0.04959030788193934,0.28344143574463715,0.1823892147238758,-15.404830492797057
-0.045671657723469455,0.13223676779978788,-0.09207874345704356,0.5453232619670604,0.7059697466988162,-0.10853663268515668,-0.8218352964075539,1.3473232416135588,-1.0341111395297102,1.2809442087804244,-3.9491226772189587
-0.43087828847453297,-0.4687195612683992,-0.4419822002839638,0.23166044423651747,-1.659887881419688,-0.7857962693827731,0.08625383622500567,1.8009906006887368,-0.30492217093916213,-1.0754197566188184,-6.867244282625808
0.4906869445112706,0.49642622810173676,0.34048947513138594,0.9651704927286658,0.3087992768481657,-0.5162975968615086,-1.1805943397534906,0.4481421446267063,-0.6903295791777758,-0.9231651240281931,-1.0506680828266024
0.5590170253118238,0.8215594237252616,0.669555363398613,0.08786763708072752,-0.8874638247421598,1.100370680697223,-0.11580350997176611,-0.3765947230234853,0.6018956486064415,-1.1619002215998122,2.7738808126079917
0.12842666105907175,0.28816812851838997,0.16967113075077292,0.3920109373657567,-1.1598392857669653,0.6756066331644784,1.0585528161418154,2.4927388666385184,-0.6787881738421783,0.2502976726648389,-3.605375937385409
0.8397891962478476,0.6238864406412613,0.7162047414707291,0.30383742563756283,-0.4419100170796902,0.5603291782322569,-1.30177973741351,-0.4275544813295202,1.0116604137066467,0.06598330191824608,2.6036182301580935
0.3139492732267741,0.14362815651674293,0.23015031579640596,-0.09154001941820787,-0.18329755642725984,-0.25752119890979147,-0.20644575841053947,-0.5711359143597373,-0.24572077366219902,-0.4644118192311805,1.7012996173623183
0.6121316530322858,0.6223549732601014,0.6348350555345086,-0.5308218281296473,-0.6442082503864482,0.5733624701729451,1.0247567337507726,-1.7749430445787269,-0.6496037095948308,-1.0140691928852794,2.7535588099636037
-0.7015602063177656,-0.7541020837933992,-0.7409653134873828,2.214152615791911,0.5887032782151507,-0.643561124950648,-0.4182683903638093,1.3960915692447435,-1.253305262345163,-1.2665962697308424,-9.45358484881217
