x1_positive_driver,x2_negative_driver,x3_positive_driver,x4_noise,x5_correlated_with_x1,x6_noise,true_probability,y
0.30471707975443135,0.5154104029008109,-1.322541133291679,-0.0397062823469779,0.027806589509348306,1.249022696873495,0.18827099603292244,0
-1.0399841062404955,-0.5775388873556505,-0.4861941306990469,0.4424546049697111,-0.3389021874280518,0.687692185117782,0.2004595128052916,0
0.7504511958064572,1.274447216941239,0.42022670947458574,-0.3044267628566672,0.6893663213944087,1.9661274713755903,0.4072192661765331,1
0.9405647163912139,-0.6275875364369197,-0.10239670661109637,-0.4096489283680019,0.3915227943250717,-1.5478328327399113,0.8382017946855794,1
-1.9510351886538364,-0.6366152831022357,-0.6505636204055921,0.09235403825445808,-1.852949339214906,-0.26536010831425455,0.07226262279890729,0
-1.302179506862318,0.5411316108045314,-0.674212461724509,-1.9209159258951816,-1.718007964718086,-0.46252138394282544,0.04397287478014591,0
0.12784040316728537,0.7629264823369366,-0.7123370644127087,0.4770351272264581,0.22671023241553412,-1.9736826764086015,0.1783183896471631,0
-0.3162425923435822,0.4480993639362036,-0.8795096286589426,-0.0005630971229588082,-0.3967463405207978,1.060327204779694,0.1387139613923435,0
-0.016801157504288795,-1.6855973173848082,2.2816328772760617,0.039693526597561826,-1.080088855756798,-0.2703965558033584,0.9542421056797494,1
-0.85304392757358,0.5380344399282511,0.2975110711855549,0.960734307594464,-0.8808546384264151,0.7396312049865622,0.1114793409857515,0
0.8793979748628286,-1.034308051674399,0.8867590544047386,-1.9528155300482481,0.254083167982393,2.3597719343296117,0.9471464195293018,1
0.7777919354289483,0.2352761115882635,-0.4890774681189237,-1.9738338698589637,1.2923988680485086,-0.3532436918276083,0.5235401581733783,1
0.06603069756121605,-1.4237344353990602,-0.18595667718604886,0.27380384532351953,-0.7167273521810773,-0.4211529826571552,0.7788707185947047,1
1.1272412069680329,0.44632214754306365,-0.713553981370355,-0.007116855128515773,0.1968230453457005,0.11866416972399602,0.5265580637775831,1
0.4675093422520456,-0.8065989043073726,-2.651708334919202,0.17017694319193222,0.8501183460865991,0.9872473529834096,0.31473863923350937,0
-0.8592924628832382,-1.2826346502605217,-1.3780092768478662,-0.46212707517244556,-0.033925926303645215,-0.5667130253101499,0.3272560274612794,1
0.36875078408249884,0.7138201364823995,-1.8106186799803947,0.6643536742399312,-0.058679234364664545,-0.6309615971321306,0.12131634063528242,0
-0.9588826008289989,0.2416445216767513,-2.2497837779516074,0.93263884299112,-1.0036005708857592,1.0571892702413659,0.0501487980050329,0
0.8784503013072725,-0.6139768013928971,-1.1953589742981028,0.48398229395152703,0.9361436544294452,0.37863932383803556,0.6434401854809938,0
-0.049925910986252896,1.4511788490210642,1.3249556793816308,-0.26082845840458313,-1.0846393418650793,-2.0447282630048207,0.22329541367057823,0
-0.18486236354526056,-0.44065242156974244,-0.04443616770435442,-2.107689387614403,-0.9761839306864457,-1.2253917994691081,0.4655222999293875,0
-0.6809295444039414,0.03210767397093466,1.290563762321174,0.7692362080371281,-0.6370271886857763,1.5012358638272103,0.3197108428665629,0
1.2225413386740303,0.2689134476786009,0.4109825769008753,1.2217286662175928,1.6143567587636294,0.4019282830788125,0.8184949795200324,1
-0.15452948206880215,-0.6196659341286136,0.7825588257151592,0.64455841198398,-0.3119756512266344,-0.762195931037249,0.6495312055472985,1
-0.4283278221631072,0.47113629339992935,-0.9008969953045751,-0.8796424273675065,-0.27582431034151084,-0.17040965723498214,0.1189935859242336,0
-0.3521335504882296,-0.5334523471647244,0.5239509541926708,0.6737943936677578,0.24610500978763317,0.013236672801670204,0.5118276665571793,0
0.5323091855533487,-0.4116383222162092,0.7287142340743459,0.8605297079614455,1.3473300191401774,0.7357333602801638,0.8124291335666857,1
0.36544406436407834,1.362642639803341,-0.5766472922336929,1.5588162477990857,0.014501235356318087,-1.3582633948587894,0.14007719441496327,1
0.4127326115959884,-1.040586052512433,0.5595403706161663,-0.8761099242279576,0.30197293301694955,-0.8409491386704581,0.8660612036091208,1
0.43082100300788273,-2.41278033092949,0.5661877585748329,-0.22645458454413847,1.143040601860191,0.27295575486338886,0.9700666423187395,1
2.1416476008704612,1.6109369950118944,-0.5495526211300829,0.7472720511434552,0.921246026816703,-0.09983458049545033,0.5625125093569532,0
-0.4064150163846156,2.549327952607003,-1.122768432270995,0.05741007143815779,0.15760021946075814,0.5718591826367099,0.011131846970796371,0
-0.5122427290715373,-0.40526926544933184,-1.1841283318982723,-1.1173276020512748,-0.8424240363662192,-1.2295073973595978,0.22361279037218248,1
-0.8137727282478777,-1.9368380406201853,0.08650554192146179,0.414616285026703,-0.5642169809894878,0.3571286762713211,0.6761255691241042,0
0.6159794225754956,-0.31048397619594376,0.3270098687893148,0.5786616338151667,0.3528059956014983,1.0915836193774722,0.7619029800961892,1
1.1289722927208916,-0.2862229498406692,-0.7925258304579145,0.08796289633100199,0.41562399922511556,0.4868185471492834,0.7062705971297173,1
-0.11394745765487507,-0.18992384102225704,0.02658534132609864,0.21958492717994416,-0.5278564606873801,0.13911173976159188,0.43038310729289647,0
-0.840156476962528,-1.1133880419218483,0.5705370361384854,-0.25870590168573016,-0.5057308938077065,-0.09588360256597088,0.4907968729059982,1
-0.8244812156912396,0.5795611424764774,0.6181907146653008,1.4782789357160593,-0.17036821409522274,-0.8348511527715018,0.12591277445712007,0
0.6505927878247011,0.5245073752860862,1.5518801201224885,-0.9006921837126766,0.42956329943369936,-0.07199859243978847,0.7775263112092752,0
0.7432541712034423,-1.4944056198193065,1.2769808321980434,-0.5873207627637789,0.5889915498325291,1.259705852880406,0.9710723441932981,1
0.543154268305195,0.6991967316948878,-1.001291432756544,0.010985513527525621,0.6643940310598675,-0.11902850660012523,0.2398857627674575,1
-0.6655097072886943,2.052684981945891,1.6835862095380225,0.8789540277008926,-0.9363607283223526,-0.8898039893484101,0.05409724487006149,0
0.23216132306671977,0.17196033243705985,-0.5309765045557148,-1.4973731700945367,0.5069826210858552,-0.4922470887653863,0.35730666949911893,1
0.11668580914072822,-0.33732516206850605,1.0448728124544275,-1.3102967497654392,0.45621875053243227,0.20085029727593015,0.7143827275122988,0
0.21868859672901295,-0.1420032144075213,0.06798662605108885,-2.037728507734718,1.3356482819844442,-0.37351399718084694,0.5444598745918704,0
0.8714287779481898,0.6152567669685612,-0.4121493784569676,0.03269522525327079,0.4843246977093304,0.4853032830631407,0.4621574172293452,1
0.22359554877468227,-1.7306716055072182,-1.8076968597749328,-1.1183058172065439,-0.03844014916964572,0.5228437607490304,0.6656186254139641,1
0.6789135630718949,0.16439070297730224,-0.1715645102163482,-0.3845501100179167,0.8552198145121066,0.8889831804046482,0.5756006082404054,0
0.06757906948889146,-0.3904639494628101,-1.559383235305609,0.661378189891708,0.41928117812713084,1.4235594722650329,0.30091987565072487,0
0.28911939868998415,1.8478250129560454,0.9672992358427723,-0.6415427207828466,-0.02394967000203227,0.9958587243723608,0.20470960836167773,1
0.6312882258385404,-0.17417273380495787,1.516792657139248,0.23128202274336457,0.2920429647603833,-0.9342390641479599,0.8798452067018713,1
-1.4571558198556664,1.6678876111195198,-0.7969109892966902,-0.29933790775172203,-0.8493579876936317,-0.9035344465762722,0.009867102176658272,0
-0.31967121635730134,-1.1037406977820072,0.30197074251927114,0.6721143150964368,-0.6121663205985737,-0.07577147645982442,0.6520191952852628,0
-0.4703726542927955,0.5872591668027922,-0.7253915220079754,0.4751280673480088,-0.5375197853263534,-0.4511753572394145,0.10972122668754974,0
-0.6388778482433419,0.3194002637912288,-0.6284847301367896,-0.69193369617461,-0.43884164086671085,-1.1383267269609427,0.12435536633528878,0
-0.27514225122668373,-0.8690472478647824,0.7744947038653713,-0.16865175340045263,0.24181571975000332,-0.44169179417299426,0.6683198054018996,1
1.4949413112343959,0.17739611463694044,-0.03853826184341251,1.0437433977204944,0.8491366061450036,-0.474512933619039,0.8283824357846753,0
-0.8658311156932432,1.2125188368316004,1.7396480419310116,0.393376870254097,-1.4784463446837348,-0.6718477397612058,0.09572613536579007,0
0.9682783545914808,-0.3237917042866007,-0.482232478702921,-1.3969620577511315,-0.1362600944395843,-0.3157894861550056,0.7303066900933215,1
-1.6828697716158048,-1.6919626491697632,0.9993363324744892,0.6556180611713827,-1.8288882087296137,1.178450850318331,0.3508571288603736,1
-0.33488502998577485,-0.01756282647744591,0.09741341295778198,-1.0846106224362382,-0.842089245679303,0.19923804124923924,0.3185978745908865,0
0.1627530651050056,-0.9024230947925126,0.7957780097442332,1.412513069961006,0.05248995744979512,2.4718090760554694,0.8135755966874285,0
0.5862223313592781,-0.3423409386638824,-0.4471576573299467,1.024098839841025,-0.09532932059946364,0.17050818601964934,0.6312373041299955,1
0.711226579792855,-0.08158776968512098,-0.04955883755158271,0.2898854759184008,0.21718020292509937,-0.29006577393725175,0.6756998167094369,1
0.7933472351999252,-1.7056522160155172,-0.11549887929893475,0.1572328434361934,0.24667177815802155,0.004132882654866092,0.9348608283839951,1
-0.3487250722484376,-1.615658339320678,-0.8360571148457872,-0.20903225602742,-0.45977234156792524,0.25649197844354,0.6299044976925594,1
-0.46235179266456716,0.48206683552552526,0.6620815345817527,0.6785239514000281,0.24836310468697975,0.43525395717106363,0.22776709366370862,0
0.8579758812571538,-0.5227186961696804,0.6502490055783642,-0.37077816946206166,0.9413583261865979,2.0767113258590237,0.886685968020864,1
-0.1913043248816149,-2.564744341820567,0.5935546949055667,0.23556987063989387,-0.13622000678700943,-0.8453204649775686,0.9358053654447932,1
-1.2756863233379219,0.7848440366081351,1.5369656539176446,0.8719343665194511,-1.1642265687648186,0.8590460581777356,0.06956053402644277,0
-1.1332872140034806,0.27236975527423984,1.4493448012363035,-0.5618065435255897,-1.04492010598297,0.20775059761412384,0.14491561641631165,0
-0.9194522860016113,-0.713874824036484,-0.37494468984913537,-0.6161927399906946,-0.5421033030228312,-1.5710977425706176,0.2650706695793219,0
0.49716074405376404,-1.3168302110582415,0.37305231843417824,-1.194365480724459,0.6357466410488537,0.7706987820947633,0.8978984041252055,0
0.14242573607056525,0.8358078963143372,-0.6236006892582127,-1.0644727461261723,-0.3016085756923463,1.2676235608039048,0.17767109125257757,0
0.6904853540677682,0.3493506225604296,0.023355316114555456,-1.8283953114415024,0.5342803555772303,-0.8571764037774298,0.5667646756574678,0
-0.42725264633653426,2.3826022826840734,-0.5997494491188647,0.7298287890155296,-1.234668290650763,-0.008933867891970693,0.017373466923072744,0
0.15853969107671423,0.42018859872493736,1.620070309136051,1.8089145420827708,0.21417597118430431,-1.7253542620077036,0.6257256018597387,1
0.6255903939673367,0.3877031412620148,0.3636981503429628,1.4253289434703056,0.8121599543569112,-1.2588064596843365,0.5997762189216872,1
-0.3093465397202384,-0.16692793010856513,-0.21802912810442213,-1.6260844886265164,-0.3580407868865727,1.0480295776172526,0.3248782261072109,0
0.45677523755741145,0.816775867200791,1.193618571856377,0.7248546715562,1.160018576431106,-0.4664165060074345,0.570817613451995,0
-0.6619259410666513,0.6250852012481537,-2.1706154097954116,1.4221063499235564,-0.8930017571462111,-1.1088029749380393,0.04392536861320714,0
-0.3630538465650718,1.251725008565195,-2.0141025948652898,-0.456809980738664,-0.1744421980373363,0.22946036445842968,0.03100017443648209,0
-0.3817378939983291,-0.5213229186372847,0.7958386552197739,0.10144743065004946,-0.30242455649842676,-0.5224124314310232,0.5342826480025183,0
-1.1958396455890397,-0.4354074729439623,0.06046844811736806,-2.0078930508046704,-0.9420136845413135,-0.4708216577755361,0.17335668848045302,0
0.4869724807855818,-0.4791031709119801,0.25044630026076065,0.2667361679766415,0.3137843849870499,0.7393260256749032,0.7503273565134171,0
-0.46940234020272387,0.7908017211789892,-1.3263961033185487,-1.0635597294347174,-0.30385449164778067,-1.1617333589343466,0.06620138092620723,1
0.01249411872768743,1.498374440296732,-0.023233710850366202,0.19963501791151453,0.39095202360443054,-0.9053652126818322,0.11202827391111152,0
0.48074665890590895,-0.45884049314930064,2.003509410401342,-1.5612029221888803,0.9805413005030666,0.15407999214886864,0.9181765228058973,1
0.4465311760299441,-0.42477372779309125,0.8241996197958629,0.5428582244775959,0.3338857719955872,0.9694097907482053,0.804348473853372,1
0.6653851089727862,0.3140772238697992,0.1697065451428121,1.0245126754266898,0.8659310642068245,1.2381603014898497,0.5968023039746416,1
-0.09848548450942361,-0.24576150001290142,-0.43905391010493766,-0.7831798617151676,-0.38965923920211987,-0.665061720361623,0.3811303656854387,1
-0.42329831204415375,0.95205365313989,-0.39457285186939384,-1.1369225814104345,0.02720621969368958,0.9373769669196479,0.09335334455210391,0
-0.07971821090639905,-2.2517772906190467,-2.1291978892000176,-2.156023042549981,-0.4026848439019449,-0.7841422934704089,0.6861988203998611,0
-1.6873344339580298,-0.8267050469168946,0.2576404209211606,-0.26641353407517704,-0.7747038542288628,1.8262093469068,0.14342381924932399,1
-1.4471124724230873,-0.7824163339614458,0.8454831084818539,-0.5815939342816051,-0.09054595949035771,-1.1337710254197284,0.2133503096046517,0
-1.3226996123544024,-2.320356012386145,-1.5756193271706151,-1.5510194123480547,-1.046962458852928,1.328478810791731,0.4743625489463889,1
-0.9972468276014818,-0.9636384443688041,-0.661416892306816,0.45301875631217164,-1.7345796915644454,-0.6564861068187239,0.2783128900652154,1
0.3997742267234366,-0.9151561158459262,-1.157464632233422,-0.44997038186464916,0.05319785008240713,2.0132464547946003,0.6020631507562554,1
-0.9054790553600608,-0.20110465451883033,-0.9653511948087635,-1.0757359586452324,-0.12476548108985908,0.5913207288524843,0.13697724602931519,0
-0.3781625540393897,1.1129658916602636,0.05348162682190022,-0.5545724056404471,-0.03473736136818209,-1.016016529408222,0.10446777006159579,1
1.2992282977860654,-0.24506065119070236,-2.0844021549884744,1.0713045389296156,1.0864323427433122,-0.5222384795425068,0.44616222842771347,1
-0.35626397106142593,-1.0308137202711538,0.614270438357064,0.6029369437552222,0.18670278188360812,0.7811812052237417,0.6600278208688342,1
0.7375155684670865,-0.056954541213528984,0.7538550699336822,-0.13002606149848983,0.7711407240121049,1.0526444176155614,0.8043797265624815,1
-0.933617680009877,1.0491736214413494,-0.2511025880369125,0.6191050184648526,-0.1522369256543964,-0.07071559172446261,0.04675710470986289,0
-0.20543755786763002,-0.9759588161149049,-2.4807085099845416,-1.160911956386739,0.259662486090421,0.044658280963466405,0.26686544405304957,0
-0.9500220549105812,-0.9105748839214486,-0.9964186260023896,0.03237010072703053,-0.027751337451304425,0.7583530326440655,0.2513569892095297,0
-0.3390330759005625,0.5585489592742234,1.2329019341026966,0.14732233048647056,-0.09281656916760742,0.13179842701081995,0.31280423942270263,0
0.8403081374573955,-0.22153611573080054,-2.7779942807285725,-0.4698365084987269,1.0375978337653262,-1.2935048593383758,0.21992975900805445,0
-1.7273204231923487,0.6474846907094743,-0.34752341219351923,0.43545833595741784,-1.433697500282865,-0.8129740246401806,0.024721707515231436,0
0.43442364354585733,-0.013646791795296761,-1.180000778467259,-0.7804334546444512,0.055160367457840365,0.23511994315166507,0.3544472319427438,1
0.2377356023322779,0.701663648089567,0.8045703015848366,0.5098207077761179,0.9463471399377464,1.2154824164976936,0.4399396161926963,1
-0.5941499556967944,-1.0350781140406409,-0.6751139521434614,0.5518587715312919,-0.3483203624273862,1.6159824241620477,0.4110268775313714,1
-1.4460578543884546,-0.01208465078826744,0.40395402073561154,-2.917159880697066,-0.7223471361532703,0.7795294207714503,0.08977774841296239,0
0.07212950771386951,-0.21069001436315682,0.5654604191690931,1.1903057035101177,0.10978013727052771,0.28729076103636375,0.5925765910132696,1
-0.5294927090638024,-1.2158909241041307,1.83622583973002,-3.047632565352754,-0.6610515747118357,0.748813885982477,0.7739917797783347,1
0.23267621135470395,-1.5634779478686884,-0.20294194367537022,-0.6160490255561253,0.17944946017810856,-0.6667508502068556,0.837761087288266,1
0.02185214552344288,0.6857490352746618,0.37604436962261134,1.025348034257755,0.6625864171380536,-0.15323096025821417,0.29724688312237074,0
1.6017788913209154,-0.3509523822179781,-1.485055479127436,-0.31728672525244067,1.4511922019164274,-0.8241307213394766,0.6934303736630042,1
-0.23935562747302427,-1.0222802816473295,1.190413563293744,-1.466185982469542,-0.9496796424834748,-1.2487426107077115,0.7651441694222155,1
-1.023497492621865,-0.09617893692333225,-0.7605088480713647,-1.0937370617166706,-0.8644831249256684,0.33354901163620493,0.11678834283430746,0
0.17927563495631615,1.1280188573493026,-0.5607541640877456,1.0269057463206197,0.9364889329343575,0.1855133065847436,0.14468701035043433,0
0.21999668397176517,-2.280737845371923,-0.022247794849210738,-1.9215045305486382,0.06878892514634365,0.6876524845090128,0.929311365211689,1
1.3591875752404365,-1.4966386899033264,-1.5628843453398495,1.1289911009620173,0.20917527014994597,0.5461118308924472,0.8575414464846193,0
0.8351112459145785,-0.9228864418952676,0.228770028928938,-0.05510209904228934,1.4782054328760785,0.24264427132386202,0.892706840031256,1
0.35687105914950934,1.461178866720329,0.9674662729250108,-1.1923953304424335,0.5747299237778887,0.5566166656775543,0.3105125009837689,0
1.4633028912195618,0.2825869829192965,0.2929338234972916,-0.5831150723026911,1.0659713819489112,-0.04268309622747663,0.8512430434097916,1
-1.188763054322851,0.7673172404612268,-1.588897564178725,-1.0172243411016413,-1.058710271979069,0.4128913952224006,0.028840810267828223,0
-0.6397515327497477,-1.1401609191262305,-0.12380929432965958,0.8662252008585286,0.00724471884397021,-0.7261444026863596,0.49321818834539555,0
-0.9265759414055249,-1.1195358752705262,0.7420289029794906,0.7324278097628383,-0.9388244861559303,0.3697059256391301,0.47610905585465707,0
-0.38980980315576796,0.4478137167227104,-1.8779887659659078,-1.7191611338760466,0.2243580386653688,0.6684176852860094,0.07814023048759722,0
-1.3766861475563088,0.05827433093544655,-1.074766013817714,-0.4035921185193341,-0.7885267320913164,-0.6696814280722031,0.06054548898979828,0
0.6351509468144043,0.5487388188641266,0.87654360408152,-0.8631856623442771,0.5864700765801107,0.05183209899284673,0.6567528325010296,1
-0.22222269709877338,-0.18767099092845213,0.27009543419728654,1.2935099684593703,-0.10118536042306212,-0.6236025096293596,0.4265736247377451,1
-1.4708062945026579,0.278143726454627,0.41197158212675383,-1.350099118126421,-1.1818403373983735,-0.5265066965161149,0.06379047113493783,0
-1.0155790812075416,0.15811908490510918,1.8594948076233115,1.604229104685014,-0.29114625681148654,-1.1249293551021546,0.2196219200332986,0
0.3135138474501953,0.7777673890849254,0.4685527785062026,-0.033294739516937566,-0.1542688888581789,1.2657749251665555,0.38970469976781463,1
0.8381265678943811,0.8070082819444706,0.6578880104331793,-1.1619344063800876,-0.10127138115280843,1.0656851747200478,0.623093528028623,1
1.9967308916917865,-1.6198719943917699,2.710745527218326,-0.6772741840092779,1.7740462240704535,0.5374338542273371,0.9994599207866268,1
2.9138624660073296,-2.2472685553408556,-0.2138045580904907,-0.8016188407684506,2.4694540971357135,1.972195951943814,0.9979021394651428,1
0.4144094332759964,1.0017453976515072,-0.7978827636184951,-1.274618402015506,0.5269155935872922,-0.18924569656839169,0.18206786575223763,0
-0.9895381200318641,1.1877250932619365,0.4277963982471327,0.09482685973037566,-0.5586758236957807,3.0317624151106344,0.04840775119721929,0
-2.132046280731309,-1.0206230195133374,0.4389910293888949,-1.2279155506918433,-1.7432778808003784,-0.22752941536322038,0.09828795309864917,0
0.2677114623438358,-1.8598354065456286,-0.5267153919462082,-2.1803662087381888,0.5551508137313632,0.25519335175601643,0.8580728854819042,0
-0.812941095310326,0.09903482100720092,-1.0323970195548475,-0.3796764708481731,-0.6302069785222878,-0.39777791394020817,0.10871899784597769,0
-0.41535726017968533,0.9308382263505294,2.309844422090078,-1.8028561964178826,-0.5307190475015942,0.372325560060305,0.3183888768192876,0
-0.6120967990598081,1.7975945224343146,0.3268434703880229,-0.7521608680675204,-0.599423689809786,0.8356149278862445,0.04139413645576061,0
-0.14079088641638526,0.516297572101451,-0.7322853814020757,-0.9091028886033559,0.8036946996368354,-0.11391639305308393,0.16824737361843975,0
1.0659802307876436,-0.37171669658569495,0.9159303022795986,-0.8712160720258142,0.018745936170287858,1.7767198471176207,0.9214773537505351,1
0.15704856744534462,-0.8931306215848627,-0.1091451515613345,2.0009631015901537,0.34269107251711795,0.23914928463346072,0.6962684455073228,1
-0.1586348370386883,0.011451291670654416,-0.25288144631783127,0.05641156716957076,-0.8745758202096889,0.2704853861101991,0.32135897890772486,0
-1.0356537528258116,-0.2992647038852564,0.5622728719144933,0.24537100899533215,-0.8254453168646967,-0.9089976945137175,0.21625148779746411,0
-1.674682944704357,-1.0150679057288161,-1.29188226823169,-1.7763982963422946,-1.451144576847652,0.4184990745503845,0.1290019348568636,0
-0.4863079090733309,2.0487556508632867,0.3526272039171724,-0.6539631336369219,-1.302993665310943,-0.1340272208093656,0.0382401367194997,0
-0.05378255081832049,1.785168402072131,1.9129548077317522,0.21530262994151197,0.134730002581453,-0.6082397293372869,0.22041860170004682,0
1.767929913579883,1.1360486835554284,0.46617766219731077,-1.0245289129130064,1.1549303071984243,-0.7764744081483639,0.8047263270490232,1
0.13027452147288585,-0.9208503978091276,-0.3762121037834645,0.9080628435179854,-0.8469369630478953,2.671763379756685,0.6549987830343179,1
0.9827395110230576,0.8550193242972788,-0.507105280428242,-1.2026965859010301,1.1148602741157065,-0.2634772501790354,0.41035295761037816,1
-0.49929559853915206,0.6396264094979018,-0.41033997334510935,-0.2863661358651756,0.27128108119065664,-1.4569854207812678,0.11659784613430657,0
-1.1849437664170246,0.44254562420405297,-0.25396267804778105,-0.5860516399755586,-0.21815187077931109,-0.6982214597325725,0.0649526396759188,1
-0.9651167622323719,1.2496652670437771,-0.377806532758272,0.16432065938191598,-0.5623071733811169,-0.051567839476213594,0.034192713430700974,0
-0.7252260645357532,0.6353711428612774,0.9163114410745667,-0.640490071855426,-0.523193386042113,0.546667032616485,0.1541018250499804,0
2.1284697324351645,0.7400142363043355,-1.7332091032089831,-0.27089362707093734,2.194022778729482,0.5547965217253135,0.45919297804721665,1
-0.8213866792243861,0.6369062833722101,0.862000050412134,-0.23613009177798555,0.1410326039847547,0.6766145517765254,0.13122603158847232,0
0.838489203736345,0.3407914080021059,-0.3796865251425611,-0.734387757391301,1.1389728190962898,-0.6448603066373296,0.5368113288884933,1
-0.9029271780870264,-1.7836111297141835,0.37694778569537224,0.48509386849711267,-1.1008873045686802,0.34044044350154545,0.6345613016728475,1
0.9315730128742441,0.08362107741055723,-1.1269879102008638,0.23838837483742528,0.789284943602398,-0.8760594641105784,0.477417026781714,0
0.38495096610586316,-0.5561919588491252,1.328631066849436,-0.0886139452531673,0.4864954895105402,-0.6196429830140117,0.8628628575784633,1
-0.1566378976580904,-1.2798409576400205,1.245634960171873,-0.4304583334619581,-0.931806059256321,-0.9177089745002595,0.839643301819228,1
-0.040762526135434025,1.681816619300824,0.9595905257500736,0.796544030519997,0.18064040222777283,-1.1883888545982695,0.15068484773446794,0
-0.6547876954293904,1.7289953408857035,-1.5147547757935393,-0.23583424381418136,0.5317555501186823,1.0642094888580087,0.017559982360338955,0
0.44607220148208054,1.359220600295612,0.8291210710660528,-0.3066972878259372,0.6225254257219166,0.6886117009788877,0.34639842199576915,1
-0.45498348034078,0.2552134168558746,0.4048550876357089,0.10469002988812601,0.3217982763932053,0.9766653699781299,0.25235031661145013,0
-1.2256057637672482,1.3506251209526567,-1.6052712471325676,1.6965866829708507,-0.8368926942675188,0.03931306602429631,0.014316591117597118,0
-1.2779375743196193,0.012053180601825543,-0.02429738377081549,-1.340356208021204,-0.9914014265324342,0.7768076988651466,0.09753652414171848,0
0.17258791772211948,0.20279727689777938,0.3645344890332625,0.7698568930553547,0.3010130638280286,-1.761289404642545,0.47993867355915804,0
1.579091256410435,-1.093471370461983,0.5560752738231508,-1.893171161238105,0.8171964507148315,0.8630875180453551,0.9776460953097805,1
0.15999161357343825,0.39699130449884,0.17726136694885572,0.21727315822862395,-0.3137051240753962,0.1771198300050302,0.3888277979781761,1
-0.11863832610988256,0.0603859284244171,0.2912314168473797,1.5750828276087308,0.48085830614380265,0.6271096001491656,0.39871868825473683,0
0.2858261396025429,-1.3026521168344645,1.4736113922530956,0.48866852446730713,0.8319236589918404,0.38002329904861315,0.9324938848829424,0
1.3060017417068248,-0.051197111816596905,1.2260339099106798,0.1706250785397928,0.5335034642658109,-0.9870551545368866,0.9426651155601969,1
0.21938250136385634,-0.07972956385680847,-2.8670549537827434,-0.5604494688030756,0.6001363380721312,-1.4980397753910466,0.12335480835480828,0
-0.41092723083373717,1.79756116664464,-0.317438554837682,0.03104720048855424,-0.3473274121480123,-0.7120541661829632,0.03966687204880598,0
1.1062887100598888,0.8942133285134095,-0.16465102754395128,-0.2520628154033563,0.9826303910656103,0.5649172812729122,0.5182948891324439,0
0.4287564384616135,0.011445439091466015,-1.7520985727269711,-0.7859766079313554,0.5286657165919886,0.6900914151753954,0.255757845523821,0
1.535755991995992,0.248787309801083,0.09418305823231217,-0.28987561547486984,1.5992747046529372,-1.3679422773818628,0.8439768035625337,1
0.18323443722190613,0.044212378104198057,1.2487577724105066,0.19838116062643954,0.1746490187548646,-0.9810993674682146,0.6756259146811491,1
-1.2244690317205003,-0.20291398479554773,-1.0865678595905903,-0.7672170685306403,-0.283778875904504,-0.7232356859408393,0.09399689797205284,0
-1.368159199245665,-1.0824271973882869,0.3364009386898723,-0.8062818206846841,-0.8868836215422826,-0.3573050602668157,0.2718134140706059,0
1.6509279322312496,-0.15105187760692926,-0.9158234772964378,-1.3602434375921744,1.5190788717847268,-1.3620508308526522,0.7763081767531036,0
1.723665720783297,-0.7460982566525134,-0.6719120236796768,0.3907250260888961,0.9177811243957119,-1.4220517661401326,0.9072951940846492,1
-0.17951921328260065,-1.2503155389231464,1.477393634170035,0.5453232619670604,0.8367571448552249,-0.8218352964075539,0.8483297599101396,1
-0.38318732113598775,0.5112218145475347,-0.542557820111825,0.23166044423651747,-0.07596927540975593,0.08625383622500567,0.142556855611833,1
1.4614442922422022,0.39126465993323495,0.46221248901062467,0.9651704927286658,1.4169320605869462,-1.1805943397534906,0.8567374355435412,1
-1.107045682043488,-1.786707511368078,-1.871218116060987,0.08786763708072752,-1.5539678765778095,-0.11580350997176611,0.35459233178666055,0
-0.8947270189558264,-0.12268463749512722,1.8623175613948801,0.3920109373657567,-1.0412611746024654,1.0585528161418154,0.3290848866943232,1
0.6433267946890444,0.9957013858999235,0.602652446306499,0.30383742563756283,1.0395427555802121,-1.30177973741351,0.4816125370866861,1
-0.3946051228595896,1.0592237388963208,-0.18249984265026167,-0.09154001941820787,-0.1668528389130201,-0.20644575841053947,0.09613680538714857,0
-0.005121866720071296,1.0258368428852387,0.5755465099998948,-0.5308218281296473,-0.8650422807130702,1.0247567337507726,0.23798278418054708,0
-0.16344289852451258,0.0389132069014598,-1.4098194289478103,2.214152615791911,0.3446482941493341,-0.4182683903638093,0.1838438747273123,1
0.33757454879893356,-0.8450453279691511,1.1825307417526572,-0.4519509798535085,0.00847864964047465,-0.5736696908584189,0.8786521931346625,1
1.4074818613137168,-1.0836988273580606,-0.3239847754964302,-0.6658777111204364,1.690704039629808,1.1634958143064738,0.9316624753073678,0
0.09058490690174555,0.3446049047503575,-0.2040695150484347,0.43400982345010697,0.028412624804644314,-0.30620207897154783,0.32033904782410755,1
0.6439387932768579,0.379280034365163,-0.49165561496548443,0.25185441529500513,0.5750721036668819,1.1044950252055679,0.43753161307118454,1
-2.0501721010310225,1.2873311116050654,-0.5806514027455847,-1.4047915476103274,-1.0070995154070252,0.4289653911271988,0.007517357005870813,0
-0.04871840193011795,1.0999796503420836,0.6946706116284086,1.1226782545637386,-0.4404106383321865,-0.34284465290983673,0.22399361632233364,0
-0.8432302702928711,-0.1322286565311721,0.25590685010422287,-0.09419457535083331,-1.0792037662449263,0.47969053059753036,0.21278341692927,0
-1.218813060423628,-1.2442058788608694,0.6517481414030399,-1.1109310952157205,-1.0025340844968693,0.3204495138460378,0.38665478400241554,0
-0.8781523669287508,-0.31910659701089783,-0.008794689485571452,1.188784114353874,-0.28638651536701315,1.020882821002474,0.2209508043324659,0
-0.33412344070081207,0.21723119481052466,0.513199811077181,0.625675571596154,-0.8494873442016799,-0.5483455378650185,0.31139984646712227,1
0.9159025423560131,-0.2020832453894041,-0.41884874392503835,-1.2645419919479142,-0.06368866318308364,0.041206066781619685,0.6989486812400386,1
-1.326392717739564,-0.5778941080776558,2.2297318414095484,1.7771828402577243,-0.6241201211349665,-0.061515679604637406,0.2893093857956269,0
0.030631492594417446,0.2528848149698989,-1.5679304164304986,0.6587973683661927,-0.24836662120933858,0.7041481416397848,0.1641643893546877,0
-0.4841694333335785,-0.5039577414106104,1.2609373235629844,-0.010196115625046132,-0.5396287808143112,-1.0251791944441757,0.5484693535040062,1
-0.32767309436196085,-0.628066083725374,1.3679074507209708,1.5902188056217794,-1.0813195016445454,1.016977048237856,0.6624504024547401,1
1.0027578253046041,0.31145283430343956,-0.8521588059655938,0.15929778382964058,0.4465276775200611,0.4663287721704166,0.494574621839592,0
0.5381154370039261,-0.4019925801292048,2.2292736105559734,-0.02808307510403198,0.40018129426892673,-1.3169250736329463,0.9334844365424665,1
1.3373981074427437,0.24410438897835213,0.9954902829453182,-0.660300116021989,1.4217186165123592,1.2082628254805003,0.9079132358400961,1
-0.15450567924990047,0.2732040228521227,0.9711390068229115,0.5818504393070786,-0.4629328342430128,2.2340930807977313,0.4269052107152121,0
-0.695942611670703,-1.1394290010915746,0.028022187025876687,0.4766029673239799,0.22386229535159619,1.0018339695494078,0.491142308640176,0
-0.22385881688049952,-0.4812411238654122,-0.21722615821867644,0.014680139889711287,-0.4759443235412849,1.4269847672264693,0.4377723045813362,1
0.2424967912712216,1.4377769399164624,-0.20940882703960811,-0.789986353867603,-0.1255187172599124,0.0853713816025881,0.14177389223686612,0
0.17657335845371103,-1.1620795127342871,0.3905305963195172,0.12992985416607386,0.8242409171942943,-1.66150491973851,0.8195803658357999,0
-1.0843880722333665,-2.116654448970531,1.4011862750338961,-0.06979878576213788,-0.7181339856112622,-1.8441204511675249,0.7393713246744841,1
0.09048978162787422,-1.8618451532425115,0.1813142178614196,-1.333474318734201,-0.18054379183430383,0.25508204386775846,0.8853691916896353,1
0.22822833013890514,0.029109946576669203,-0.9114436231372903,-1.4718123513241856,0.1013613385729118,-0.59197880772998,0.33248035854592567,0
2.5174740375339204,0.03091727803269891,0.8244270623849798,0.5651533788097695,2.4969886380443667,-0.9145762783273513,0.9868685729856014,1
1.8768446112816701,-0.11761085542512094,0.9211507463947922,-2.601888315051689,2.0674247272928095,-0.06274668396867535,0.9717399576320377,1
-0.8532433505588201,1.2141898289285016,0.6546595284477861,0.20541052696125997,-1.0074894435907302,0.6155852878612882,0.06311285018491346,0
-0.2873833615491761,-2.672834433102938,0.7454989065249826,-0.4780830577538245,-0.23463273569748078,-1.4527575467621472,0.9392358714245765,1
-1.4634420018370031,0.3959338744308236,-0.2709281301578081,1.3082466068799101,-1.0570109289273444,-0.4488776202803848,0.0472321602809443,0
-0.5907070139634865,1.5614382018035733,-0.9289891671305796,-0.49346820915387574,-0.8868383102050837,1.5098706831203152,0.03021218569125807,0
0.3156050035903405,-1.127780764891714,-0.8681934306407798,0.659484214251896,0.21164547900025793,-1.0752883802213746,0.6838988690131919,1
1.2058536208882336,-0.3798065117898951,-1.635463248457858,-0.3969138412377916,0.9067855028694404,0.8697611871649563,0.5693456217077517,0
-0.7290838377436085,-0.7528919172286209,0.23694861154594976,0.11374815348614345,-0.033718612786175384,-0.4847307615489939,0.39400261771542244,0
-0.6541464400677965,-0.8943460460775288,-0.08344878322659362,0.7368365309200512,0.05273143268919306,0.5457937598499527,0.4229660560365156,0
-2.147289029738655,-0.32626200502304,-0.43998770452970876,-0.46255571632458015,-1.7586110015655447,1.0973275072028672,0.04156016705840735,0
-0.16266592054490767,1.4274852836845047,-2.95561882434507,0.996554884498404,-0.218278355146046,0.7412817669850216,0.017490858368832896,0
-1.062414411859563,1.8373866754875203,-1.247317469694169,-0.9936978771064832,-0.49787927296963636,0.9091596022138765,0.011173655432273926,0
-0.5294394273660737,-0.3359392250401477,1.1208406514031668,0.2945928425583791,-0.6604143725417105,-1.1515935334079561,0.46228056298872006,0
-0.8768607781675882,1.9050602140644701,-0.664626000063131,0.9226397227878528,-0.39275751534385994,1.1136597067412988,0.01632531677487719,0
-0.09426255425255699,0.035576476984624864,0.3605916776568414,0.6600374917903349,-0.11025483500556438,-0.8526931146348199,0.42514033520860994,0
-1.7577283913566313,1.753691026701081,-1.3906854299752562,1.9164448767354103,-1.754525653499853,0.2595417655715384,0.005441281365148571,0
-1.4670452453909906,-0.09329864965349177,1.4387054823592311,-0.7634393173106605,-1.5308604548390838,0.2582461869972269,0.12320483519592604,0
2.129247112028298,0.1310578260461443,-0.1440276600546764,-1.379149251348588,2.2481117472352192,0.48512255886958094,0.918069834323094,1
-1.287422581274031,0.36547447264283456,0.2900403964835352,-0.9943351084951194,-1.0359566015700077,0.33695667606019053,0.0729736706635711,0
-1.0967855784546396,3.1788536793675353,2.325779791881685,0.660442566548437,-0.08442984158673983,-0.8438099785247232,0.008819037479241934,0
1.836913528321314,0.8512855748447891,1.5164401005894037,0.4979229342693786,1.146548828919276,-1.3498674122957162,0.9533195453170441,1
2.905067169240407,-0.7072645299514636,-0.3065656212870578,0.10225665964741577,2.309842717439477,0.8723486799617686,0.9859887659445453,1
-1.1715666288253417,0.9689978702758579,-0.5932201848703592,-1.12295704910713,0.1980295537392025,0.18583457751891555,0.03308716081558982,0
-0.36824895678803055,-0.3618325370843415,-0.3255450115195318,0.7668672933290608,-0.7520107526894986,1.1493768409578178,0.3431050543464782,0
0.34155555094050954,-0.48975018290120914,0.5098982484765356,-1.2247047776505404,-0.5978498617495173,-0.04473293418786798,0.7471447526737707,1
1.7286976444055924,0.9086013598921112,-0.10522413425087113,1.1589495823768998,1.8754887923834493,-1.4051643606769604,0.7306354867342091,1
-0.9868570784282374,0.031085587771152785,-0.39524414500347166,2.857438423139865,-1.1122069062480613,0.9661296810041061,0.12173652953984178,0
-0.24527784594210975,0.2785759145118061,1.4671812507090423,0.3664511465715505,-0.1932762483043875,-0.370370609661107,0.45951032327531965,0
0.777337576061744,0.013985221865292462,-0.11420989177783689,0.5831081356577431,0.31933998734309477,0.3420034574210212,0.6602985954850358,1
0.43476607446661863,0.3365831266054347,2.2995890930373193,-0.4928597688955594,0.4467478072798562,-0.6474594284795192,0.8372651958222925,1
-0.37615607123009925,0.4249658974361492,0.09074256375217302,-1.8102133210868163,-0.7098583466561584,1.6443017102336905,0.20855002063605763,0
-0.13382296451604114,-1.9369669327054153,1.7853183942247275,-0.6027193630302223,-0.1813402629345186,-0.8765648241831969,0.9418158332322871,1
-1.3748958083699818,0.6665726686095336,0.3573194227106268,-1.0928952410987494,-0.8287549593270459,-0.33742975410617465,0.047393396742189106,0
-0.23817374397466523,-0.9820194198303006,0.9629605732494478,-1.4470045764150157,-0.6323693068044168,0.10744870269731638,0.7315609780397755,0
-0.2663874900089551,-1.4422991355594112,-0.7246110515177244,1.7223599419956492,-0.5148284308473663,-1.0921823270869582,0.6223751472309857,1
0.23216988962625595,-0.05841124385868244,-0.8537592225874118,0.272862518025773,0.017805142100352667,0.33051952858759515,0.3657070014014147,0
-0.555327218819016,0.08398100331445427,0.4597059550149875,0.37968758061398367,-1.0594623595160872,1.6119104774674902,0.2656481552479093,1
0.471538522545139,-0.6935061645722808,0.9885532424653152,-0.30902236519624954,0.1635014496494184,-0.49046216069371046,0.8687963199837236,1
1.0127158178198286,0.8310318576679744,0.040256502000462865,-0.17287108244343635,0.8129953063211772,0.3951428190317255,0.5496137287259067,1
0.15542932766846604,-1.342175166370907,-1.2863933350836971,0.9645506822393334,-0.06322502796344329,-2.7494353860385554,0.630120195105535,0
0.35175640839920347,-0.40694374877255896,-1.360258366289327,-0.03233711869521544,0.14169788448012655,-0.03892920048484066,0.4071509688505055,1
0.053155347577867364,-0.5848741349330007,-1.4271364021862412,0.5306939380247327,0.030910758775437114,-0.31304228592620537,0.3665785593336846,1
8.439309141418043e-05,-0.04658727033933937,-1.767622112939381,-0.19600429784501586,-0.29502126327598066,-0.8184976024103849,0.19072689060358086,0
-0.7215580335428474,0.2788642846472388,0.10948535944708751,-0.3421528907320472,-0.23019037051704078,1.081450469628532,0.15902003951760474,0
0.316494261673308,-1.0078929496235447,1.1250439217080253,-1.406914165601862,0.8835608524157801,-0.32624368162382816,0.8897597695702804,0
-0.09728659841348947,0.7242826774562282,-0.013415786924808768,-1.977749062367128,-0.28193612529806894,-0.17747748709358746,0.20876519562354334,1
2.093168308930595,0.06300236833469973,-2.2604147573378524,-0.2615619010664018,1.788215435862914,-0.37719287478907115,0.4901299319128119,0
1.5733549024752425,-1.8919462533119105,-0.19076046033454871,0.05649669199323269,1.0721884569108409,-1.9168158717650765,0.980316119226193,1
0.3858465525565008,-1.958591440397031,-0.1627989966326071,-1.286130036708791,0.4538542196847027,-1.131986440076961,0.9121628857422541,1
-0.7630572096947675,-0.012319292929311235,2.0959987502254394,-0.03447486503463288,0.13230788177038888,0.9610934861202163,0.38232100381424533,0
-1.112411471983418,-0.2209673177863541,-1.4571379129195563,0.053752562990502024,-0.605411809629419,-2.109950646879972,0.09528137482677844,0
1.191142953088865,-0.1034201135746335,-0.3906776025991957,-2.156008006059379,0.09532067235229258,-0.7663153496157056,0.7550651449107245,1
0.2627492251471385,-0.02798245653021798,1.7058526805445642,-0.9151246594795012,0.4013599530114854,-0.3997200562897638,0.7831338547251271,1
0.4801434033916108,0.22555983951018072,0.44997834134654807,0.4072638937354685,0.9148962370327622,1.7436218672915653,0.6066646411945292,1
-1.7445859869741926,0.9476496098482997,0.5633130735164247,0.3870587293957439,-1.4081577667297906,0.768603765496369,0.020857159654135662,0
0.9274384815581808,-1.1111049009175582,0.11458443702387822,-1.1536749163997606,1.1436145239216602,-0.5571705270530996,0.9147921895342503,1
0.45442033821436295,-1.1719715929007948,0.32994353865726456,0.15844805049973495,0.030263260142396498,1.304513697115551,0.8708644134320463,1
-1.110430684414478,-1.0933238578873825,0.777609530278536,1.0224072253604721,-1.5013156350958816,-0.7405158205011196,0.39813878415040777,0
-0.47152480744994896,0.2889166671687069,-0.8094863188927663,0.7770729589908982,-0.29011754711277365,1.0090998037340055,0.14225226748792646,1
0.2637172043565196,1.2449473786464456,0.8780585789081998,-0.09528578701393456,-0.5926266210684517,-1.3588772459230156,0.31633382751322936,0
0.05246679835624363,-0.4313394382395105,-1.3730030168855392,-0.4679763133242924,-0.06854685703493357,1.0732578317891572,0.334401555991796,0
-0.292171185803555,-2.5016998441596545,0.3283679728315381,-0.6293444843345044,0.3599506288378101,-0.4061336454709856,0.9082757200394882,1
-0.10348826806596086,-1.7039928626103755,0.17874096328632716,0.4678197829096571,-0.9370095086352971,-1.0285042409412697,0.8279390877799886,1
-0.25197737820688537,-0.8330367227960116,-0.6162930881921079,0.19510397314288802,-0.7647565918164181,-0.21714361307631405,0.47024955996345874,0
0.15256251210246857,-0.5577288874952148,-0.022685275325646737,0.6294040061022004,-0.3499926262458585,0.27734417972021486,0.6217524631327449,1
1.471491972993157,-0.4083886272547264,-0.6225401526655531,0.13187381312115198,1.075125042874936,-0.49474843052571216,0.8347459545886494,1
-2.5666584409312976,0.038581122980917065,-1.0717013268617444,0.8187639503474419,-2.0895663842392675,0.5539535059953238,0.015907079237654744,0
-0.23685026450968424,-0.3117463308224471,-0.35361474161364437,0.09459253295770016,0.45197367338097616,-0.5829938836640675,0.36729574132430265,1
0.17651242137244696,1.0493396105434072,-1.1039886353716615,0.7846887161316864,0.5618410641205991,0.6203723939313579,0.11233518549825632,0
0.2959939896870995,-0.6760173056813688,0.3227974640932481,0.8708227703666389,0.4448683179961937,0.44222206203659953,0.7484412341394029,1
-0.37191458132128985,-0.862317959475543,-1.1500854941523635,-0.8045266302248135,-0.21340229453621923,-0.06092305470793503,0.3685988040807628,0
-1.7567217824785826,0.4788755385204616,0.7119770229910514,-1.808144046870746,-1.1405879372157648,-0.4413823123659498,0.035644856464186726,0
0.32799548371410964,-1.5356420699261193,-1.18147906792882,1.5434928560145533,-0.14189544710543656,0.15154079576526616,0.7362834836463386,1
1.727350214164185,0.3896917053200022,-0.5662949155810063,0.2566587307122617,1.6812573197236143,0.5502537430336992,0.7491103766793655,1
-1.5338614049161376,0.10255318372626686,-0.624603408215179,-1.7144858954961215,-1.6508159681487435,2.0617991527316084,0.054242900719817216,0
0.8638280136981883,-0.1474424899181674,1.3251467288748389,-0.7138194972187111,1.0237906575296452,0.939420421798181,0.9019984559152774,1
-0.3285252231228939,1.5882761071492624,0.33028994561659186,0.7718742923698284,0.2873702086113036,0.9759899498158413,0.07832558137716585,1
-0.0613243458288473,-0.6222074452947179,-0.21173380254439425,-0.279676831132893,0.04889581156800376,3.0885121948602836,0.5354995190820702,0
-1.052898510703949,2.0602981705240784,0.4987194410697233,-0.5120614193191271,-0.8689697595608509,0.5159584767678441,0.01707104082724656,0
-0.33445617235587666,-0.2254314492280993,-2.107192347329688,1.4008818603129667,-0.07070267052755455,0.4846435113117023,0.14564191497033335,0
1.3000445946989585,-1.2770164449702281,-0.043133589640907445,-1.0472871463838105,-0.3126498205210839,0.7040150743216541,0.9508078457676964,1
0.582655241987707,0.0699195809948253,1.9975141778047627,-0.7981533577548339,0.5730076298092378,-1.0089659775882531,0.8811946731275409,1
1.732311605409944,-1.0762452003187681,0.13234650640267256,0.21138647504826755,1.248224405029545,-0.4439016364187562,0.9718833916777941,1
1.1774118889776937,-0.7517558478135002,0.0679131691693355,0.39045493205388226,0.8602762658576244,-0.506169266692334,0.9077025704554563,1
0.4390866789295762,0.39703330001549114,0.5481283796421961,0.4963430343407315,0.6472546400012045,0.6476139772195617,0.5613246462126487,1
1.743934526167792,0.5555820886501248,0.8956052433143455,0.9112380445689469,1.2743048799217165,-0.17417456222119868,0.9250064288377986,1
0.43899315873829875,-0.6221677002542582,-1.9974666928898597,0.19857862068151685,-0.18384821643929705,0.1382234254743028,0.373895962414751,0
0.8279881767970589,0.9874051450464006,-1.6823264817910268,0.48938393893840915,0.557359930726374,1.0874546201484645,0.15101249556822124,0
-0.29657095353470836,1.157507758021134,0.21029129108614655,-0.2592092593150832,-0.19202824731466028,0.8631507387041388,0.12025008779433749,0
0.06654581585920483,1.436301756563291,-0.7148765618975097,0.06269830323671424,0.10162962210585935,-0.16172100304124704,0.08456968592758339,0
-0.6974238233002769,0.5294134071257222,1.3120252622199142,0.10753418005363442,-0.450204152196927,-0.6699950968782225,0.20651969104889945,1
0.989583934594853,1.3634287120856987,-0.3151743898852239,0.21509813581903608,1.2099040211594887,1.1352747316531886,0.31737046667286417,0
-1.1783036231148656,-1.8807984279740577,-1.9345307357131178,0.7725398075827608,-1.3724432662015156,0.7738911809098658,0.3581964006273226,0
0.7823503424176613,-0.31790654862846257,-1.268013916843997,0.555145681944831,0.6658279620874284,-1.6062568182953822,0.5194361266910743,1
-0.19065105750515945,-0.8670052563234263,-2.7496760196305754,0.0442170029001831,0.43748007124933885,-0.3131539389082808,0.2165950529808254,0
1.1712470934673194,0.11922586112739209,-0.23412553728291255,-0.8091259849410398,0.09786014647875163,0.1655154620167624,0.7291792122019938,1
0.7508689887312598,-0.5714492191967373,-0.18838412726438336,0.06767125806270954,0.6439927478994689,0.7788297171210313,0.7752355586283068,1
1.8206461576468016,-0.16615784194973238,-0.42446270978189776,-0.028017784895743934,1.1020642923472317,0.9101014949397712,0.8820427844937493,1
0.7307746911386448,1.8821748802040494,1.0788790390297387,0.19318157981319836,0.38126134534108636,0.2839060011754735,0.3643572010701464,0
-1.5720402556532407,-0.1697197964203783,1.1985198365166936,2.206525307140402,-1.5861935681864205,0.585247531358856,0.10656932142728942,0
-0.06695317289820084,0.4137923171902139,-0.1703884233561112,-0.5237727785412354,-0.12651270173885046,0.06413680237815363,0.26292056235123606,1
-1.172007192594816,-0.2322693299242352,-2.134693667476856,0.42228901912535954,-0.05044036795400497,-0.6738516881805606,0.07280478159822623,0
-0.5182798423662747,0.07571328795683367,0.6172815804922585,1.0684620672442982,-0.9577035443044521,-0.261264391041254,0.29581139033445714,0
1.5112284332767216,0.006016680436071459,0.5553602285085755,0.09800191409938289,0.6070968238420688,0.018991186640108272,0.9172203315266959,1
0.637533810897696,0.4483240659731595,0.309391570156945,2.337845119172165,-0.10772019840030511,-0.034679250018589874,0.5767065213641909,1
-0.6989304285787463,1.165307535547177,0.9814797493081158,-0.3780392917314767,0.2531404075485858,-1.8855729044434706,0.09646910821433372,0
-1.013717366440399,1.6473939976033294,-1.16482809646104,0.32408922232004705,-0.9683408923148784,-0.3974833349294312,0.015122554261967321,0
0.03278209287626079,0.30962008190916684,2.008755386185139,-0.798805744892982,0.013048992500742195,0.05620565308915186,0.6600741659979812,0
-1.2165601493811278,0.5895468860356021,-0.959427753141868,-0.35152473514329313,-1.0936724355336538,-0.281369991905701,0.042135376065525657,0
-0.6711402773965811,-1.150864509185567,0.7492229272008546,0.2489339103966579,-0.928345503328827,-0.24682379551158573,0.5894342919275517,1
0.31200947155124387,-0.08787674241562057,-1.6873476944133516,0.8463040623077297,0.12818931268693698,0.4879913708045874,0.26406993325289013,0
1.1553120361066962,0.940289464883589,-0.9302646872700508,0.3190948340235742,1.972693649661474,-1.0789571870486339,0.34762641986680726,1
0.6087614722244398,0.8659686384171532,1.5163686467253361,1.259114849334736,1.0830030186067445,-1.6280422139512112,0.679887864890366,0
-2.2912895085981,0.21160973279505021,-0.2608998230008499,-0.09496531059267174,-2.1022891494550975,-0.3481697908366748,0.019154888372174463,0
0.3043667290302598,0.8863939595679524,0.8399226051327979,-0.33216852983900536,0.5196833931504534,0.7641144055017897,0.421124118494388,1
0.07203357323257792,0.49076670899381886,0.2369553887192461,2.7039851072793866,-0.32016006777543593,1.6875530394866385,0.342618970903307,1
0.41389028537269307,1.2003062582593216,-0.10495815600017268,0.39423764944203077,-0.48894772345127957,0.78212823909474,0.22982592699841597,0
1.6162096816512073,0.2893591569571111,1.3638503249326897,-0.7194815459785476,1.6709371741874888,-1.4682637598688473,0.9568230110992539,1
-2.063238276804743,-0.35569831557103465,-0.23665882465190033,-0.6942637622480688,-1.0253869266139592,-0.23236723937677117,0.04906033320460415,0
-0.5911034251911056,0.33584125693302364,-1.7807381075634705,-0.9426799145313405,0.027395944078225543,0.2566343810815294,0.07672871540031585,0
0.5909063227933546,-2.9305943758527757,-0.8032400919517051,0.9365693558567879,0.23174037994620825,0.1775911169235922,0.9621752053038878,1
-1.5815943994539423,0.38288573638504947,0.5511917287016942,-0.36437729289324183,-1.2612448798913505,0.539304552942874,0.050054305645459644,0
1.475949048053509,-3.6484128252147836,0.39550910636250813,0.12736247565648562,1.4443562851862872,-0.9170489464607607,0.9983225800975322,1
0.3683566127006584,-1.723463407405418,-1.5670582502354382,-0.06350867443826871,0.452440676332142,0.06494308755074261,0.731687875519256,1
0.846583985843404,0.45176860094098414,-0.724342519408201,0.7314924079409346,0.457801127298883,0.420322829776129,0.4338613638365895,0
-0.5709436615217945,0.47752933726679525,-0.5817213492022466,-0.8467440928840201,-1.15679006519452,0.8256709533036595,0.11690063811666751,0
0.8137636899662105,-1.1624287801399305,-0.365469594114225,-1.0755722861430155,0.6615666048385633,-0.805718166612792,0.8646948111517911,1
1.0684715559890383,-0.7121020418789388,-1.3759135886015514,0.22429730718159427,1.2869080046480297,-0.345156867242898,0.6805555678043996,0
0.23287802013716835,1.370540988614132,-0.6283711081194786,0.600959284699897,-0.36425621496249444,-2.7038176800733402,0.11573295460512392,0
0.23440089269869593,-0.48403013157267616,-0.7286104852595274,0.33253231309764075,0.4632423912782116,-0.6214619675777742,0.507555023264784,0
0.2703432392817259,2.242920312402985,0.7715332597619193,-0.8094537290973276,0.3519511922714561,-0.524414892971043,0.120922911845249,0
-0.8633452647393817,-0.001919853176346149,0.8091213109902438,0.6774848420913938,-0.30994223009998606,-1.019584508167443,0.22298559548544458,1
-0.14752868024035293,0.4080361768812668,-0.145810458088816,-0.7438609270956342,0.28174246469328856,0.1656121502326517,0.24553726079106158,0
-0.1525225324523588,1.6168743984986076,-0.3920397958707315,-0.5215386447863833,-0.4269012582056779,-0.05594543204526823,0.06474029941279605,0
0.3833938643534951,0.13102711619341956,0.1399243120391134,-0.9439535247220022,-0.44008633180910445,-2.2592138775776114,0.5398160799759107,1
0.9998242469102946,-1.0023439806908012,-0.8165751074555749,1.3011583486520308,0.5097843986254252,0.21550796930175647,0.8201787523044439,1
-1.0585360819784093,-0.10972745169429012,-1.146832082167441,0.6334215410273492,-0.39379476859665374,-0.9283241307890274,0.09969295820199375,0
-0.12500903031957764,-0.03561073619009093,-0.9402212089257169,0.6049933756788733,-0.3376585293263702,0.48568895919051513,0.2550095322036219,0
1.4814555476589732,-1.3647416522015654,-0.6348131639714567,1.2472114211424503,0.7987721650082912,-1.2818512477286654,0.9381862707756248,0
-0.7435882288125641,-0.25583207134082336,-1.163473799792271,2.8126492482387233,-1.3772988254755103,0.03000653853094012,0.15789590287127842,0
-0.8222500172903203,-0.7421920939974367,0.16205955906287475,-1.7092261039101555,0.17200388658018229,-0.2831633288865059,0.35052865190887755,0
0.20230619183119358,0.9243577571874341,0.7297156737837084,-0.7383765808771081,0.5233007825147846,0.30310188495033036,0.3524138237130769,0
0.8443851904853201,0.03461187418525562,-1.5870983007982418,-0.6161750841745238,0.9797420844376341,0.12469727765134685,0.3700296540410241,1
0.01142605556065933,-0.28279574914757005,0.02512871121603335,-0.8508196223826928,0.4440459657212577,-0.25516417502145444,0.5020470722836248,0
1.3289605904369892,-0.10618193062257626,-0.21993579526633558,-1.0775832476037126,1.2562392055222726,-1.5362723140442447,0.8150361863065655,1
0.8567939825665268,0.22312201840616613,0.3415086855368029,-0.2996530640553656,0.532647502094107,-1.4772079634610316,0.717256267765706,0
0.8418200668900618,0.6168141996897798,-0.012938768103588062,-1.216603715289405,0.5576712033125557,-0.583886939092219,0.537471992408192,1
0.5541165013240933,-0.9997122286693814,-1.4535992799316308,0.3350423675374132,0.22318341192661376,-0.00827988392958697,0.6122862568364297,0
2.327653100346085,-1.0415876326212719,-1.2623892988571654,0.051698321428614635,2.9313731647463137,-0.608247947199117,0.9350977415020988,0
-0.2051616888660442,1.10467921540253,0.029423575584972723,0.4810286647636553,0.096289147435216,0.6252119305794656,0.13008025319897437,0
-2.003522292066514,-0.4123368722047306,1.0287809197455093,0.5077284516382525,-1.711351917658031,-0.2792209192116837,0.06738885420714058,0
1.604254361517141,-1.416842092596874,-2.214187371043003,0.6030068534266765,1.4126643195126818,-0.9650127247795103,0.7821577897265956,1
-0.45769943095682564,0.44381270938310463,0.34572657980157995,-0.3734089368238823,-0.7981655862529622,-0.27809629298790933,0.2076932775402325,0
0.10788044434303304,0.4633698060326869,1.1896220052876432,2.1211434026336673,0.7579383566224269,0.22585983631655238,0.5197122547062905,0
1.309550684860527,-1.5307152572567064,-0.1530258762062131,0.23443111648209775,0.6846819205321821,0.3248847188245844,0.9592855387423265,1
-1.6022595410589253,0.2294817154636063,0.5502024960264408,-1.862484752624795,-0.9762062111140843,1.8783791319931293,0.05732739208390818,0
-1.2516472141061394,0.7355830924283736,-0.7030690808978022,-1.0023757457662175,-0.4590454771951941,-0.6689093400034194,0.037405830737754144,0
-1.6012779371188537,0.37438645170626306,-0.11936619927687682,-1.7405029890278156,-1.0278126079468937,-0.07347866159040038,0.04179837158279353,0
-0.7941362900254239,0.6319814837613953,-1.6209135183081516,0.01733462915130733,-0.5530907212002306,0.4261239468194264,0.0492630294753558,0
0.43963660601699356,-1.404269098090749,-2.344343308418874,-0.12180522405333363,0.334588392697952,-0.023422959200815323,0.5301868943565593,0
0.524187842812771,0.3310401549961956,0.9427658012252752,-0.4684256978994578,0.36774238851038,-0.5006181459886532,0.6825944381993962,1
0.27627417932855375,-0.30261975947044656,-0.9849949277244419,2.010926112400514,-0.052308685520960685,-1.5492571763442435,0.4231956353440382,0
-1.4127658838923665,-0.4827901587246448,-0.4555278450034305,0.5489828740769108,-1.2618419563156418,-0.5108345590530156,0.12147814672627032,0
-2.310103436632644,0.8705556094197265,-1.3864422532701932,0.7260983614463344,-1.0667619093315621,-1.073702412717801,0.008152294551450924,0
0.054353585390382264,1.47927451067423,-1.4099697030838758,-0.9310734879421032,-0.008076295665533806,-1.7266066811237784,0.05175987543041456,0
-0.47177603363833576,1.794370054600359,-0.17383770009461635,-0.9991448913310123,-0.7074403464509997,-0.7956788416705864,0.039540277881586455,0
0.45938577171661177,1.314807871505905,-0.7295771941356465,0.03680549909695475,0.11220541019978,-1.0470917207664545,0.14755166657984017,0
0.7019536262212701,-0.10973418163018368,0.37797099799469847,0.17300713965222583,1.0216320259797032,0.5837865452929482,0.7513896866793576,1
0.13824143205868192,0.35272016302634307,0.4525384189795919,-1.856311567114457,0.40770405896802675,0.6010918374142937,0.43895893180963896,0
0.7601330853758538,0.7668228717842437,0.32084964632460716,-0.18030702284953407,0.8222479442364059,-0.9038792895808748,0.534910864777462,1
0.22921137411506842,0.12117794929946196,0.2386007909284437,0.014072082873504806,0.05602399107689515,-0.2602286305631211,0.5029411832415496,0
0.5300647056014667,0.13076418791154437,1.5777682049318862,-0.21514916577112894,0.6555616407789253,-1.8582426621125354,0.8179982879893046,1
-0.7046732628698824,0.823753131876182,-1.067593769044886,-0.8133904123466764,-0.8181074533802034,-0.4943399501826941,0.05599061150590113,0
-0.17961141383145854,-0.059282646025932216,-0.05493486620291775,-0.53953518192114,-0.2515348744791924,0.3989819007023456,0.3599681379080537,1
0.19677609665695725,-0.7292869363736615,1.1326898205195888,-0.17685919357279603,0.5839940918190034,0.8249378896141027,0.8272090941406569,1
0.8205284754174188,-0.4144730658358585,1.2645398093380364,0.09080002361004777,1.0088213120766432,-0.7130470816913138,0.9166562503584668,1
-0.3937411722245721,0.6339103777337424,-1.4217636493445729,0.604791582550568,-0.7371653098462905,1.0518548605275198,0.08060788121034221,0
0.5211672557321126,0.002993291199955732,-0.3123554416558699,1.0808562049508712,0.005888537990225429,-1.5156919215134717,0.5395476783983487,1
-0.265838791915379,0.34020997686833787,1.3581210958672605,-0.2943477235272498,-0.1504631251704999,-1.2476277991437925,0.4172216458209197,0
-0.11754216732813036,0.6700792422021898,0.5080791051990653,-0.45615619611535785,0.6886029431051817,0.7096618656378763,0.27374463103542096,1
0.829519042024073,-0.3748414628976096,0.19526303147977275,0.43765567353430623,-0.23986504249299267,1.6711212285632473,0.8101960971108351,0
-1.993060371054156,0.7562481636298061,-0.21768469343465674,0.6108449164108543,-1.36954545548389,0.4934319881836954,0.015632406586818078,0
-1.296472328074761,0.37884260345839443,-0.38380092570774543,-0.4342004332588856,-1.5915737452639875,-0.040342386534012425,0.057832746234681195,0
-1.4821853974428207,-1.2348130869114786,0.2882190630903242,0.7903934769661722,-1.397087995168611,-2.1951837465222086,0.269218752797347,0
-2.3336161198483047,1.4423047911862443,-0.25237412498448336,0.9795853411559731,-1.9142048780151373,-2.0224470560434793,0.004455276237238078,0
-0.6782644401551767,-0.5007447437569161,-0.04257862104444418,1.291686465658673,-0.6979270846629835,0.12940953689586895,0.3147331482884173,0
0.7494338997277404,-1.6550953431851838,0.07859870611503737,1.7783209067198225,0.3218672519491615,-0.35806266957117455,0.937371198028619,1
-0.28488406638257474,-1.0450437095863023,-0.6780715284934992,-0.8664161386594389,-0.2104198726175645,-1.105835182152118,0.5115641423418749,0
0.19779008194185213,-1.021045160678322,0.5321293738814383,0.01389820933251119,-0.09252244352737118,0.06553258083005072,0.8150545496910659,1
1.0892174967107926,0.05217331865753347,2.9142446484154196,0.011277696618660139,0.15880729934872573,0.11513136750780958,0.9793097748916502,1
1.3276861322676916,-0.2738505055462372,-1.7769866393260751,-0.0980735685325076,1.346705924836018,0.9444158685402726,0.5362392248489578,0
-0.06913793472613955,-0.33683196764059287,0.3240125241899799,-0.6492629196101362,0.2869390241723916,0.13660228301270078,0.5354689515043153,1
1.3535858895693973,0.6197019654824789,-0.7601900886189056,-1.4855620032310715,1.394617856687249,1.2283943683343845,0.5370999574252071,0
0.09212665843410921,0.3398753611927038,0.57740257751925,0.0926794460290038,-0.6242355294932549,0.007994029548813363,0.44555107820893797,0
-0.8373982238274621,0.31604787064428624,0.04655747332786092,-0.7683556595479125,-0.49353549920772866,-0.11533499480733611,0.1292994703681288,0
-0.5944003521987352,0.40982845732869266,0.7618547740424635,0.085993480747625,-0.14160977903593586,1.0643121862471823,0.21396492439518233,0
-1.4805365125650163,0.6161346680022383,1.1755065765087795,-0.7940435416988534,-1.5744433152215755,-0.9784408800414345,0.05333519526345345,0
-0.8881338537336524,-2.107953341777443,0.19242111776818133,-1.0996583458443414,-0.6619724286182811,2.8144474532661614,0.7044755507770084,1
-0.35801668807442916,-0.3644382522644612,1.1320522884141782,0.2342983603768977,-0.32083250644548644,0.3752574781667358,0.545992216283812,1
0.8035850193786016,-2.180210064489474,-2.3442978937886774,0.15092152680649595,1.4316565608896699,0.3808292528376731,0.7904575406108147,0
1.7207698311659838,0.03605992679779541,1.5904522979160232,0.579281971320933,2.1566005900301457,0.5250959739725976,0.9785771583132407,1
-1.38218151537704,-0.00463297222434532,0.3750621518923401,2.1858637664176253,-1.7855965135313705,1.8771364753316424,0.0966821340232419,0
0.39282746825991893,1.0455322747896802,1.0778433557451819,0.2772895312108468,1.4168877537725346,0.7925074116726066,0.45603570921236425,1
-1.0405439391575344,1.1876343927211208,-1.2198757448415216,0.4850817670641296,-1.1922595288871465,-1.6050559790039236,0.02412339766613519,0
0.47469708846320197,0.20277504825236733,-0.8307698816053357,-1.0775613288673254,0.7973257987947431,1.4034703847675043,0.36970747288523526,0
-0.1310866506877266,-0.5003610773968998,0.14593829414477413,-1.2869074405363745,0.338409103372884,-0.3408965794450173,0.5313131775424161,0
-1.8309058258475304,0.48516111254573785,-0.017037889337463016,1.5828294467733337,-1.8212399714644607,0.10715507283932346,0.027490892773284863,0
0.9282969915684843,-0.5279176373243135,0.2830685880099896,-0.9234797799333037,0.9181932509039579,-1.2792539721752665,0.8644582656263607,1
-0.605000712808731,-0.001392651443348899,1.0845151609299661,-1.043944071468642,-0.502140719526277,0.5262020181238957,0.3352024810648491,1
-0.5339002383735546,0.9861363169607678,-1.7652203153028492,-0.03909892121655298,-0.15097667669559012,-0.6513742900675522,0.04031070833812353,0
-1.06975241128969,-0.5577713459894236,0.9738190717173091,-0.09019241337738836,-0.6985117723959859,0.10016963799347375,0.29169668989188485,1
-0.6542832766875555,0.8056786392425009,0.008281909957927018,-0.9025065064432917,0.04764031090094456,-0.284099005360783,0.0978616958626914,0
0.4278904406949172,0.6774013686923024,-0.20378186112454774,-0.3049732187131,0.35484762493691596,1.9250128017358519,0.34010468931252286,1
-0.18924434093640552,-0.9547918171308215,-1.4711152343848903,1.2293757176501043,-0.21747658694414418,1.9822603001455896,0.3981885511222703,0
0.32866200228248105,0.973894128217401,0.503048668376865,-0.8059936088317976,0.739725406587592,0.046513170214741384,0.3486216398750939,0
0.3619218539288437,0.6985663453715051,-2.414107851031037,-1.3936724843661716,0.5326195746330042,0.06397771136885474,0.08194836297671723,0
1.320661655528167,0.10192588737265744,0.6483940112387127,0.9425936208997923,1.3198122690905247,-0.37344296634951507,0.8892672348352862,1
-0.3427861508643793,-0.7623234580276522,-1.492105835472992,0.4922969119380367,-0.556153615664653,1.1060062915027862,0.3073860271611962,1
-1.4768578168457318,-0.85920601857557,0.053457912617474034,-0.6205186206486616,-1.5780116142636123,-0.32891987033337716,0.1841700078018745,0
1.067222416571983,-0.5376625769030224,-0.11916883732792043,-1.582167016126918,0.5449418479652715,-0.4213372746456993,0.8463856426662401,1
-0.3314881720972547,0.54259446329196,1.1695381472938837,-0.7446233564385631,-0.5279857526292059,0.9785928636649645,0.311875931129975,0
1.114592444577377,-0.9556251674013979,-0.17865516901389017,-0.05470443684927131,1.1897340043268443,-0.5382990953166494,0.9001794628947658,1
0.3833771131824704,0.4375122486198699,-0.6941385611456656,1.165672089883819,0.7267256575191761,-0.03775503444853058,0.3068342292843382,0
-0.13113753020334493,-1.2417555288783926,-0.506602695971203,-1.036581974869657,-0.16816177794208886,-1.5813107815109928,0.639959033564637,1
0.3487758940462951,-0.20406858443884895,1.2728827687546636,-0.08451988151147344,0.90549547900568,0.7041903451231669,0.7906363482114674,1
1.9510125601262995,0.10964775457400863,0.5362969691808936,0.675144659894898,2.079070647289033,1.9408669391818687,0.9508765093261691,1
2.076980529053753,2.4451301450589167,-0.3856299815231613,-2.3812673401219207,1.6672649091705576,0.7212253727997919,0.35407517482973666,1
0.0693811351327787,-1.3773156555203674,-0.23644641996451343,1.0337861679388998,-0.31781544584478405,1.461799167547305,0.7643583034752608,0
0.1601905933170753,1.4720145664901334,-1.567177090585447,-1.1824505722064373,0.8290624372337996,-0.8461021361773309,0.052552081734102786,0
1.0762401574663856,0.14984241398728004,0.388474200851541,0.3319954934569346,0.7797223101370054,0.2363242820282007,0.8014307348080372,1
-0.8456610327673472,0.41117191801596314,-1.7598157076954657,0.24668314961074406,-0.5774714361815718,-0.9431599243693896,0.05620599406965276,0
0.3330703726182551,0.11834791338820451,0.7517964658354561,1.084586391463845,0.09698051794073545,-0.22776554558134285,0.633699289328062,1
-0.0258628479538564,0.444726818195233,0.12862159249126584,0.5509243808935403,-0.4198027827991312,0.7722114773525048,0.3065784221618088,0
0.3139082114575536,-0.15368510436201774,2.3869517995739225,-2.377290491729981,-0.4254565850487162,0.10182061310329862,0.8829579585903637,1
-0.8333688059494058,1.4540501814574582,-1.1001355537243058,-0.7847792471559913,-0.3402358588612746,-1.4126410226012216,0.023743282723868383,0
-1.589567493308969,-0.4564711442247224,-0.10266209104063294,0.13820512935328008,-1.5447060942352058,-1.3150291055377534,0.10378449400585424,0
-2.0729834359912918,1.1322345721792477,1.7982877009230627,-0.19497988611978695,-0.17794852394489813,-1.3811639314907738,0.011879811534509467,0
-1.1173841129896078,-0.6443671202130229,1.1913896402914144,0.47761072975677044,-1.3267711969178215,0.4914525899395903,0.31268606057463644,0
-0.458675284939333,-0.06025184640128695,-0.6962120515798997,0.7893665556697054,-0.9098285774461163,2.0638945356566682,0.21106903534701166,0
-0.2931915866487618,-1.0719625522902192,0.22396742837344774,0.6084517364296791,0.00966873203947713,1.3624582440002129,0.6426286565580442,1
1.9372311624295169,0.4550237203475199,0.001999356415087233,-0.21427494255446522,2.1411144373574205,-1.8959851991460643,0.8741295945477027,1
1.1059933699072981,1.4451259569265338,0.2819558673941572,-1.8463370111204804,0.8585603730549233,1.421075938069784,0.4633227932251736,0
-0.9620911163416273,-0.07735617982085408,-0.6986804359848298,-0.4554812488548173,-0.46405924817194705,0.9364004170146472,0.12541006582513645,0
0.34770845245095694,-0.19688569870390954,-0.08932040270073452,0.4163681481389552,-0.5688149985182017,-1.5452999455287577,0.5780499113495408,1
-0.4070782363503251,-1.1146169630679268,-1.5980523752767137,-1.0904472525504776,-0.6101888728240388,-0.3032016167104975,0.3694551594672368,1
-0.28436383804009513,-0.2292926535523081,0.13512345186808206,0.6312747301215763,-0.6963999566419765,1.0955224114958095,0.3964170117088158,0
0.18532564941538202,-1.5927942597215277,0.45002067342183205,0.9083932972673044,-0.71377639541501,0.5504335109347853,0.8873345347991474,1
0.6191711169753933,-0.9128779867188273,-0.227419412643884,0.12686697629584257,0.5170194430422941,-1.3090950523879856,0.8044876872465926,1
-0.33925848388401536,0.22678604610913541,-1.6150508905847878,-3.063779866312396,-1.2637162926377066,0.6107421557961942,0.11758179245761198,0
1.0638515327343585,1.3190131977413961,0.9885318628514624,-1.2780883627118034,0.202900464811417,-2.1375005960805877,0.6413384283168159,1
-1.141938226142404,2.809210861229503,0.3645250379928023,1.8861891585560817,-1.0981908769128412,-0.22282217575721136,0.006038589577071276,0
0.006339062362268442,-0.5865850850709007,-0.7260150977009768,-0.546537793028378,-0.369324329406283,1.1379567694000488,0.4652322271697996,0
2.5976737265958323,1.43530015664544,-0.28060044683806395,-1.984143223128996,2.1266391209400544,0.018394215571319834,0.8024082255915804,1
0.2230797426252751,0.2437524804016479,-1.5006694027818388,1.2352473883102724,0.30482089332507234,-0.4989375499619459,0.20327058835948852,0
1.4332145066061728,-0.15124764674637586,-1.0254101277779044,0.013355591543672855,1.4771203156255852,0.8893462537723492,0.7043649948557733,1
0.09152017817320818,0.4325944517261522,-0.5378113463571395,1.1049404889577255,0.40721281335061127,0.9747518150865815,0.2541382437832304,0
0.5807770953297967,0.06191648367995918,1.2284208122801512,0.2769586752193653,0.9489485767099689,1.3100396928669502,0.8018275625841944,1
-0.056783194392691534,0.11039572561221853,-0.6395033908874757,0.4585591362121688,-0.043450675798593026,0.8743424284463873,0.2757005379860512,0
-0.17040758116420443,-0.4083331628266692,0.6402136593287587,0.3630092477145166,0.008754419494348048,1.0813747939371465,0.5649697713479344,0
-0.7794823967254196,-1.3981096597988507,-0.5383162028615798,0.697488311921,-0.35443063168042865,0.7329085574375346,0.470676962722904,1
0.4303013589575532,-1.5436252025220816,0.24794756085187486,2.2774304485560983,0.38647153304412646,0.26552864911647195,0.9035184656025457,0
-0.8515371891857679,0.653244883281227,-0.14139550214380217,0.9710063359591881,-0.8173903313520092,0.08950899976381409,0.08334315276683517,0
0.6655852363134291,-0.2767000900857134,0.8730566000927434,-1.580339317845535,0.3495897867821752,-0.237259719097402,0.8383583629873542,1
1.08528700444591,-0.5960888996561666,-0.5348113382185579,0.4466615152789034,0.446063974085948,-1.2123682930597257,0.8047789398274849,1
0.36653140723722993,0.008505626723153567,-1.572528250002441,1.1414807681032177,0.4646261288873458,-0.9553115088198088,0.27001439530359755,0
-0.28624873355569186,0.7949322529156275,-1.3819490313636327,1.202700806536146,-0.2569933785050889,-0.28201448193520967,0.07737177347663957,1
0.4539655793086961,0.1803639430263982,-0.5318774939427574,-0.42660498305909955,0.04204599669497788,0.2414521596024293,0.4242740112191152,1
-0.3086730555464126,-0.6560549366409674,-1.2490599706780527,1.1649444451881277,-0.5295149603558762,1.4408125980042632,0.31894726938464224,1
0.9355471254651493,1.2262929556489497,0.4102120156795513,0.9277423995512052,0.15698091659660718,-0.04179722787551253,0.48972330025712574,1
-1.8314060842151236,1.579185502981632,-0.4657681648580778,2.57251743696973,-0.933075959604603,1.003476290877664,0.0073105541414034,0
-0.3356073681186462,0.4945566553228533,2.3746065500264315,-0.7500017362485115,-0.21632757479968026,1.0793156564321207,0.4847271418477309,1
-1.9908119951239978,0.9736635113440901,-1.737714595137132,-0.5074005764004252,-1.8813690051509697,-0.231446797688791,0.009746630990753586,0
-1.495060830227205,1.241959996813811,0.20363317870980122,-0.3061190484599539,-0.7574491353494957,0.5946902113701839,0.0200388187251045,0
1.3638622298139094,1.1300993164045137,-1.127953023505669,-0.4902221500387753,0.7706947079529642,-0.2435280417248615,0.31221664460467663,1
0.895184981971686,0.6140991771126236,-0.4934013403826786,-0.890020749763603,0.038463454323259816,1.3221358940784769,0.45280886303603896,0
-0.7194802332847904,0.5983470470748828,0.14141947334054417,-2.762675505673743,-0.08006014481498291,0.6358433382659322,0.11765153366168186,0
-1.502503456040897,0.5196605733465026,-2.325371374874287,-0.4346994737231341,-1.3685712373354237,-1.1904837546883553,0.02265937785828956,0
-2.964528837841651,-1.0973376745470436,0.23682611678802748,0.36935805969990443,-2.4074012189751937,0.16152465215384673,0.032039834558805984,0
-0.5434955079326346,0.7007231568595857,1.9029074622741677,-0.4932218455059107,-0.38909062179234605,1.6481121618238797,0.27576523781497975,0
2.4204150122474024,-1.355813971126554,-0.45343829836859284,1.9353811835291097,2.329476409441104,-0.18123103454670117,0.9844752880720642,1
0.4348842714636474,-0.7945994551250549,0.2598078568055095,0.013375812715862578,0.3351799844875758,0.44771503009506813,0.8008305268536705,1
-0.5595722860494895,1.3035650678080875,1.0249216931253993,1.2910290551841355,-0.9592819213024707,0.5458788377391453,0.10548999383740568,0
0.46508020950030626,0.8402201626941975,-0.16395350002699655,0.26142041272996835,0.5935548089757108,-1.0366228991646005,0.31701592358462083,0
-1.5609583529944429,1.4873982896858626,-0.5809601885314832,0.826407309893258,-1.388964140663608,0.5107079492135139,0.011264083055493767,0
-0.29732336269763543,-0.27167438368729224,-2.2757364037217522,0.27924155393356226,0.6265732651650333,-1.3938351520346257,0.14445574836899303,0
0.09947747301573849,-1.1522488412767675,0.6409907193949733,1.3687846319035628,0.07410422986275329,-0.6256241064013961,0.8251899296297401,0
-0.08610065182104851,-0.24043719707034283,-0.11316840972889723,0.05593935013240072,-1.0703414629201862,1.075722967494192,0.43303803234473864,0
0.7908061216900806,0.1020312972405742,-1.0126838513881617,0.4961207080887857,0.7539188287376137,0.356756290308358,0.45533915382997187,0
0.34464522623605237,0.07898871634000969,0.12659671027769356,0.3663329336500437,1.1335529261941422,-0.304477807746527,0.5379504089279424,1
0.668326018107997,1.1336804787567016,-0.5836803568061814,-0.2882854581273188,1.210408643426423,0.44646102124518744,0.23838135370673708,1
-0.6883722822307594,-0.36127042500344553,-0.5284261311155256,0.4049823189246768,0.3076502182673848,-0.060092247755131445,0.2341154034470414,0
0.8978154084105481,0.35203447180292424,0.6062911561087082,2.234386246197682,0.21446947288625245,0.012578502351833248,0.7459573643830124,1
1.6289369476239914,-0.9886271494346061,-1.3383824113238445,-0.270396942095442,1.6321712889075441,0.6568185267201376,0.849910094552592,1
-0.9701495196514126,0.450317278043813,1.0473152860737585,0.4194648928532483,-1.0525096826200797,-0.7273677406591319,0.13612672376756252,0
-0.8876956557145598,0.003108550185636745,-1.3976861631184037,1.2577789508694428,-0.5648415120483038,0.040336405554690695,0.09629822227082462,0
1.3357843363202329,-0.7498133382845175,-0.6627014083552638,1.1402532809442802,0.4290096593072952,-0.3122681946066529,0.857796793907713,1
-0.19134398669506028,-0.2358293621748528,1.9229461940665773,0.011716417719365251,-0.43351308421851753,-1.5856033746002556,0.6903345821120742,1
1.403821392066557,-0.18417574651522164,1.1273547616424222,-2.3833887029573617,0.7485550302362909,-0.9204557562492998,0.9537250614909539,1
-0.4425357118921839,-0.2701551293370962,0.09760399249544019,0.5167028186484662,0.07244809214503939,1.5682064470638322,0.3478838339106136,1
1.4550455762707113,1.7713412422676835,-0.9405302155012165,-2.2194742586230527,1.4516077869543784,0.38472331458523407,0.22605900887046992,0
0.13148581680545218,-0.09844600230787963,-0.5292723066998932,1.469937230941231,0.22318324080295848,-1.3235883014013892,0.39949790413950764,0
0.2582288233226952,-0.24389611017733773,0.0732753145856964,0.16947387119326057,-0.4140180206329021,-1.5403543758484106,0.5883798354437101,1
1.5647180216699044,-2.0974509576101417,0.03752323233959842,0.999674019871989,1.0333007709750544,-0.11216390011058394,0.9875065442072319,1
-0.36177047744417123,-0.8942073519794773,-0.09087092962596285,-0.9021111381810512,-0.6070802754073552,1.5611865331764823,0.525708250184258,1
-0.9411220959249583,-0.26307342445635284,-0.03083251408418433,-1.5525074733000543,-0.3144874814311978,-0.18675813480435263,0.1938977800394419,0
-0.44856420802835434,-0.6858526761766428,-0.2143751097051141,0.2607543841411672,0.19376002774646733,1.306999553404016,0.41897291568592343,0
0.4523339506431387,1.381707593377797,-1.4419787356400129,-0.03360343995614198,0.8146239766962514,0.3519307708186574,0.0844450260721795,1
-1.5657590721805144,-0.16493777539621862,-0.5165107421608328,-0.4915408261571657,-1.514168042873045,0.47125045784589364,0.0714768726887591,0
0.6374709026511215,1.2884442493182524,0.9146240539868465,0.08466128073276377,-0.7546867280419246,-1.3357205093045694,0.45831923128345753,0
-0.5387713176177432,0.061704634050368024,-1.3683342975511175,2.76743589203226,-1.1992113423718318,0.9375229217497576,0.12928547599711632,0
1.1478126607335635,0.037227836421576635,-0.18955551153927852,0.8345255473690577,1.5005916356871665,-0.3349320372736072,0.7491176061209658,1
-2.3942603049004716,-0.08879644771250095,-0.819753928770844,1.049498605863319,-1.9762599513692742,0.8630924536109083,0.022715606297342705,0
-0.7865657751041687,0.0037962516214591325,0.11135042939811132,0.8439368915533556,-0.9277504095474272,-0.814169981986113,0.19086422946070247,0
-1.686468151234102,1.7187950030498593,-0.38863318106681816,1.4794621438521929,-0.5256539813792711,0.1770493475099125,0.007685152141429541,0
-0.8262294663639526,-2.3196107267512183,1.477393664974669,-0.1900716729007449,-0.05035012430321728,0.3520029539376315,0.8550361003164368,1
0.24766590110894313,-2.001545744438679,0.5065831541902538,-2.0547613076752937,0.19675135069561134,-0.15403331657586652,0.9353261325171698,1
-0.1792266254497549,-0.5431708310561139,-1.3118031657772113,-0.1885861330060098,-0.2664513600661044,0.4045451930861567,0.3145081337371554,0
-0.25337756894801494,0.014527881937568883,0.6712280116136986,0.8117357099965018,-0.24947872247691757,-0.26639707519250877,0.4157305663349313,0
-0.1591848713800608,0.6901044247640123,-0.774651856262063,-0.9698003951150737,-0.017165394260685876,-0.6490597530412794,0.13620979136188754,1
0.20338824061994343,0.4730871980274752,-0.5769963713775336,-0.17636595048933035,0.8725624570587812,1.6054833827939645,0.2682492157415075,0
-1.0085360419431078,-0.3842459128805702,0.3138190201071218,-0.6917697430023131,-0.5662916905505787,1.0489528663614422,0.2234563874430589,0
0.7068496408990508,1.0190436932417624,-0.49174741973013475,1.5020292518431304,0.8568502955419017,-0.7608647450481768,0.28833137498004846,1
0.6626659703854839,1.030195403152731,0.8928558163229553,0.7494570154065637,1.0231710268706902,0.5684443055946129,0.5385268579157528,1
0.385037937656101,0.18405783127156553,-0.7745100615133954,0.651540620643959,-0.23757574721891284,-0.742678854701153,0.358622713539771,0
0.5565334427512632,0.9626575724868413,-0.6189465525913632,0.6216013131209713,0.7570879336767666,-1.1846846436623242,0.2425932803996215,0
0.2964180008086595,0.2726452634321288,-0.6563708935481088,-0.037249252552126945,0.0897575610087695,1.0338094413989762,0.32981606824608817,1
2.0350733027310675,-0.5614830267828836,-0.5656387483550389,0.1975562825275035,0.39406213895055586,-1.7040996256474057,0.9302877249051466,1
-0.0870941710525099,0.6978168390000047,1.099191555547813,-1.1851845805323176,-1.0229969221829978,0.9268559135765412,0.3570399994200778,1
-0.30708321833457675,0.11061312257867771,0.6287962936103031,-2.1864419787505676,-0.6884653389343411,-0.2527223125730585,0.36307757167358107,1
-0.7535275803573779,0.001339846754486929,1.709943954012071,0.15008113034502407,-0.3260952324013718,-0.21154660308052864,0.34190537111928976,1
-1.0322626705778368,1.4729535721895743,2.2676442038992546,0.3239902562721444,-0.7229871985302442,0.4097512196232897,0.06587139362674965,0
-1.2444717876010754,-2.4508721285400865,-1.0307170319323398,1.2092645684253776,-0.8503888224717577,0.5811988119942524,0.57803873270217,1
-0.8887973132309185,-1.4176841701595697,0.07041912732728889,1.5713358160823676,0.21132658228582257,-0.8263431768289082,0.505426297317981,0
-0.07068038165207131,-1.18707042637437,-1.176200316643433,1.5699984849989468,-0.624100612925969,0.7177256087500634,0.542124360044882,1
0.3342951284977145,-0.3632606475688056,-0.7776059277482671,-0.9980235932938778,0.23837633699061023,0.1133705380252234,0.49551171046103304,1
0.051142058552161786,-0.2546081697660301,-0.6300825102556694,-0.3522650349497693,0.17535252918033833,-1.2560547928680381,0.4011551760985093,0
-0.765535277429713,-1.5073256477730475,-1.0571548741382744,0.48033429588137955,-0.9054743605145357,-0.1698744835797392,0.4473385325323951,0
0.9001845640199633,-0.9851580323108263,-1.0518872728984137,2.5319046777421774,0.6878854583022959,1.3812790155589258,0.7627379784477847,0
0.7394126723009475,-0.8608416785235702,-0.14428437852025486,1.480099203713916,-0.16541769611224455,1.6765947982456966,0.8308495301387809,1
-0.159648307422017,2.457424092075892,-1.216718418386407,1.1193971619983802,0.5147215672072498,0.7173484576086773,0.015522308901470995,0
-0.652916144664712,1.8017419477471466,0.8421269591376328,-0.3877879555492906,-0.7964136571372292,-1.19034348816837,0.04932183528626562,0
0.5484279208297995,-0.4117494176846493,-0.9177535374175142,-0.8831996311551246,1.325451014772676,0.4906069024558882,0.5489333945265519,1
0.18797358748610446,-0.3635832903067989,2.809568970096392,0.7889078833832395,0.12636674485172356,0.8508609038591928,0.9087886738826916,1
-1.4481272594150476,-1.1492039971882941,-0.45138445096439517,-1.10066126423436,-0.6234713401316534,0.7257079833187221,0.22128661484246914,0
-0.0679802559844049,-1.9081304132252668,0.07201764191705222,-0.23843635098030264,-0.07497148303432315,0.7849542886879182,0.8570946860029308,1
0.26203581207438104,-0.11688018640852403,-1.2953411844660352,-0.11477794900192263,0.18269213453854735,0.3632630792475308,0.3181115285603099,0
-0.8996947864877538,-0.9978519832440257,1.7060917581276394,1.592912089122808,-0.9375842898157188,-0.0724123388305437,0.5543324973233896,0
0.189843392837443,-0.08485053166200977,1.1195006808029162,-0.35469730295967755,0.1959883128429072,-0.6083674959040184,0.6907566162191869,1
-1.4548224852577891,-1.6002058490434774,0.29691587073611253,-2.4392496385726155,-0.9480174514570203,-1.8979355185014963,0.369526065624939,1
1.3361861000121709,-0.7619744583102578,-1.3468025487795656,0.5044446476624683,0.6492232459972973,0.33964176671335083,0.757390185136018,0
1.2479499850594318,0.14862709530283086,0.21066687772462028,-0.6990218531039264,0.879692501657626,0.18605284365218855,0.8162680993854518,1
-0.25251733430296475,0.3662095977839374,-1.121431046017255,0.042631024437746814,-0.46393249045292473,0.5575758428248162,0.14240874830699954,0
0.36345433783907316,0.41747195874201454,1.4623552634733608,-0.08670470084212364,1.3074395847059823,-1.3375436932928941,0.6857494649675053,0
-2.409921965799875,-1.3204889841570373,0.8091947318531727,-0.2737039958177683,-1.8478203208101347,0.6450166893150603,0.09217422195592882,0
-1.1563476602653329,0.8546857301355617,0.09543903848773612,0.7903405817847039,-0.17190627693554794,2.054545094620777,0.04856133896924982,0
-0.2937789201521298,-0.8002116966018503,-2.4363756632473224,-1.5328648783527072,-0.3083642389775571,0.07845013077791134,0.22089794948851638,1
-1.0721330214268592,0.6328579146073064,-0.9834159786590306,-0.5170142249543602,-0.6874203273794357,-0.06166531920654083,0.04706524164265451,0
0.7143964826306588,-0.010638676618193147,0.6877611315998724,0.6840379131173813,-0.05881647026737713,0.309002356085701,0.780398071617776,1
1.997296530747994,-1.3763874990779479,1.2128836917231558,-0.6140847753443682,1.2967897317204564,2.032337024710338,0.99602173026699,0
-1.176614719429302,-0.31619770458118795,1.1091698114921316,-1.6088067092699718,-0.7877204377168154,-1.023647761699891,0.2145405637053906,0
-0.8374634040851927,0.3653637420637676,-1.5920130022414554,0.6685553432567358,0.0856041708680455,0.20320693339390494,0.06380540005262791,0
0.23544836830993032,0.612965380474599,0.30155230681290407,1.123094630441539,0.27647852618676977,-0.7996574222976441,0.37759917371726553,1
1.6111161484996208,-0.14098789744441861,1.0155152164829295,-0.04499520764300634,1.8310112739115652,-0.547004720844995,0.9614826462287904,1
-1.2223743125399031,1.5317788906010528,-1.6583355655822452,-1.9608455984695325,-0.6284526348136132,-0.04959030788193934,0.011485364270817441,0
0.24903612230694197,1.007510770986559,-0.007904515373236347,0.7059697466988162,0.9191076944893152,1.3473232416135588,0.23991144470771616,0
1.8212988508131087,-0.25665411639975283,0.27384239830845625,-1.659887881419688,1.3394051403225566,1.8009906006887368,0.9472860179149702,1
-1.6517591481792673,0.7501218121369445,-0.3007645848467349,0.3087992768481657,-0.16321914134113857,0.4481421446267063,0.02462667319241298,0
-1.281069206845832,1.9337934851881868,-1.8521618554012016,-0.8874638247421598,-1.1792301964457295,-0.3765947230234853,0.006418502947328385,0
-0.42360660646083825,1.960484600783027,-0.3256981100737287,-1.1598392857669653,-0.6626127802345797,2.4927388666385184,0.03242075030598689,0
-0.520588412855411,-1.2279998808224974,-0.327305430255024,-0.4419100170796902,-0.9349650920016237,-0.4275544813295202,0.5342452980477044,1
0.8126012877536446,-0.9265331111571506,-0.1480724045477542,-0.18329755642725984,1.658412068016365,-0.5711359143597373,0.8541411297618441,1
0.24165971982083806,1.484918786733851,-0.5634714254250696,-0.6442082503864482,0.5499961975436825,-1.7749430445787269,0.10836530659593493,0
-1.7749620596421283,-1.0582810508376372,-0.4430121532414673,0.5887032782151507,-1.481575874752735,1.3960915692447435,0.14208893978617212,1
